group,label,fold,bags,teacher_rows,accepted_rows,ambiguous_rows,missing_rows,coverage
0448e10aab8a0e05,30618,fit,2,23898,23353,0,545,0.9771947443300695
0d4506540f0e7621,30639,check,1,12873,10349,3,2521,0.8039307076827469
0f36b619fba02a9b,30618,fit,4,48512,45664,0,2848,0.9412928759894459
1cff0aebccb39ff5,30618,fit,2,23459,21865,0,1594,0.9320516646063345
1e811c142a49aa16,30618,fit,1,232,212,0,20,0.9137931034482759
2b1581126a480c0f,30618,fit,2,23749,22800,25,924,0.9600404227546423
49fc4c6fb44fd0ea,30618,check,1,283,251,0,32,0.8869257950530035
4a5f0d46327316bb,30618,fit,2,25544,24324,2,1218,0.9522392734105857
4ca08ed0da0cb611,30639,fit,1,12153,10516,7,1630,0.8653007487863079
58dd5f96d4201195,30618,fit,4,47262,45114,0,2148,0.9545512250856926
5c1be3e9a2189121,30618,fit,3,1127,1003,0,124,0.8899733806566105
6090ff2c1bc8dee6,30618,check,2,24241,22783,1,1457,0.9398539664205272
8232b134be2a5002,30639,fit,1,11448,10689,0,759,0.9337002096436059
86c32e441a296aaa,30618,check,4,0,0,0,0,
8ff91290187a9769,30618,fit,4,0,0,0,0,
95a748306e6cbf16,30618,fit,4,0,0,0,0,
96d0ec5b7ee50e7e,30618,fit,1,141,123,0,18,0.8723404255319149
b8fda5f0647666fb,30618,fit,2,23057,22010,12,1035,0.9545907967211693
bc1e4cbe924a90ce,30639,check,2,24146,21134,5,3007,0.8752588420442309
bc403256f12f9710,30618,fit,4,42998,39726,478,2794,0.92390343736918
bf69dbfe85be52b0,30618,fit,4,0,0,0,0,
c8a1e61d1b0710e9,30618,fit,4,0,0,0,0,
dc785decbed3d7ce,30618,check,2,24837,23486,0,1351,0.9456053468615372
de891506667c23f9,30618,fit,1,10944,10109,0,835,0.923702485380117
e894436afa9dd9f1,30618,fit,2,24101,22847,4,1250,0.9479689639434048
eeabf7d118bbcdac,30618,check,2,23746,22510,0,1236,0.9479491282742356
f28fe86416cc8dc2,30639,fit,2,21807,21401,40,366,0.9813821250057321
