t,v,s,pvv,pvd,pdd,active,added,gain,d,mode,front_status,rear_status,front_t,rear_t
42.820133437,0.0,0.0,1.0,0.0,0.0,False,0.0,0.0,0.0,WAITING_FOR_INITIALIZATION,MISSING_OR_STALE,MISSING_OR_STALE,,
42.870133437,0.0,0.0,1.0,0.0,0.0,False,0.0,0.0,0.0,WAITING_FOR_INITIALIZATION,MISSING_OR_STALE,MISSING_OR_STALE,,
42.920133437000004,0.0,0.0,0.010000000000000002,0.0,0.0,False,0.0,0.0,0.0,INITIALIZED,ACCEPTED,ACCEPTED,42.808092209,42.808092209
42.970133437,0.0,0.0,0.014999999999999718,0.0,0.0,False,0.0,0.0,0.0,MODEL_ONLY,DUPLICATE_OR_OLD,DUPLICATE_OR_OLD,42.808092209,42.808092209
43.020133437000005,0.0,0.0,0.006666666666666684,0.0,0.0,False,0.0,0.6666666666666683,0.0,FUSED,ACCEPTED,ACCEPTED,42.902071724,42.902071724
43.070133437,0.0,0.0,0.0116666666666664,0.0,0.0,False,0.0,0.0,0.0,MODEL_ONLY,DUPLICATE_OR_OLD,DUPLICATE_OR_OLD,42.902071724,42.902071724
43.120133437,0.0,0.0,0.006249999999999923,0.0,0.0,False,0.0,0.6249999999999922,0.0,FUSED,ACCEPTED,ACCEPTED,43.010032285,43.010032285
43.170133437000004,0.0,0.0,0.01125000000000035,0.0,0.0,False,0.0,0.0,0.0,MODEL_ONLY,DUPLICATE_OR_OLD,DUPLICATE_OR_OLD,43.010032285,43.010032285
43.220133437,0.0,0.0,0.006190476190476201,0.0,0.0,False,0.0,0.61904761904762,0.0,FUSED,ACCEPTED,ACCEPTED,43.102013382,43.102013382
43.270133437000005,0.0,0.0,0.011190476190476629,0.0,0.0,False,0.0,0.0,0.0,MODEL_ONLY,DUPLICATE_OR_OLD,DUPLICATE_OR_OLD,43.102013382,43.102013382
43.320133437,0.0,0.0,0.006181818181818205,0.0,0.0,False,0.0,0.6181818181818204,0.0,FUSED,ACCEPTED,ACCEPTED,43.213979035,43.213979035
43.370133437,0.0,0.0,0.011181818181817921,0.0,0.0,False,0.0,0.0,0.0,MODEL_ONLY,DUPLICATE_OR_OLD,DUPLICATE_OR_OLD,43.213979035,43.213979035
43.420133437000004,0.0,0.0,0.006180555555555581,0.0,0.0,False,0.0,0.618055555555558,0.0,FUSED,ACCEPTED,ACCEPTED,43.35593879,43.35593879
43.470133437,0.0,0.0,0.011180555555555298,0.0,0.0,False,0.0,0.0,0.0,STOPPED,DUPLICATE_OR_OLD,DUPLICATE_OR_OLD,43.35593879,43.35593879
43.520133437000005,0.0,0.0,0.006180371352785171,0.0,0.0,False,0.0,0.0,0.0,STOPPED,ACCEPTED,ACCEPTED,43.399927562,43.399927562
43.570133437,0.0,0.0,0.011180371352784888,0.0,0.0,False,0.0,0.0,0.0,STOPPED,DUPLICATE_OR_OLD,DUPLICATE_OR_OLD,43.399927562,43.399927562
43.620133437,0.0,0.0,0.006180344478216741,0.0,0.0,False,0.0,0.0,0.0,STOPPED,ACCEPTED,ACCEPTED,43.505900357,43.505900357
43.670133437000004,0.0,0.0,0.011180344478217169,0.0,0.0,False,0.0,0.0,0.0,STOPPED,DUPLICATE_OR_OLD,DUPLICATE_OR_OLD,43.505900357,43.505900357
43.720133437,0.0,0.0,0.006180340557275552,0.0,0.0,False,0.0,0.0,0.0,STOPPED,ACCEPTED,ACCEPTED,43.603868137,43.603868137
43.770133437000005,0.0,0.0,0.01118034055727598,0.0,0.0,False,0.0,0.0,0.0,STOPPED,DUPLICATE_OR_OLD,DUPLICATE_OR_OLD,43.603868137,43.603868137
43.820133437,0.0,0.0,0.006180339985218057,0.0,0.0,False,0.0,0.0,0.0,STOPPED,ACCEPTED,ACCEPTED,43.699840097,43.699840097
43.870133437,0.0,0.0,0.011180339985217773,0.0,0.0,False,0.0,0.0,0.0,STOPPED,DUPLICATE_OR_OLD,DUPLICATE_OR_OLD,43.699840097,43.699840097
43.920133437000004,0.0,0.0,0.006180339901755996,0.0,0.0,False,0.0,0.0,0.0,STOPPED,ACCEPTED,ACCEPTED,43.807811714,43.807811714
43.970133437,0.0,0.0,0.011180339901755713,0.0,0.0,False,0.0,0.0,0.0,STOPPED,DUPLICATE_OR_OLD,DUPLICATE_OR_OLD,43.807811714,43.807811714
44.020133437000005,0.0,0.0,0.006180339889579046,0.0,0.0,False,0.0,0.0,0.0,STOPPED,ACCEPTED,ACCEPTED,43.901787925,43.901787925
44.070133437,0.0,0.0,0.011180339889578762,0.0,0.0,False,0.0,0.0,0.0,STOPPED,DUPLICATE_OR_OLD,DUPLICATE_OR_OLD,43.901787925,43.901787925
44.120133437,0.0,0.0,0.006180339887802349,0.0,0.0,False,0.0,0.0,0.0,STOPPED,ACCEPTED,ACCEPTED,44.009763379,44.009763379
44.170133437000004,0.0,0.0,0.011180339887802777,0.0,0.0,False,0.0,0.0,0.0,STOPPED,DUPLICATE_OR_OLD,DUPLICATE_OR_OLD,44.009763379,44.009763379
44.220133437,0.0,0.0,0.006180339887543235,0.0,0.0,False,0.0,0.0,0.0,STOPPED,ACCEPTED,ACCEPTED,44.101730861,44.101730861
44.270133437000005,0.0,0.0,0.011180339887543661,0.0,0.0,False,0.0,0.0,0.0,STOPPED,DUPLICATE_OR_OLD,DUPLICATE_OR_OLD,44.101730861,44.101730861
44.320133437,0.0,0.0,0.006180339887505432,0.0,0.0,False,0.0,0.0,0.0,STOPPED,ACCEPTED,ACCEPTED,44.215694418,44.215694418
44.370133437,0.0,0.0,0.011180339887505148,0.0,0.0,False,0.0,0.0,0.0,STOPPED,DUPLICATE_OR_OLD,DUPLICATE_OR_OLD,44.215694418,44.215694418
44.420133437000004,0.0,0.0,0.0061803398874999155,0.0,0.0,False,0.0,0.0,0.0,STOPPED,ACCEPTED,ACCEPTED,44.303667881,44.303667881
44.470133437,0.0,0.0,0.011180339887499632,0.0,0.0,False,0.0,0.0,0.0,STOPPED,DUPLICATE_OR_OLD,DUPLICATE_OR_OLD,44.303667881,44.303667881
44.520133437000005,0.0,0.0,0.006180339887499111,0.0,0.0,False,0.0,0.0,0.0,STOPPED,ACCEPTED,ACCEPTED,44.405645708,44.405645708
44.570133437,0.0,0.0,0.011180339887498827,0.0,0.0,False,0.0,0.0,0.0,STOPPED,DUPLICATE_OR_OLD,DUPLICATE_OR_OLD,44.405645708,44.405645708
44.620133437,0.0,0.0,0.00618033988749889,0.0,0.0,False,0.0,0.0,0.0,STOPPED,ACCEPTED,ACCEPTED,44.503617905,44.503617905
44.670133437000004,0.0,0.0,0.011180339887499318,0.0,0.0,False,0.0,0.0,0.0,STOPPED,DUPLICATE_OR_OLD,DUPLICATE_OR_OLD,44.503617905,44.503617905
44.720133437,0.0,0.0,0.0061803398874989614,0.0,0.0,False,0.0,0.0,0.0,STOPPED,ACCEPTED,ACCEPTED,44.603589348,44.603589348
44.770133437000005,0.0,0.0,0.011180339887499387,0.0,0.0,False,0.0,0.0,0.0,STOPPED,DUPLICATE_OR_OLD,DUPLICATE_OR_OLD,44.603589348,44.603589348
44.820133437,0.0,0.0,0.006180339887498972,0.0,0.0,False,0.0,0.0,0.0,STOPPED,ACCEPTED,ACCEPTED,44.699559129,44.699559129
44.870133437,0.0,0.0,0.011180339887498688,0.0,0.0,False,0.0,0.0,0.0,STOPPED,DUPLICATE_OR_OLD,DUPLICATE_OR_OLD,44.699559129,44.699559129
44.920133437000004,0.0,0.0,0.006180339887498974,0.0,0.0,False,0.0,0.0,0.0,STOPPED,ACCEPTED,ACCEPTED,44.80953049,44.80953049
44.970133437,0.0,0.0,0.01118033988749869,0.0,0.0,False,0.0,0.0,0.0,STOPPED,DUPLICATE_OR_OLD,DUPLICATE_OR_OLD,44.80953049,44.80953049
45.020133437000005,0.0,0.0,0.006180339887498974,0.0,0.0,False,0.0,0.0,0.0,STOPPED,ACCEPTED,ACCEPTED,44.905501013,44.905501013
45.070133437,0.0,0.0,0.01118033988749869,0.0,0.0,False,0.0,0.0,0.0,STOPPED,DUPLICATE_OR_OLD,DUPLICATE_OR_OLD,44.905501013,44.905501013
45.120133437,0.0,0.0,0.0061803398874988695,0.0,0.0,False,0.0,0.0,0.0,STOPPED,ACCEPTED,ACCEPTED,45.007474531,45.007474531
45.170133437000004,0.0,0.0,0.011180339887499297,0.0,0.0,False,0.0,0.0,0.0,STOPPED,DUPLICATE_OR_OLD,DUPLICATE_OR_OLD,45.007474531,45.007474531
45.220133437,0.0,0.0,0.006180339887498959,0.0,0.0,False,0.0,0.0,0.0,STOPPED,ACCEPTED,ACCEPTED,45.103448275,45.103448275
45.270133437000005,0.0,0.0,0.011180339887499386,0.0,0.0,False,0.0,0.0,0.0,STOPPED,DUPLICATE_OR_OLD,DUPLICATE_OR_OLD,45.103448275,45.103448275
45.320133437,0.0,0.0,0.006180339887498972,0.0,0.0,False,0.0,0.0,0.0,STOPPED,ACCEPTED,ACCEPTED,45.215418038,45.215418038
45.370133437,0.0,0.0,0.011180339887498688,0.0,0.0,False,0.0,0.0,0.0,STOPPED,DUPLICATE_OR_OLD,DUPLICATE_OR_OLD,45.215418038,45.215418038
45.420133437000004,0.0,0.0,0.006180339887498974,0.0,0.0,False,0.0,0.0,0.0,STOPPED,ACCEPTED,ACCEPTED,45.307394575,45.307394575
45.470133437,0.0,0.0,0.01118033988749869,0.0,0.0,False,0.0,0.0,0.0,STOPPED,DUPLICATE_OR_OLD,DUPLICATE_OR_OLD,45.307394575,45.307394575
45.520133437000005,0.0,0.0,0.006180339887498974,0.0,0.0,False,0.0,0.0,0.0,STOPPED,ACCEPTED,ACCEPTED,45.403372621,45.403372621
45.570133437,0.0,0.0,0.01118033988749869,0.0,0.0,False,0.0,0.0,0.0,STOPPED,DUPLICATE_OR_OLD,DUPLICATE_OR_OLD,45.403372621,45.403372621
45.620133437,0.0,0.0,0.0061803398874988695,0.0,0.0,False,0.0,0.0,0.0,STOPPED,ACCEPTED,ACCEPTED,45.503341299,45.503341299
45.670133437000004,0.0,0.0,0.011180339887499297,0.0,0.0,False,0.0,0.0,0.0,STOPPED,DUPLICATE_OR_OLD,DUPLICATE_OR_OLD,45.503341299,45.503341299
45.720133437,0.0,0.0,0.006180339887498959,0.0,0.0,False,0.0,0.0,0.0,STOPPED,ACCEPTED,ACCEPTED,45.601318681,45.601318681
45.770133437000005,0.0,0.0,0.011180339887499386,0.0,0.0,False,0.0,0.0,0.0,STOPPED,DUPLICATE_OR_OLD,DUPLICATE_OR_OLD,45.601318681,45.601318681
45.820133437,0.0,0.0,0.006180339887498972,0.0,0.0,False,0.0,0.0,0.0,STOPPED,ACCEPTED,ACCEPTED,45.701294386,45.701294386
45.870133437,0.0,0.0,0.011180339887498688,0.0,0.0,False,0.0,0.0,0.0,STOPPED,DUPLICATE_OR_OLD,DUPLICATE_OR_OLD,45.701294386,45.701294386
45.920133437000004,0.0,0.0,0.006180339887498974,0.0,0.0,False,0.0,0.0,0.0,STOPPED,ACCEPTED,ACCEPTED,45.805338275,45.805338275
45.970133437,0.0,0.0,0.01118033988749869,0.0,0.0,False,0.0,0.0,0.0,STOPPED,DUPLICATE_OR_OLD,DUPLICATE_OR_OLD,45.805338275,45.805338275
46.020133437000005,0.0,0.0,0.006180339887498974,0.0,0.0,False,0.0,0.0,0.0,STOPPED,ACCEPTED,ACCEPTED,45.903228244,45.903228244
46.070133437,0.0,0.0,0.01118033988749869,0.0,0.0,False,0.0,0.0,0.0,STOPPED,DUPLICATE_OR_OLD,DUPLICATE_OR_OLD,45.903228244,45.903228244
46.120133437,0.0,0.0,0.0061803398874988695,0.0,0.0,False,0.0,0.0,0.0,STOPPED,ACCEPTED,ACCEPTED,46.005205353,46.005205353
46.170133437000004,0.0,0.0,0.011180339887499297,0.0,0.0,False,0.0,0.0,0.0,STOPPED,DUPLICATE_OR_OLD,DUPLICATE_OR_OLD,46.005205353,46.005205353
46.220133437,0.0,0.0,0.006180339887498959,0.0,0.0,False,0.0,0.0,0.0,STOPPED,ACCEPTED,ACCEPTED,46.103184829,46.103184829
46.270133437000005,0.0,0.0,0.011180339887499386,0.0,0.0,False,0.0,0.0,0.0,STOPPED,DUPLICATE_OR_OLD,DUPLICATE_OR_OLD,46.103184829,46.103184829
46.320133437,0.0,0.0,0.006180339887498972,0.0,0.0,False,0.0,0.0,0.0,STOPPED,ACCEPTED,ACCEPTED,46.215147352,46.215147352
46.370133437,0.0,0.0,0.011180339887498688,0.0,0.0,False,0.0,0.0,0.0,STOPPED,DUPLICATE_OR_OLD,DUPLICATE_OR_OLD,46.215147352,46.215147352
46.420133437000004,0.0,0.0,0.006180339887498974,0.0,0.0,False,0.0,0.0,0.0,STOPPED,ACCEPTED,ACCEPTED,46.305135759,46.305135759
46.470133437,0.0,0.0,0.01118033988749869,0.0,0.0,False,0.0,0.0,0.0,STOPPED,DUPLICATE_OR_OLD,DUPLICATE_OR_OLD,46.305135759,46.305135759
46.520133437000005,0.0,0.0,0.006180339887498974,0.0,0.0,False,0.0,0.0,0.0,STOPPED,ACCEPTED,ACCEPTED,46.399099623,46.399099623
46.570133437,0.0,0.0,0.01118033988749869,0.0,0.0,False,0.0,0.0,0.0,STOPPED,DUPLICATE_OR_OLD,DUPLICATE_OR_OLD,46.399099623,46.399099623
46.620133437,0.0,0.0,0.0061803398874988695,0.0,0.0,False,0.0,0.0,0.0,STOPPED,ACCEPTED,ACCEPTED,46.501065604,46.501065604
46.670133437000004,0.0,0.0,0.011180339887499297,0.0,0.0,False,0.0,0.0,0.0,STOPPED,DUPLICATE_OR_OLD,DUPLICATE_OR_OLD,46.501065604,46.501065604
46.720133437,0.0,0.0,0.006180339887498959,0.0,0.0,False,0.0,0.0,0.0,STOPPED,ACCEPTED,ACCEPTED,46.607042775,46.607042775
46.770133437000005,0.0,0.0,0.011180339887499386,0.0,0.0,False,0.0,0.0,0.0,STOPPED,DUPLICATE_OR_OLD,DUPLICATE_OR_OLD,46.607042775,46.607042775
46.820133437,0.0,0.0,0.006180339887498972,0.0,0.0,False,0.0,0.0,0.0,STOPPED,ACCEPTED,ACCEPTED,46.703023469,46.703023469
46.870133437,0.0,0.0,0.011180339887498688,0.0,0.0,False,0.0,0.0,0.0,STOPPED,DUPLICATE_OR_OLD,DUPLICATE_OR_OLD,46.703023469,46.703023469
46.920133437000004,0.0,0.0,0.006180339887498974,0.0,0.0,False,0.0,0.0,0.0,STOPPED,ACCEPTED,ACCEPTED,46.806996363,46.806996363
46.970133437,0.0,0.0,0.01118033988749869,0.0,0.0,False,0.0,0.0,0.0,STOPPED,DUPLICATE_OR_OLD,DUPLICATE_OR_OLD,46.806996363,46.806996363
47.020133437000005,0.0,0.0,0.006180339887498974,0.0,0.0,False,0.0,0.0,0.0,STOPPED,ACCEPTED,ACCEPTED,46.900956397,46.900956397
47.070133437,0.0,0.0,0.01118033988749869,0.0,0.0,False,0.0,0.0,0.0,STOPPED,DUPLICATE_OR_OLD,DUPLICATE_OR_OLD,46.900956397,46.900956397
47.120133437,0.0,0.0,0.0061803398874988695,0.0,0.0,False,0.0,0.0,0.0,STOPPED,ACCEPTED,ACCEPTED,47.006932709,47.006932709
47.170133437000004,0.0,0.0,0.011180339887499297,0.0,0.0,False,0.0,0.0,0.0,STOPPED,DUPLICATE_OR_OLD,DUPLICATE_OR_OLD,47.006932709,47.006932709
47.220133437,0.0,0.0,0.006180339887498959,0.0,0.0,False,0.0,0.0,0.0,STOPPED,ACCEPTED,ACCEPTED,47.104900114,47.104900114
47.270133437000005,0.0,0.0,0.011180339887499386,0.0,0.0,False,0.0,0.0,0.0,STOPPED,DUPLICATE_OR_OLD,DUPLICATE_OR_OLD,47.104900114,47.104900114
47.320133437,0.0,0.0,0.006180339887498972,0.0,0.0,False,0.0,0.0,0.0,STOPPED,ACCEPTED,ACCEPTED,47.210871321,47.210871321
47.370133437,0.0,0.0,0.011180339887498688,0.0,0.0,False,0.0,0.0,0.0,STOPPED,DUPLICATE_OR_OLD,DUPLICATE_OR_OLD,47.210871321,47.210871321
47.420133437000004,0.0,0.0,0.006180339887498974,0.0,0.0,False,0.0,0.0,0.0,STOPPED,ACCEPTED,ACCEPTED,47.302842792,47.302842792
47.470133437,0.0,0.0,0.01118033988749869,0.0,0.0,False,0.0,0.0,0.0,STOPPED,DUPLICATE_OR_OLD,DUPLICATE_OR_OLD,47.302842792,47.302842792
47.520133437000005,0.0,0.0,0.006180339887498974,0.0,0.0,False,0.0,0.0,0.0,STOPPED,ACCEPTED,ACCEPTED,47.404828672,47.404828672
47.570133437,0.0,0.0,0.01118033988749869,0.0,0.0,False,0.0,0.0,0.0,STOPPED,DUPLICATE_OR_OLD,DUPLICATE_OR_OLD,47.404828672,47.404828672
47.62013343700001,0.0,0.0,0.006180339887498974,0.0,0.0,False,0.0,0.0,0.0,STOPPED,ACCEPTED,ACCEPTED,47.504791442,47.504791442
47.670133437000004,0.0,0.0,0.01118033988749869,0.0,0.0,False,0.0,0.0,0.0,STOPPED,DUPLICATE_OR_OLD,DUPLICATE_OR_OLD,47.504791442,47.504791442
47.720133437,0.0,0.0,0.0061803398874988695,0.0,0.0,False,0.0,0.0,0.0,STOPPED,ACCEPTED,ACCEPTED,47.606775098,47.606775098
47.770133437000005,0.0,0.0,0.011180339887499297,0.0,0.0,False,0.0,0.0,0.0,STOPPED,DUPLICATE_OR_OLD,DUPLICATE_OR_OLD,47.606775098,47.606775098
47.820133437,0.0,0.0,0.006180339887498959,0.0,0.0,False,0.0,0.0,0.0,STOPPED,ACCEPTED,ACCEPTED,47.700734735,47.700734735
47.87013343700001,0.0,0.0,0.011180339887499386,0.0,0.0,False,0.0,0.0,0.0,STOPPED,DUPLICATE_OR_OLD,DUPLICATE_OR_OLD,47.700734735,47.700734735
47.920133437000004,0.0,0.0,0.006180339887498972,0.0,0.0,False,0.0,0.0,0.0,STOPPED,ACCEPTED,ACCEPTED,47.808721823,47.808721823
47.970133437,0.0,0.0,0.011180339887498688,0.0,0.0,False,0.0,0.0,0.0,STOPPED,DUPLICATE_OR_OLD,DUPLICATE_OR_OLD,47.808721823,47.808721823
48.020133437000005,0.0,0.0,0.006180339887498974,0.0,0.0,False,0.0,0.0,0.0,STOPPED,ACCEPTED,ACCEPTED,47.898691991,47.898691991
48.070133437,0.0,0.0,0.005278640450004149,0.0,0.0,False,0.0,0.0,0.0,STOPPED,ACCEPTED,ACCEPTED,48.000653159,48.000653159
48.12013343700001,0.0,0.0,0.010278640450004576,0.0,0.0,False,0.0,0.0,0.0,STOPPED,DUPLICATE_OR_OLD,DUPLICATE_OR_OLD,48.000653159,48.000653159
48.170133437000004,0.0,0.0,0.015278640450004292,0.0,0.0,False,0.0,0.0,0.0,STOPPED,DUPLICATE_OR_OLD,DUPLICATE_OR_OLD,48.000653159,48.000653159
48.220133437,0.0,0.0,0.006697341805517337,0.0,0.0,False,0.0,0.0,0.0,STOPPED,ACCEPTED,ACCEPTED,48.104620748,48.104620748
48.270133437000005,0.0,0.0,0.011697341805517764,0.0,0.0,False,0.0,0.0,0.0,STOPPED,DUPLICATE_OR_OLD,DUPLICATE_OR_OLD,48.104620748,48.104620748
48.320133437,0.0,0.0,0.006254308734986747,0.0,0.0,False,0.0,0.0,0.0,STOPPED,ACCEPTED,ACCEPTED,48.238589106,48.238589106
48.37013343700001,0.0,0.0,0.011254308734987173,0.0,0.0,False,0.0,0.0,0.0,STOPPED,DUPLICATE_OR_OLD,DUPLICATE_OR_OLD,48.238589106,48.238589106
48.420133437000004,0.0,0.0,0.006191101391797894,0.0,0.0,False,0.0,0.0,0.0,STOPPED,ACCEPTED,ACCEPTED,48.304568651,48.304568651
48.470133437,0.0,0.0,0.01119110139179761,0.0,0.0,False,0.0,0.0,0.0,STOPPED,DUPLICATE_OR_OLD,DUPLICATE_OR_OLD,48.304568651,48.304568651
48.520133437000005,0.0,0.0,0.0061819093246946915,0.0,0.0,False,0.0,0.0,0.0,STOPPED,ACCEPTED,ACCEPTED,48.404537944,48.404537944
48.570133437,0.0,0.0,0.011181909324694407,0.0,0.0,False,0.0,0.0,0.0,STOPPED,DUPLICATE_OR_OLD,DUPLICATE_OR_OLD,48.404537944,48.404537944
48.62013343700001,0.0,0.0,0.006180568851574177,0.0,0.0,False,0.0,0.0,0.0,STOPPED,ACCEPTED,ACCEPTED,48.506514687,48.506514687
48.670133437000004,0.0,0.0,0.011180568851573893,0.0,0.0,False,0.0,0.0,0.0,STOPPED,DUPLICATE_OR_OLD,DUPLICATE_OR_OLD,48.506514687,48.506514687
48.720133437,0.0,0.0,0.006180373292615093,0.0,0.0,False,0.0,0.0,0.0,STOPPED,ACCEPTED,ACCEPTED,48.606486024,48.606486024
48.770133437000005,0.0,0.0,0.011180373292615519,0.0,0.0,False,0.0,0.0,0.0,STOPPED,DUPLICATE_OR_OLD,DUPLICATE_OR_OLD,48.606486024,48.606486024
48.820133437,0.0,0.0,0.006180344761233514,0.0,0.0,False,0.0,0.0,0.0,STOPPED,ACCEPTED,ACCEPTED,48.700459181,48.700459181
48.87013343700001,0.0,0.0,0.01118034476123394,0.0,0.0,False,0.0,0.0,0.0,STOPPED,DUPLICATE_OR_OLD,DUPLICATE_OR_OLD,48.700459181,48.700459181
48.920133437000004,0.0,0.0,0.006180340598567128,0.0,0.0,False,0.0,0.0,0.0,STOPPED,ACCEPTED,ACCEPTED,48.810423743,48.810423743
48.970133437,0.0,0.0,0.011180340598566844,0.0,0.0,False,0.0,0.0,0.0,STOPPED,DUPLICATE_OR_OLD,DUPLICATE_OR_OLD,48.810423743,48.810423743
49.020133437000005,0.0,0.0,0.006180339991242416,0.0,0.0,False,0.0,0.0,0.0,STOPPED,ACCEPTED,ACCEPTED,48.902404023,48.902404023
49.070133437,0.0,0.0,0.011180339991242133,0.0,0.0,False,0.0,0.0,0.0,STOPPED,DUPLICATE_OR_OLD,DUPLICATE_OR_OLD,48.902404023,48.902404023
49.12013343700001,0.0,0.0,0.006180339902634938,0.0,0.0,False,0.0,0.0,0.0,STOPPED,ACCEPTED,ACCEPTED,49.002378885,49.002378885
49.170133437000004,0.0,0.0,0.011180339902634655,0.0,0.0,False,0.0,0.0,0.0,STOPPED,DUPLICATE_OR_OLD,DUPLICATE_OR_OLD,49.002378885,49.002378885
49.220133437,0.0,0.0,0.006180339889707178,0.0,0.0,False,0.0,0.0,0.0,STOPPED,ACCEPTED,ACCEPTED,49.104349753,49.104349753
49.270133437000005,0.0,0.0,0.011180339889707604,0.0,0.0,False,0.0,0.0,0.0,STOPPED,DUPLICATE_OR_OLD,DUPLICATE_OR_OLD,49.104349753,49.104349753
49.320133437,0.0,0.0,0.006180339887821146,0.0,0.0,False,0.0,0.0,0.0,STOPPED,ACCEPTED,ACCEPTED,49.214312401,49.214312401
49.37013343700001,0.0,0.0,0.011180339887821574,0.0,0.0,False,0.0,0.0,0.0,STOPPED,DUPLICATE_OR_OLD,DUPLICATE_OR_OLD,49.214312401,49.214312401
49.420133437000004,0.0,0.0,0.006180339887545978,0.0,0.0,False,0.0,0.0,0.0,STOPPED,ACCEPTED,ACCEPTED,49.304292903,49.304292903
49.470133437,0.0,0.0,0.011180339887545694,0.0,0.0,False,0.0,0.0,0.0,STOPPED,DUPLICATE_OR_OLD,DUPLICATE_OR_OLD,49.304292903,49.304292903
49.520133437000005,0.0,0.0,0.006180339887505832,0.0,0.0,False,0.0,0.0,0.0,STOPPED,ACCEPTED,ACCEPTED,49.402263235,49.402263235
49.570133437,0.0,0.0,0.01118033988750555,0.0,0.0,False,0.0,0.0,0.0,STOPPED,DUPLICATE_OR_OLD,DUPLICATE_OR_OLD,49.402263235,49.402263235
49.62013343700001,0.0,0.0,0.0061803398874999745,0.0,0.0,False,0.0,0.0,0.0,STOPPED,ACCEPTED,ACCEPTED,49.506231083,49.506231083
49.670133437000004,0.0,0.0,0.011180339887499691,0.0,0.0,False,0.0,0.0,0.0,STOPPED,DUPLICATE_OR_OLD,DUPLICATE_OR_OLD,49.506231083,49.506231083
49.720133437,0.0,0.0,0.006180339887499017,0.0,0.0,False,0.0,0.0,0.0,STOPPED,ACCEPTED,ACCEPTED,49.604208348,49.604208348
49.770133437000005,0.0,0.0,0.011180339887499443,0.0,0.0,False,0.0,0.0,0.0,STOPPED,DUPLICATE_OR_OLD,DUPLICATE_OR_OLD,49.604208348,49.604208348
49.820133437,0.0,0.0,0.0061803398874989805,0.0,0.0,False,0.0,0.0,0.0,STOPPED,ACCEPTED,ACCEPTED,49.702182746,49.702182746
49.87013343700001,0.0,0.0,0.011180339887499408,0.0,0.0,False,0.0,0.0,0.0,STOPPED,DUPLICATE_OR_OLD,DUPLICATE_OR_OLD,49.702182746,49.702182746
49.920133437000004,0.0,0.0,0.006180339887498975,0.0,0.0,False,0.0,0.0,0.0,STOPPED,ACCEPTED,ACCEPTED,49.81015288,49.81015288
49.970133437,0.0,0.0,0.011180339887498692,0.0,0.0,False,0.0,0.0,0.0,STOPPED,DUPLICATE_OR_OLD,DUPLICATE_OR_OLD,49.81015288,49.81015288
50.020133437000005,0.0,0.0,0.006180339887498974,0.0,0.0,False,0.0,0.0,0.0,STOPPED,ACCEPTED,ACCEPTED,49.902124029,49.902124029
50.070133437,0.0,0.0,0.01118033988749869,0.0,0.0,False,0.0,0.0,0.0,STOPPED,DUPLICATE_OR_OLD,DUPLICATE_OR_OLD,49.902124029,49.902124029
50.12013343700001,0.0,0.0,0.006180339887498974,0.0,0.0,False,0.0,0.0,0.0,STOPPED,ACCEPTED,ACCEPTED,50.004091805,50.004091805
50.170133437000004,0.0,0.0,0.01118033988749869,0.0,0.0,False,0.0,0.0,0.0,STOPPED,DUPLICATE_OR_OLD,DUPLICATE_OR_OLD,50.004091805,50.004091805
50.220133437,0.0,0.0,0.0061803398874988695,0.0,0.0,False,0.0,0.0,0.0,STOPPED,ACCEPTED,ACCEPTED,50.102064267,50.102064267
50.270133437000005,0.0,0.0,0.011180339887499297,0.0,0.0,False,0.0,0.0,0.0,STOPPED,DUPLICATE_OR_OLD,DUPLICATE_OR_OLD,50.102064267,50.102064267
50.320133437,0.0,0.0,0.006180339887498959,0.0,0.0,False,0.0,0.0,0.0,STOPPED,ACCEPTED,ACCEPTED,50.20603935,50.20603935
50.37013343700001,0.0,0.0,0.011180339887499386,0.0,0.0,False,0.0,0.0,0.0,STOPPED,DUPLICATE_OR_OLD,DUPLICATE_OR_OLD,50.20603935,50.20603935
50.420133437000004,0.0,0.0,0.006180339887498972,0.0,0.0,False,0.0,0.0,0.0,STOPPED,ACCEPTED,ACCEPTED,50.30400743,50.30400743
50.470133437,0.0,0.0,0.011180339887498688,0.0,0.0,False,0.0,0.0,0.0,STOPPED,DUPLICATE_OR_OLD,DUPLICATE_OR_OLD,50.30400743,50.30400743
50.520133437000005,0.0,0.0,0.006180339887498974,0.0,0.0,False,0.0,0.0,0.0,STOPPED,ACCEPTED,ACCEPTED,50.401988083,50.401988083
50.570133437,0.0,0.0,0.01118033988749869,0.0,0.0,False,0.0,0.0,0.0,STOPPED,DUPLICATE_OR_OLD,DUPLICATE_OR_OLD,50.401988083,50.401988083
50.62013343700001,0.0,0.0,0.006180339887498974,0.0,0.0,False,0.0,0.0,0.0,STOPPED,ACCEPTED,ACCEPTED,50.503950008,50.503950008
50.670133437000004,0.0,0.0,0.01118033988749869,0.0,0.0,False,0.0,0.0,0.0,STOPPED,DUPLICATE_OR_OLD,DUPLICATE_OR_OLD,50.503950008,50.503950008
50.720133437,0.0,0.0,0.0061803398874988695,0.0,0.0,False,0.0,0.0,0.0,STOPPED,ACCEPTED,ACCEPTED,50.605924713,50.605924713
50.770133437000005,0.0,0.0,0.011180339887499297,0.0,0.0,False,0.0,0.0,0.0,STOPPED,DUPLICATE_OR_OLD,DUPLICATE_OR_OLD,50.605924713,50.605924713
50.820133437,0.0,0.0,0.006180339887498959,0.0,0.0,False,0.0,0.0,0.0,STOPPED,ACCEPTED,ACCEPTED,50.705899854,50.705899854
50.87013343700001,0.0,0.0,0.011180339887499386,0.0,0.0,False,0.0,0.0,0.0,STOPPED,DUPLICATE_OR_OLD,DUPLICATE_OR_OLD,50.705899854,50.705899854
50.920133437000004,0.0,0.0,0.006180339887498972,0.0,0.0,False,0.0,0.0,0.0,STOPPED,ACCEPTED,ACCEPTED,50.809865321,50.809865321
50.970133437,0.0,0.0,0.011180339887498688,0.0,0.0,False,0.0,0.0,0.0,STOPPED,DUPLICATE_OR_OLD,DUPLICATE_OR_OLD,50.809865321,50.809865321
51.020133437000005,0.0,0.0,0.006180339887498974,0.0,0.0,False,0.0,0.0,0.0,STOPPED,ACCEPTED,ACCEPTED,50.901840019,50.901840019
51.070133437,0.0,0.0,0.01118033988749869,0.0,0.0,False,0.0,0.0,0.0,STOPPED,DUPLICATE_OR_OLD,DUPLICATE_OR_OLD,50.901840019,50.901840019
51.12013343700001,0.0,0.0,0.006180339887498974,0.0,0.0,False,0.0,0.0,0.0,STOPPED,ACCEPTED,ACCEPTED,51.007812936,51.007812936
51.170133437000004,0.0,0.0,0.01118033988749869,0.0,0.0,False,0.0,0.0,0.0,STOPPED,DUPLICATE_OR_OLD,DUPLICATE_OR_OLD,51.007812936,51.007812936
51.220133437,0.0,0.0,0.0061803398874988695,0.0,0.0,False,0.0,0.0,0.0,STOPPED,ACCEPTED,ACCEPTED,51.101787868,51.101787868
51.270133437000005,0.0,0.0,0.011180339887499297,0.0,0.0,False,0.0,0.0,0.0,STOPPED,DUPLICATE_OR_OLD,DUPLICATE_OR_OLD,51.101787868,51.101787868
51.320133437,0.0,0.0,0.006180339887498959,0.0,0.0,False,0.0,0.0,0.0,STOPPED,ACCEPTED,ACCEPTED,51.219752084,51.219752084
51.37013343700001,0.0,0.0,0.005278640450004304,0.0,0.0,False,0.0,0.0,0.0,STOPPED,ACCEPTED,ACCEPTED,51.303735544,51.303735544
51.420133437000004,0.0,0.0,0.01027864045000402,0.0,0.0,False,0.0,0.0,0.0,STOPPED,DUPLICATE_OR_OLD,DUPLICATE_OR_OLD,51.303735544,51.303735544
51.470133437,0.0,0.0,0.015278640450003737,0.0,0.0,False,0.0,0.0,0.0,STOPPED,DUPLICATE_OR_OLD,DUPLICATE_OR_OLD,51.303735544,51.303735544
51.520133437000005,0.0,0.0,0.006697341805517353,0.0,0.0,False,0.0,0.0,0.0,STOPPED,ACCEPTED,ACCEPTED,51.405700434,51.405700434
51.570133437,0.0,0.0,0.01169734180551707,0.0,0.0,False,0.0,0.0,0.0,STOPPED,DUPLICATE_OR_OLD,DUPLICATE_OR_OLD,51.405700434,51.405700434
51.62013343700001,0.0,0.0,0.006254308734986749,0.0,0.0,False,0.0,0.0,0.0,STOPPED,ACCEPTED,ACCEPTED,51.501679387,51.501679387
51.670133437000004,0.0,0.0,0.011254308734986465,0.0,0.0,False,0.0,0.0,0.0,STOPPED,DUPLICATE_OR_OLD,DUPLICATE_OR_OLD,51.501679387,51.501679387
51.720133437,0.0,0.0,0.0061911013917977905,0.0,0.0,False,0.0,0.0,0.0,STOPPED,ACCEPTED,ACCEPTED,51.607663849,51.607663849
51.770133437000005,0.0,0.0,0.011191101391798217,0.0,0.0,False,0.0,0.0,0.0,STOPPED,DUPLICATE_OR_OLD,DUPLICATE_OR_OLD,51.607663849,51.607663849
51.820133437,0.0,0.0,0.006181909324694676,0.0,0.0,False,0.0,0.0,0.0,STOPPED,ACCEPTED,ACCEPTED,51.711622154,51.711622154
51.87013343700001,0.0,0.0,0.011181909324695103,0.0,0.0,False,0.0,0.0,0.0,STOPPED,DUPLICATE_OR_OLD,DUPLICATE_OR_OLD,51.711622154,51.711622154
51.920133437000004,0.0,0.0,0.006180568851574175,0.0,0.0,False,0.0,0.0,0.0,STOPPED,ACCEPTED,ACCEPTED,51.811593217,51.811593217
51.970133437,0.0,0.0,0.011180568851573891,0.0,0.0,False,0.0,0.0,0.0,STOPPED,DUPLICATE_OR_OLD,DUPLICATE_OR_OLD,51.811593217,51.811593217
52.020133437000005,0.0,0.0,0.006180373292615195,0.0,0.0,False,0.0,0.0,0.0,STOPPED,ACCEPTED,ACCEPTED,51.899574185,51.899574185
52.070133437,0.0,0.0,0.011180373292614912,0.0,0.0,False,0.0,0.0,0.0,STOPPED,DUPLICATE_OR_OLD,DUPLICATE_OR_OLD,51.899574185,51.899574185
52.12013343700001,0.0,0.0,0.006180344761233529,0.0,0.0,False,0.0,0.0,0.0,STOPPED,ACCEPTED,ACCEPTED,52.005537263,52.005537263
52.170133437000004,0.0,0.0,0.011180344761233245,0.0,0.0,False,0.0,0.0,0.0,STOPPED,DUPLICATE_OR_OLD,DUPLICATE_OR_OLD,52.005537263,52.005537263
52.220133437,0.0,0.0,0.006180340598567026,0.0,0.0,False,0.0,0.0,0.0,STOPPED,ACCEPTED,ACCEPTED,52.103516488,52.103516488
52.270133437000005,0.0,0.0,0.011180340598567453,0.0,0.0,False,0.0,0.0,0.0,STOPPED,DUPLICATE_OR_OLD,DUPLICATE_OR_OLD,52.103516488,52.103516488
52.320133437,0.0,0.0,0.006180339991242402,0.0,0.0,False,0.0,0.0,0.0,STOPPED,ACCEPTED,ACCEPTED,52.233480427,52.233480427
52.37013343700001,0.0,0.0,0.011180339991242828,0.0,0.0,False,0.0,0.0,0.0,STOPPED,DUPLICATE_OR_OLD,DUPLICATE_OR_OLD,52.233480427,52.233480427
52.420133437000004,0.0,0.0,0.0061803399026349355,0.0,0.0,False,0.0,0.0,0.0,STOPPED,ACCEPTED,ACCEPTED,52.361435938,52.361435938
52.470133437,0.0,0.0,0.011180339902634652,0.0,0.0,False,0.0,0.0,0.0,STOPPED,DUPLICATE_OR_OLD,DUPLICATE_OR_OLD,52.361435938,52.361435938
52.520133437000005,0.0,0.0,0.00618033988970728,0.0,0.0,False,0.0,0.0,0.0,STOPPED,ACCEPTED,ACCEPTED,52.405424511,52.405424511
52.570133437,0.0,0.0,0.011180339889706997,0.0,0.0,False,0.0,0.0,0.0,STOPPED,DUPLICATE_OR_OLD,DUPLICATE_OR_OLD,52.405424511,52.405424511
52.62013343700001,0.0,0.0,0.006180339887821161,0.0,0.0,False,0.0,0.0,0.0,STOPPED,ACCEPTED,ACCEPTED,52.501395159,52.501395159
52.670133437000004,0.0,0.0,0.011180339887820877,0.0,0.0,False,0.0,0.0,0.0,STOPPED,DUPLICATE_OR_OLD,DUPLICATE_OR_OLD,52.501395159,52.501395159
52.720133437,0.0,0.0,0.006180339887545877,0.0,0.0,False,0.0,0.0,0.0,STOPPED,ACCEPTED,ACCEPTED,52.607370855,52.607370855
52.770133437000005,0.0,0.0,0.011180339887546305,0.0,0.0,False,0.0,0.0,0.0,STOPPED,DUPLICATE_OR_OLD,DUPLICATE_OR_OLD,52.607370855,52.607370855
52.820133437,0.0,0.0,0.006180339887505817,0.0,0.0,False,0.0,0.0,0.0,STOPPED,ACCEPTED,ACCEPTED,52.701352108,52.701352108
52.87013343700001,0.0,0.0,0.011180339887506243,0.0,0.0,False,0.0,0.0,0.0,STOPPED,DUPLICATE_OR_OLD,DUPLICATE_OR_OLD,52.701352108,52.701352108
52.920133437000004,0.0,0.0,0.006180339887499972,0.0,0.0,False,0.0,0.0,0.0,STOPPED,ACCEPTED,ACCEPTED,52.811308263,52.811308263
52.970133437,0.0,0.0,0.01118033988749969,0.0,0.0,False,0.0,0.0,0.0,STOPPED,DUPLICATE_OR_OLD,DUPLICATE_OR_OLD,52.811308263,52.811308263
53.020133437000005,0.0,0.0,0.006180339887499119,0.0,0.0,False,0.0,0.0,0.0,STOPPED,ACCEPTED,ACCEPTED,52.901285094,52.901285094
53.070133437,0.0,0.0,0.011180339887498836,0.0,0.0,False,0.0,0.0,0.0,STOPPED,DUPLICATE_OR_OLD,DUPLICATE_OR_OLD,52.901285094,52.901285094
53.12013343700001,0.0,0.0,0.006180339887498994,0.0,0.0,False,0.0,0.0,0.0,STOPPED,ACCEPTED,ACCEPTED,53.011252927,53.011252927
53.170133437000004,0.0,0.0,0.011180339887498711,0.0,0.0,False,0.0,0.0,0.0,STOPPED,DUPLICATE_OR_OLD,DUPLICATE_OR_OLD,53.011252927,53.011252927
53.220133437,0.0,0.0,0.006180339887498873,0.0,0.0,False,0.0,0.0,0.0,STOPPED,ACCEPTED,ACCEPTED,53.105230597,53.105230597
53.270133437000005,0.0,0.0,0.0111803398874993,0.0,0.0,False,0.0,0.0,0.0,STOPPED,DUPLICATE_OR_OLD,DUPLICATE_OR_OLD,53.105230597,53.105230597
53.320133437,0.0,0.0,0.00618033988749896,0.0,0.0,False,0.0,0.0,0.0,STOPPED,ACCEPTED,ACCEPTED,53.219195482,53.219195482
53.37013343700001,0.0,0.0,0.011180339887499387,0.0,0.0,False,0.0,0.0,0.0,STOPPED,DUPLICATE_OR_OLD,DUPLICATE_OR_OLD,53.219195482,53.219195482
53.420133437000004,0.0,0.0,0.006180339887498972,0.0,0.0,False,0.0,0.0,0.0,STOPPED,ACCEPTED,ACCEPTED,53.301174749,53.301174749
53.470133437,0.0,0.0,0.011180339887498688,0.0,0.0,False,0.0,0.0,0.0,STOPPED,DUPLICATE_OR_OLD,DUPLICATE_OR_OLD,53.301174749,53.301174749
53.520133437000005,0.0,0.0,0.006180339887498974,0.0,0.0,False,0.0,0.0,0.0,STOPPED,ACCEPTED,ACCEPTED,53.403143162,53.403143162
53.570133437,0.0,0.0,0.01118033988749869,0.0,0.0,False,0.0,0.0,0.0,STOPPED,DUPLICATE_OR_OLD,DUPLICATE_OR_OLD,53.403143162,53.403143162
53.62013343700001,0.0,0.0,0.006180339887498974,0.0,0.0,False,0.0,0.0,0.0,STOPPED,ACCEPTED,ACCEPTED,53.509119854,53.509119854
53.670133437000004,0.0,0.0,0.01118033988749869,0.0,0.0,False,0.0,0.0,0.0,STOPPED,DUPLICATE_OR_OLD,DUPLICATE_OR_OLD,53.509119854,53.509119854
53.720133437,0.0,0.0,0.0061803398874988695,0.0,0.0,False,0.0,0.0,0.0,STOPPED,ACCEPTED,ACCEPTED,53.60309397,53.60309397
53.770133437000005,0.0,0.0,0.011180339887499297,0.0,0.0,False,0.0,0.0,0.0,STOPPED,DUPLICATE_OR_OLD,DUPLICATE_OR_OLD,53.60309397,53.60309397
53.820133437,0.0,0.0,0.006180339887498959,0.0,0.0,False,0.0,0.0,0.0,STOPPED,ACCEPTED,ACCEPTED,53.70306421,53.70306421
53.87013343700001,0.0,0.0,0.011180339887499386,0.0,0.0,False,0.0,0.0,0.0,STOPPED,DUPLICATE_OR_OLD,DUPLICATE_OR_OLD,53.70306421,53.70306421
53.920133437000004,0.0,0.0,0.006180339887498972,0.0,0.0,False,0.0,0.0,0.0,STOPPED,ACCEPTED,ACCEPTED,53.809035171,53.809035171
53.970133437,0.0,0.0,0.011180339887498688,0.0,0.0,False,0.0,0.0,0.0,STOPPED,DUPLICATE_OR_OLD,DUPLICATE_OR_OLD,53.809035171,53.809035171
54.020133437000005,0.0,0.0,0.006180339887498974,0.0,0.0,False,0.0,0.0,0.0,STOPPED,ACCEPTED,ACCEPTED,53.895011884,53.895011884
54.070133437,0.0,0.0,0.01118033988749869,0.0,0.0,False,0.0,0.0,0.0,STOPPED,DUPLICATE_OR_OLD,DUPLICATE_OR_OLD,53.895011884,53.895011884
54.12013343700001,0.0,0.0,0.006180339887498974,0.0,0.0,False,0.0,0.0,0.0,STOPPED,ACCEPTED,ACCEPTED,54.008978996,54.008978996
54.170133437000004,0.0,0.0,0.01118033988749869,0.0,0.0,False,0.0,0.0,0.0,STOPPED,DUPLICATE_OR_OLD,DUPLICATE_OR_OLD,54.008978996,54.008978996
54.220133437,0.0,0.0,0.0061803398874988695,0.0,0.0,False,0.0,0.0,0.0,STOPPED,ACCEPTED,ACCEPTED,54.102952647,54.102952647
54.270133437000005,0.0,0.0,0.011180339887499297,0.0,0.0,False,0.0,0.0,0.0,STOPPED,DUPLICATE_OR_OLD,DUPLICATE_OR_OLD,54.102952647,54.102952647
54.320133437,0.0,0.0,0.006180339887498959,0.0,0.0,False,0.0,0.0,0.0,STOPPED,ACCEPTED,ACCEPTED,54.22092085,54.22092085
54.37013343700001,0.0,0.0,0.011180339887499386,0.0,0.0,False,0.0,0.0,0.0,STOPPED,DUPLICATE_OR_OLD,DUPLICATE_OR_OLD,54.22092085,54.22092085
54.420133437000004,0.0,0.0,0.006180339887498972,0.0,0.0,False,0.0,0.0,0.0,STOPPED,ACCEPTED,ACCEPTED,54.304898236,54.304898236
54.470133437,0.0,0.0,0.011180339887498688,0.0,0.0,False,0.0,0.0,0.0,STOPPED,DUPLICATE_OR_OLD,DUPLICATE_OR_OLD,54.304898236,54.304898236
54.520133437000005,0.0,0.0,0.006180339887498974,0.0,0.0,False,0.0,0.0,0.0,STOPPED,ACCEPTED,ACCEPTED,54.404875602,54.404875602
54.570133437,0.0,0.0,0.01118033988749869,0.0,0.0,False,0.0,0.0,0.0,STOPPED,DUPLICATE_OR_OLD,DUPLICATE_OR_OLD,54.404875602,54.404875602
54.62013343700001,0.0,0.0,0.006180339887498974,0.0,0.0,False,0.0,0.0,0.0,STOPPED,ACCEPTED,ACCEPTED,54.500841279,54.500841279
54.670133437000004,0.0,0.0,0.01118033988749869,0.0,0.0,False,0.0,0.0,0.0,STOPPED,DUPLICATE_OR_OLD,DUPLICATE_OR_OLD,54.500841279,54.500841279
54.720133437,0.0,0.0,0.0061803398874988695,0.0,0.0,False,0.0,0.0,0.0,STOPPED,ACCEPTED,ACCEPTED,54.60282538,54.60282538
54.770133437000005,0.0,0.0,0.011180339887499297,0.0,0.0,False,0.0,0.0,0.0,STOPPED,DUPLICATE_OR_OLD,DUPLICATE_OR_OLD,54.60282538,54.60282538
54.820133437,0.0,0.0,0.006180339887498959,0.0,0.0,False,0.0,0.0,0.0,STOPPED,ACCEPTED,ACCEPTED,54.702788804,54.702788804
54.87013343700001,0.0,0.0,0.011180339887499386,0.0,0.0,False,0.0,0.0,0.0,STOPPED,DUPLICATE_OR_OLD,DUPLICATE_OR_OLD,54.702788804,54.702788804
54.920133437000004,0.0,0.0,0.006180339887498972,0.0,0.0,False,0.0,0.0,0.0,STOPPED,ACCEPTED,ACCEPTED,54.810756299,54.810756299
54.970133437,0.0,0.0,0.011180339887498688,0.0,0.0,False,0.0,0.0,0.0,STOPPED,DUPLICATE_OR_OLD,DUPLICATE_OR_OLD,54.810756299,54.810756299
55.020133437000005,0.0,0.0,0.006180339887498974,0.0,0.0,False,0.0,0.0,0.0,STOPPED,ACCEPTED,ACCEPTED,54.906735004,54.906735004
55.070133437,0.0,0.0,0.01118033988749869,0.0,0.0,False,0.0,0.0,0.0,STOPPED,DUPLICATE_OR_OLD,DUPLICATE_OR_OLD,54.906735004,54.906735004
55.12013343700001,0.0,0.0,0.006180339887498974,0.0,0.0,False,0.0,0.0,0.0,STOPPED,ACCEPTED,ACCEPTED,55.01070202,55.01070202
55.170133437000004,0.0,0.0,0.01118033988749869,0.0,0.0,False,0.0,0.0,0.0,STOPPED,DUPLICATE_OR_OLD,DUPLICATE_OR_OLD,55.01070202,55.01070202
55.220133437,0.0,0.0,0.0061803398874988695,0.0,0.0,False,0.0,0.0,0.0,STOPPED,ACCEPTED,ACCEPTED,55.102676926,55.102676926
55.270133437000005,0.0,0.0,0.011180339887499297,0.0,0.0,False,0.0,0.0,0.0,STOPPED,DUPLICATE_OR_OLD,DUPLICATE_OR_OLD,55.102676926,55.102676926
55.320133437,0.0,0.0,0.006180339887498959,0.0,0.0,False,0.0,0.0,0.0,STOPPED,ACCEPTED,ACCEPTED,55.214649987,55.214649987
55.37013343700001,0.0,0.0,0.011180339887499386,0.0,0.0,False,0.0,0.0,0.0,STOPPED,DUPLICATE_OR_OLD,DUPLICATE_OR_OLD,55.214649987,55.214649987
55.420133437000004,0.0,0.0,0.006180339887498972,0.0,0.0,False,0.0,0.0,0.0,STOPPED,ACCEPTED,ACCEPTED,55.358617017,55.358617017
55.470133437,0.0,0.0,0.011180339887498688,0.0,0.0,False,0.0,0.0,0.0,STOPPED,DUPLICATE_OR_OLD,DUPLICATE_OR_OLD,55.358617017,55.358617017
55.520133437000005,0.0,0.0,0.006180339887498974,0.0,0.0,False,0.0,0.0,0.0,STOPPED,ACCEPTED,ACCEPTED,55.408604042,55.408604042
55.570133437,0.0,0.0,0.01118033988749869,0.0,0.0,False,0.0,0.0,0.0,STOPPED,DUPLICATE_OR_OLD,DUPLICATE_OR_OLD,55.408604042,55.408604042
55.62013343700001,0.0,0.0,0.006180339887498974,0.0,0.0,False,0.0,0.0,0.0,STOPPED,ACCEPTED,ACCEPTED,55.504565316,55.504565316
55.670133437000004,0.0,0.0,0.01118033988749869,0.0,0.0,False,0.0,0.0,0.0,STOPPED,DUPLICATE_OR_OLD,DUPLICATE_OR_OLD,55.504565316,55.504565316
55.720133437,0.0,0.0,0.0061803398874988695,0.0,0.0,False,0.0,0.0,0.0,STOPPED,ACCEPTED,ACCEPTED,55.606535971,55.606535971
55.770133437000005,0.0,0.0,0.011180339887499297,0.0,0.0,False,0.0,0.0,0.0,STOPPED,DUPLICATE_OR_OLD,DUPLICATE_OR_OLD,55.606535971,55.606535971
55.820133437,0.0,0.0,0.006180339887498959,0.0,0.0,False,0.0,0.0,0.0,STOPPED,ACCEPTED,ACCEPTED,55.702508267,55.702508267
55.87013343700001,0.0,0.0,0.011180339887499386,0.0,0.0,False,0.0,0.0,0.0,STOPPED,DUPLICATE_OR_OLD,DUPLICATE_OR_OLD,55.702508267,55.702508267
55.920133437000004,0.0,0.0,0.006180339887498972,0.0,0.0,False,0.0,0.0,0.0,STOPPED,ACCEPTED,ACCEPTED,55.80847999,55.80847999
55.970133437,0.0,0.0,0.011180339887498688,0.0,0.0,False,0.0,0.0,0.0,STOPPED,DUPLICATE_OR_OLD,DUPLICATE_OR_OLD,55.80847999,55.80847999
56.020133437000005,0.0,0.0,0.006180339887498974,0.0,0.0,False,0.0,0.0,0.0,STOPPED,ACCEPTED,ACCEPTED,55.902459668,55.902459668
56.070133437,0.0,0.0,0.01118033988749869,0.0,0.0,False,0.0,0.0,0.0,STOPPED,DUPLICATE_OR_OLD,DUPLICATE_OR_OLD,55.902459668,55.902459668
56.12013343700001,0.0,0.0,0.006180339887498974,0.0,0.0,False,0.0,0.0,0.0,STOPPED,ACCEPTED,ACCEPTED,56.010423414,56.010423414
56.170133437000004,0.0,0.0,0.01118033988749869,0.0,0.0,False,0.0,0.0,0.0,STOPPED,DUPLICATE_OR_OLD,DUPLICATE_OR_OLD,56.010423414,56.010423414
56.220133437,0.0,0.0,0.0061803398874988695,0.0,0.0,False,0.0,0.0,0.0,STOPPED,ACCEPTED,ACCEPTED,56.104401442,56.104401442
56.270133437000005,0.0,0.0,0.011180339887499297,0.0,0.0,False,0.0,0.0,0.0,STOPPED,DUPLICATE_OR_OLD,DUPLICATE_OR_OLD,56.104401442,56.104401442
56.320133437,0.0,0.0,0.006180339887498959,0.0,0.0,False,0.0,0.0,0.0,STOPPED,ACCEPTED,ACCEPTED,56.238364854,56.238364854
56.37013343700001,0.0,0.0,0.011180339887499386,0.0,0.0,False,0.0,0.0,0.0,STOPPED,DUPLICATE_OR_OLD,DUPLICATE_OR_OLD,56.238364854,56.238364854
56.420133437000004,0.0,0.0,0.006180339887498972,0.0,0.0,False,0.0,0.0,0.0,STOPPED,ACCEPTED,ACCEPTED,56.306340922,56.306340922
56.470133437,0.0,0.0,0.011180339887498688,0.0,0.0,False,0.0,0.0,0.0,STOPPED,DUPLICATE_OR_OLD,DUPLICATE_OR_OLD,56.306340922,56.306340922
56.520133437000005,0.0,0.0,0.006180339887498974,0.0,0.0,False,0.0,0.0,0.0,STOPPED,ACCEPTED,ACCEPTED,56.402320809,56.402320809
56.570133437,0.0,0.0,0.01118033988749869,0.0,0.0,False,0.0,0.0,0.0,STOPPED,DUPLICATE_OR_OLD,DUPLICATE_OR_OLD,56.402320809,56.402320809
56.62013343700001,0.0,0.0,0.006180339887498974,0.0,0.0,False,0.0,0.0,0.0,STOPPED,ACCEPTED,ACCEPTED,56.5042909,56.5042909
56.670133437000004,0.0,0.0,0.01118033988749869,0.0,0.0,False,0.0,0.0,0.0,STOPPED,DUPLICATE_OR_OLD,DUPLICATE_OR_OLD,56.5042909,56.5042909
56.720133437,0.0,0.0,0.0061803398874988695,0.0,0.0,False,0.0,0.0,0.0,STOPPED,ACCEPTED,ACCEPTED,56.604262188,56.604262188
56.770133437000005,0.0,0.0,0.011180339887499297,0.0,0.0,False,0.0,0.0,0.0,STOPPED,DUPLICATE_OR_OLD,DUPLICATE_OR_OLD,56.604262188,56.604262188
56.820133437,0.0,0.0,0.006180339887498959,0.0,0.0,False,0.0,0.0,0.0,STOPPED,ACCEPTED,ACCEPTED,56.704235621,56.704235621
56.87013343700001,0.0,0.0,0.011180339887499386,0.0,0.0,False,0.0,0.0,0.0,STOPPED,DUPLICATE_OR_OLD,DUPLICATE_OR_OLD,56.704235621,56.704235621
56.920133437000004,0.0,0.0,0.006180339887498972,0.0,0.0,False,0.0,0.0,0.0,STOPPED,ACCEPTED,ACCEPTED,56.810205862,56.810205862
56.970133437,0.0,0.0,0.011180339887498688,0.0,0.0,False,0.0,0.0,0.0,STOPPED,DUPLICATE_OR_OLD,DUPLICATE_OR_OLD,56.810205862,56.810205862
57.020133437000005,0.0,0.0,0.006180339887498974,0.0,0.0,False,0.0,0.0,0.0,STOPPED,ACCEPTED,ACCEPTED,56.900176267,56.900176267
57.070133437,0.0,0.0,0.01118033988749869,0.0,0.0,False,0.0,0.0,0.0,STOPPED,DUPLICATE_OR_OLD,DUPLICATE_OR_OLD,56.900176267,56.900176267
57.12013343700001,0.0,0.0,0.006180339887498974,0.0,0.0,False,0.0,0.0,0.0,STOPPED,ACCEPTED,ACCEPTED,57.00814738,57.00814738
57.170133437000004,0.0,0.0,0.01118033988749869,0.0,0.0,False,0.0,0.0,0.0,STOPPED,DUPLICATE_OR_OLD,DUPLICATE_OR_OLD,57.00814738,57.00814738
57.220133437,0.0,0.0,0.0061803398874988695,0.0,0.0,False,0.0,0.0,0.0,STOPPED,ACCEPTED,ACCEPTED,57.106119686,57.106119686
57.270133437000005,0.0,0.0,0.011180339887499297,0.0,0.0,False,0.0,0.0,0.0,STOPPED,DUPLICATE_OR_OLD,DUPLICATE_OR_OLD,57.106119686,57.106119686
57.320133437,0.0,0.0,0.006180339887498959,0.0,0.0,False,0.0,0.0,0.0,STOPPED,ACCEPTED,ACCEPTED,57.228089516,57.228089516
57.37013343700001,0.0,0.0,0.011180339887499386,0.0,0.0,False,0.0,0.0,0.0,STOPPED,DUPLICATE_OR_OLD,DUPLICATE_OR_OLD,57.228089516,57.228089516
57.420133437000004,0.0,0.0,0.006180339887498972,0.0,0.0,False,0.0,0.0,0.0,STOPPED,ACCEPTED,ACCEPTED,57.306074763,57.306074763
57.470133437,0.0,0.0,0.011180339887498688,0.0,0.0,False,0.0,0.0,0.0,STOPPED,DUPLICATE_OR_OLD,DUPLICATE_OR_OLD,57.306074763,57.306074763
57.520133437000005,0.0,0.0,0.006180339887498974,0.0,0.0,False,0.0,0.0,0.0,STOPPED,ACCEPTED,ACCEPTED,57.398045343,57.398045343
57.570133437,0.0,0.0,0.01118033988749869,0.0,0.0,False,0.0,0.0,0.0,STOPPED,DUPLICATE_OR_OLD,DUPLICATE_OR_OLD,57.398045343,57.398045343
57.62013343700001,0.0,0.0,0.006180339887498974,0.0,0.0,False,0.0,0.0,0.0,STOPPED,ACCEPTED,ACCEPTED,57.504010163,57.504010163
57.670133437000004,0.0,0.0,0.01118033988749869,0.0,0.0,False,0.0,0.0,0.0,STOPPED,DUPLICATE_OR_OLD,DUPLICATE_OR_OLD,57.504010163,57.504010163
57.720133437,0.0,0.0,0.0061803398874988695,0.0,0.0,False,0.0,0.0,0.0,STOPPED,ACCEPTED,ACCEPTED,57.605995141,57.605995141
57.770133437000005,0.0,0.0,0.011180339887499297,0.0,0.0,False,0.0,0.0,0.0,STOPPED,DUPLICATE_OR_OLD,DUPLICATE_OR_OLD,57.605995141,57.605995141
57.820133437,0.0,0.0,0.006180339887498959,0.0,0.0,False,0.0,0.0,0.0,STOPPED,ACCEPTED,ACCEPTED,57.703954246,57.703954246
57.87013343700001,0.0,0.0,0.011180339887499386,0.0,0.0,False,0.0,0.0,0.0,STOPPED,DUPLICATE_OR_OLD,DUPLICATE_OR_OLD,57.703954246,57.703954246
57.920133437000004,0.0,0.0,0.006180339887498972,0.0,0.0,False,0.0,0.0,0.0,STOPPED,ACCEPTED,ACCEPTED,57.80992686,57.80992686
57.970133437,0.0,0.0,0.011180339887498688,0.0,0.0,False,0.0,0.0,0.0,STOPPED,DUPLICATE_OR_OLD,DUPLICATE_OR_OLD,57.80992686,57.80992686
58.020133437000005,0.0,0.0,0.006180339887498974,0.0,0.0,False,0.0,0.0,0.0,STOPPED,ACCEPTED,ACCEPTED,57.901901289,57.901901289
58.070133437,0.0,0.0,0.01118033988749869,0.0,0.0,False,0.0,0.0,0.0,STOPPED,DUPLICATE_OR_OLD,DUPLICATE_OR_OLD,57.901901289,57.901901289
58.12013343700001,0.0,0.0,0.006180339887498974,0.0,0.0,False,0.0,0.0,0.0,STOPPED,ACCEPTED,ACCEPTED,58.003874556,58.003874556
58.170133437000004,0.0,0.0,0.01118033988749869,0.0,0.0,False,0.0,0.0,0.0,STOPPED,DUPLICATE_OR_OLD,DUPLICATE_OR_OLD,58.003874556,58.003874556
58.220133437,0.0,0.0,0.0061803398874988695,0.0,0.0,False,0.0,0.0,0.0,STOPPED,ACCEPTED,ACCEPTED,58.107843441,58.107843441
58.270133437000005,0.0,0.0,0.011180339887499297,0.0,0.0,False,0.0,0.0,0.0,STOPPED,DUPLICATE_OR_OLD,DUPLICATE_OR_OLD,58.107843441,58.107843441
58.320133437,0.0,0.0,0.006180339887498959,0.0,0.0,False,0.0,0.0,0.0,STOPPED,ACCEPTED,ACCEPTED,58.209815656,58.209815656
58.37013343700001,0.0,0.0,0.011180339887499386,0.0,0.0,False,0.0,0.0,0.0,STOPPED,DUPLICATE_OR_OLD,DUPLICATE_OR_OLD,58.209815656,58.209815656
58.420133437000004,0.0,0.0,0.006180339887498972,0.0,0.0,False,0.0,0.0,0.0,STOPPED,ACCEPTED,ACCEPTED,58.305789624,58.305789624
58.470133437,0.0,0.0,0.011180339887498688,0.0,0.0,False,0.0,0.0,0.0,STOPPED,DUPLICATE_OR_OLD,DUPLICATE_OR_OLD,58.305789624,58.305789624
58.520133437000005,0.0,0.0,0.006180339887498974,0.0,0.0,False,0.0,0.0,0.0,STOPPED,ACCEPTED,ACCEPTED,58.403762968,58.403762968
58.570133437,0.0,0.0,0.01118033988749869,0.0,0.0,False,0.0,0.0,0.0,STOPPED,DUPLICATE_OR_OLD,DUPLICATE_OR_OLD,58.403762968,58.403762968
58.62013343700001,0.0,0.0,0.006180339887498974,0.0,0.0,False,0.0,0.0,0.0,STOPPED,ACCEPTED,ACCEPTED,58.505721451,58.505721451
58.670133437000004,0.0,0.0,0.01118033988749869,0.0,0.0,False,0.0,0.0,0.0,STOPPED,DUPLICATE_OR_OLD,DUPLICATE_OR_OLD,58.505721451,58.505721451
58.720133437,0.0,0.0,0.0061803398874988695,0.0,0.0,False,0.0,0.0,0.0,STOPPED,ACCEPTED,ACCEPTED,58.605693203,58.605693203
58.770133437000005,0.0,0.0,0.011180339887499297,0.0,0.0,False,0.0,0.0,0.0,STOPPED,DUPLICATE_OR_OLD,DUPLICATE_OR_OLD,58.605693203,58.605693203
58.820133437,0.0,0.0,0.006180339887498959,0.0,0.0,False,0.0,0.0,0.0,STOPPED,ACCEPTED,ACCEPTED,58.699669141,58.699669141
58.87013343700001,0.0,0.0,0.011180339887499386,0.0,0.0,False,0.0,0.0,0.0,STOPPED,DUPLICATE_OR_OLD,DUPLICATE_OR_OLD,58.699669141,58.699669141
58.920133437000004,0.0,0.0,0.006180339887498972,0.0,0.0,False,0.0,0.0,0.0,STOPPED,ACCEPTED,ACCEPTED,58.807639269,58.807639269
58.970133437,0.0,0.0,0.011180339887498688,0.0,0.0,False,0.0,0.0,0.0,STOPPED,DUPLICATE_OR_OLD,DUPLICATE_OR_OLD,58.807639269,58.807639269
59.020133437,0.0,0.0,0.0061803398874988695,0.0,0.0,False,0.0,0.0,0.0,STOPPED,ACCEPTED,ACCEPTED,58.901614456,58.901614456
59.070133437,0.0,0.0,0.011180339887499297,0.0,0.0,False,0.0,0.0,0.0,STOPPED,DUPLICATE_OR_OLD,DUPLICATE_OR_OLD,58.901614456,58.901614456
59.12013343700001,0.0,0.0,0.006180339887499062,0.0,0.0,False,0.0,0.0,0.0,STOPPED,ACCEPTED,ACCEPTED,59.0075799,59.0075799
59.170133437000004,0.0,0.0,0.011180339887498779,0.0,0.0,False,0.0,0.0,0.0,STOPPED,DUPLICATE_OR_OLD,DUPLICATE_OR_OLD,59.0075799,59.0075799
59.220133437,0.0,0.0,0.0061803398874988825,0.0,0.0,False,0.0,0.0,0.0,STOPPED,ACCEPTED,ACCEPTED,59.103555589,59.103555589
59.270133437,0.0,0.0,0.0111803398874986,0.0,0.0,False,0.0,0.0,0.0,STOPPED,DUPLICATE_OR_OLD,DUPLICATE_OR_OLD,59.103555589,59.103555589
59.320133437,0.0,0.0,0.006180339887498961,0.0,0.0,False,0.0,0.0,0.0,STOPPED,ACCEPTED,ACCEPTED,59.219532281,59.219532281
59.37013343700001,0.0,0.0,0.011180339887499387,0.0,0.0,False,0.0,0.0,0.0,STOPPED,DUPLICATE_OR_OLD,DUPLICATE_OR_OLD,59.219532281,59.219532281
59.420133437000004,0.0,0.0,0.006180339887498972,0.0,0.0,False,0.0,0.0,0.0,STOPPED,ACCEPTED,ACCEPTED,59.307503031,59.307503031
59.470133437,0.0,0.0,0.011180339887498688,0.0,0.0,False,0.0,0.0,0.0,STOPPED,DUPLICATE_OR_OLD,DUPLICATE_OR_OLD,59.307503031,59.307503031
59.520133437,0.0,0.0,0.0061803398874988695,0.0,0.0,False,0.0,0.0,0.0,STOPPED,ACCEPTED,ACCEPTED,59.405471405,59.405471405
59.570133437,0.0,0.0,0.011180339887499297,0.0,0.0,False,0.0,0.0,0.0,STOPPED,DUPLICATE_OR_OLD,DUPLICATE_OR_OLD,59.405471405,59.405471405
59.62013343700001,0.0,0.0,0.006180339887499062,0.0,0.0,False,0.0,0.0,0.0,STOPPED,ACCEPTED,ACCEPTED,59.509444935,59.509444935
59.670133437000004,0.0,0.0,0.011180339887498779,0.0,0.0,False,0.0,0.0,0.0,STOPPED,DUPLICATE_OR_OLD,DUPLICATE_OR_OLD,59.509444935,59.509444935
59.720133437,0.0,0.0,0.0061803398874988825,0.0,0.0,False,0.0,0.0,0.0,STOPPED,ACCEPTED,ACCEPTED,59.605419824,59.605419824
59.770133437,0.0,0.0,0.0111803398874986,0.0,0.0,False,0.0,0.0,0.0,STOPPED,DUPLICATE_OR_OLD,DUPLICATE_OR_OLD,59.605419824,59.605419824
59.820133437,0.0,0.0,0.006180339887498961,0.0,0.0,False,0.0,0.0,0.0,STOPPED,ACCEPTED,ACCEPTED,59.699401044,59.699401044
59.87013343700001,0.0,0.0,0.011180339887499387,0.0,0.0,False,0.0,0.0,0.0,STOPPED,DUPLICATE_OR_OLD,DUPLICATE_OR_OLD,59.699401044,59.699401044
59.920133437000004,0.0,0.0,0.006180339887498972,0.0,0.0,False,0.0,0.0,0.0,STOPPED,ACCEPTED,ACCEPTED,59.809411773,59.809411773
59.970133437,0.0,0.0,0.011180339887498688,0.0,0.0,False,0.0,0.0,0.0,STOPPED,DUPLICATE_OR_OLD,DUPLICATE_OR_OLD,59.809411773,59.809411773
60.020133437,0.0,0.0,0.0061803398874988695,0.0,0.0,False,0.0,0.0,0.0,STOPPED,ACCEPTED,ACCEPTED,59.903336903,59.903336903
60.070133437,0.0,0.0,0.011180339887499297,0.0,0.0,False,0.0,0.0,0.0,STOPPED,DUPLICATE_OR_OLD,DUPLICATE_OR_OLD,59.903336903,59.903336903
60.12013343700001,0.0,0.0,0.006180339887499062,0.0,0.0,False,0.0,0.0,0.0,STOPPED,ACCEPTED,ACCEPTED,60.009311149,60.009311149
60.170133437000004,0.0,0.0,0.011180339887498779,0.0,0.0,False,0.0,0.0,0.0,STOPPED,DUPLICATE_OR_OLD,DUPLICATE_OR_OLD,60.009311149,60.009311149
60.220133437,0.0,0.0,0.0061803398874988825,0.0,0.0,False,0.0,0.0,0.0,STOPPED,ACCEPTED,ACCEPTED,60.103276,60.103276
60.270133437,0.0,0.0,0.0111803398874986,0.0,0.0,False,0.0,0.0,0.0,STOPPED,DUPLICATE_OR_OLD,DUPLICATE_OR_OLD,60.103276,60.103276
60.320133437,0.0,0.0,0.006180339887498961,0.0,0.0,False,0.0,0.0,0.0,STOPPED,ACCEPTED,ACCEPTED,60.21524277,60.21524277
60.37013343700001,0.0,0.0,0.011180339887499387,0.0,0.0,False,0.0,0.0,0.0,STOPPED,DUPLICATE_OR_OLD,DUPLICATE_OR_OLD,60.21524277,60.21524277
60.420133437000004,0.0,0.0,0.006180339887498972,0.0,0.0,False,0.0,0.0,0.0,STOPPED,ACCEPTED,ACCEPTED,60.299224251,60.299224251
60.470133437,0.0,0.0,0.011180339887498688,0.0,0.0,False,0.0,0.0,0.0,STOPPED,DUPLICATE_OR_OLD,DUPLICATE_OR_OLD,60.299224251,60.299224251
60.520133437,0.0,0.0,0.0061803398874988695,0.0,0.0,False,0.0,0.0,0.0,STOPPED,ACCEPTED,ACCEPTED,60.401194486,60.401194486
60.570133437,0.0,0.0,0.011180339887499297,0.0,0.0,False,0.0,0.0,0.0,STOPPED,DUPLICATE_OR_OLD,DUPLICATE_OR_OLD,60.401194486,60.401194486
60.62013343700001,0.0,0.0,0.006180339887499062,0.0,0.0,False,0.0,0.0,0.0,STOPPED,ACCEPTED,ACCEPTED,60.507164194,60.507164194
60.670133437000004,0.0,0.0,0.011180339887498779,0.0,0.0,False,0.0,0.0,0.0,STOPPED,DUPLICATE_OR_OLD,DUPLICATE_OR_OLD,60.507164194,60.507164194
60.720133437,0.0,0.0,0.0061803398874988825,0.0,0.0,False,0.0,0.0,0.0,STOPPED,ACCEPTED,ACCEPTED,60.60913607,60.60913607
60.770133437,0.0,0.0,0.0111803398874986,0.0,0.0,False,0.0,0.0,0.0,STOPPED,DUPLICATE_OR_OLD,DUPLICATE_OR_OLD,60.60913607,60.60913607
60.820133437,0.0,0.0,0.006180339887498961,0.0,0.0,False,0.0,0.0,0.0,STOPPED,ACCEPTED,ACCEPTED,60.707109821,60.707109821
60.87013343700001,0.0,0.0,0.011180339887499387,0.0,0.0,False,0.0,0.0,0.0,STOPPED,DUPLICATE_OR_OLD,DUPLICATE_OR_OLD,60.707109821,60.707109821
60.920133437000004,0.0,0.0,0.006180339887498972,0.0,0.0,False,0.0,0.0,0.0,STOPPED,ACCEPTED,ACCEPTED,60.809079271,60.809079271
60.970133437,0.0,0.0,0.011180339887498688,0.0,0.0,False,0.0,0.0,0.0,STOPPED,DUPLICATE_OR_OLD,DUPLICATE_OR_OLD,60.809079271,60.809079271
61.020133437,0.0,0.0,0.0061803398874988695,0.0,0.0,False,0.0,0.0,0.0,STOPPED,ACCEPTED,ACCEPTED,60.899060699,60.899060699
61.070133437,0.0,0.0,0.011180339887499297,0.0,0.0,False,0.0,0.0,0.0,STOPPED,DUPLICATE_OR_OLD,DUPLICATE_OR_OLD,60.899060699,60.899060699
61.12013343700001,0.0,0.0,0.006180339887499062,0.0,0.0,False,0.0,0.0,0.0,STOPPED,ACCEPTED,ACCEPTED,61.001027561,61.001027561
61.170133437000004,0.0,0.0,0.011180339887498779,0.0,0.0,False,0.0,0.0,0.0,STOPPED,DUPLICATE_OR_OLD,DUPLICATE_OR_OLD,61.001027561,61.001027561
61.220133437,0.0,0.0,0.0061803398874988825,0.0,0.0,False,0.0,0.0,0.0,STOPPED,ACCEPTED,ACCEPTED,61.09901192,61.09901192
61.270133437,0.0,0.0,0.0111803398874986,0.0,0.0,False,0.0,0.0,0.0,STOPPED,DUPLICATE_OR_OLD,DUPLICATE_OR_OLD,61.09901192,61.09901192
61.320133437,0.0,0.0,0.006180339887498961,0.0,0.0,False,0.0,0.0,0.0,STOPPED,ACCEPTED,ACCEPTED,61.212967959,61.212967959
61.37013343700001,0.0,0.0,0.011180339887499387,0.0,0.0,False,0.0,0.0,0.0,STOPPED,DUPLICATE_OR_OLD,DUPLICATE_OR_OLD,61.212967959,61.212967959
61.420133437000004,0.03874812231527029,0.0009687030578817023,0.006180339887498972,0.0,0.0,False,0.0,0.6180339887498971,0.0,FUSED,ACCEPTED,ACCEPTED,61.304935894,61.304935894
61.470133437,0.03824827851355415,0.002893613078602204,0.011180339887498688,0.0,0.0,False,0.0,0.0,0.0,MODEL_ONLY,DUPLICATE_OR_OLD,DUPLICATE_OR_OLD,61.304935894,61.304935894
61.520133437,0.11195743441240122,0.006648755901750875,0.0061803398874988695,0.0,0.0,False,0.0,0.6180339887498869,0.0,FUSED,ACCEPTED,ACCEPTED,61.400918962,61.400918962
61.570133437,0.11063092682430653,0.012213464932669043,0.011180339887499297,0.0,0.0,False,0.0,0.0,0.0,MODEL_ONLY,DUPLICATE_OR_OLD,DUPLICATE_OR_OLD,61.400918962,61.400918962
61.62013343700001,0.21875144269418667,0.020448024170632073,0.006180339887499062,0.0,0.0,False,0.0,0.6180339887499062,0.0,FUSED,ACCEPTED,ACCEPTED,61.50288036,61.50288036
61.670133437000004,0.21505160178793778,0.03129310028268457,0.011180339887498779,0.0,0.0,False,0.0,0.0,0.0,MODEL_ONLY,DUPLICATE_OR_OLD,DUPLICATE_OR_OLD,61.50288036,61.50288036
61.720133437,0.3389113543448782,0.04514217418600418,0.0061803398874988825,0.0,0.0,False,0.0,0.6180339887498882,0.0,FUSED,ACCEPTED,ACCEPTED,61.604858363,61.604858363
61.770133437,0.33035038878398576,0.061873717764224824,0.0111803398874986,0.0,0.0,False,0.0,0.0,0.0,MODEL_ONLY,DUPLICATE_OR_OLD,DUPLICATE_OR_OLD,61.604858363,61.604858363
61.820133437,0.46025357316441373,0.0816388168129365,0.006180339887498961,0.0,0.0,False,0.0,0.618033988749896,0.2733104992808906,FUSED,ACCEPTED,ACCEPTED,61.698820306,61.698820306
61.87013343700001,0.4596065245263703,0.10463531925520805,0.011180339887499387,0.0,0.0,False,0.0,0.0,0.2733104992808906,MODEL_ONLY,DUPLICATE_OR_OLD,DUPLICATE_OR_OLD,61.698820306,61.698820306
61.920133437000004,0.589928268632025,0.13087368908416644,0.006180339887498972,0.0,0.0,False,0.0,0.6180339887498971,0.5289821279135044,FUSED,ACCEPTED,ACCEPTED,61.800796865,61.800796865
61.970133437,0.5960277194764126,0.1605225887868757,0.011180339887498688,0.0,0.0,False,0.0,0.0,0.5289821279135044,MODEL_ONLY,DUPLICATE_OR_OLD,DUPLICATE_OR_OLD,61.800796865,61.800796865
62.020133437000005,0.7411923718091977,0.1939530910690188,0.006180339887498974,0.0,0.0,False,0.0,0.6180339887498972,0.6,FUSED,ACCEPTED,ACCEPTED,61.894760318,61.894760318
62.070133437,0.7451807299885321,0.23111241861395992,0.01118033988749869,0.0,0.0,False,0.0,0.0,0.6,MODEL_ONLY,DUPLICATE_OR_OLD,DUPLICATE_OR_OLD,61.894760318,61.894760318
62.12013343700001,0.8794531260009696,0.27172826501370095,0.006180339887498974,0.0,0.0,False,0.0,0.6180339887498973,0.6,FUSED,ACCEPTED,ACCEPTED,62.000732827,62.000732827
62.170133437000004,0.8784533889324188,0.31567592788703314,0.01118033988749869,0.0,0.0,False,0.0,0.0,0.6,MODEL_ONLY,DUPLICATE_OR_OLD,DUPLICATE_OR_OLD,62.000732827,62.000732827
62.220133437,1.0023212988023713,0.3626952950804002,0.0061803398874988695,0.0,0.0,False,0.0,0.6180339887498869,0.6,FUSED,ACCEPTED,ACCEPTED,62.100699317,62.100699317
62.270133437000005,0.9968963714506116,0.4126757368367291,0.011180339887499297,0.0,0.0,False,0.0,0.0,0.6,MODEL_ONLY,DUPLICATE_OR_OLD,DUPLICATE_OR_OLD,62.100699317,62.100699317
62.320133437,1.1381919242550753,0.4660529442293682,0.006180339887498959,0.0,0.0,False,0.0,0.6180339887498958,0.6,FUSED,ACCEPTED,ACCEPTED,62.240658794,62.240658794
62.37013343700001,1.128806052947642,0.522727893659441,0.011180339887499386,0.0,0.0,False,0.0,0.0,0.6,MODEL_ONLY,DUPLICATE_OR_OLD,DUPLICATE_OR_OLD,62.240658794,62.240658794
62.420133437000004,1.2571275887837,0.5823762347027212,0.006180339887498972,0.0,0.0,False,0.0,0.6180339887498971,0.6,FUSED,ACCEPTED,ACCEPTED,62.304659692,62.304659692
62.470133437,1.2446707535955421,0.6449211932621987,0.011180339887498688,0.0,0.0,False,0.0,0.0,0.6,MODEL_ONLY,DUPLICATE_OR_OLD,DUPLICATE_OR_OLD,62.304659692,62.304659692
62.520133437000005,1.3308429960933867,0.7093090370044274,0.006180339887498974,0.0,0.0,False,0.0,0.6180339887498972,0.6,FUSED,ACCEPTED,ACCEPTED,62.396623764,62.396623764
62.570133437,1.315497974078247,0.7754675612587144,0.01118033988749869,0.0,0.0,False,0.0,0.0,0.6,MODEL_ONLY,DUPLICATE_OR_OLD,DUPLICATE_OR_OLD,62.396623764,62.396623764
62.62013343700001,1.4691060944431906,0.8450826629717564,0.006180339887498974,0.0,0.0,False,0.0,0.6180339887498973,0.6,FUSED,ACCEPTED,ACCEPTED,62.506595755,62.506595755
62.670133437000004,1.4515220591687465,0.9180983668120506,0.01118033988749869,0.0,0.0,False,0.0,0.0,0.6,MODEL_ONLY,DUPLICATE_OR_OLD,DUPLICATE_OR_OLD,62.506595755,62.506595755
62.720133437,1.601517478279036,0.9944243552482408,0.0061803398874988695,0.0,0.0,False,0.0,0.6180339887498869,0.6,FUSED,ACCEPTED,ACCEPTED,62.608564975,62.608564975
62.770133437000005,1.5817095352500985,1.074005030586476,0.011180339887499297,0.0,0.0,False,0.0,0.0,0.6,MODEL_ONLY,DUPLICATE_OR_OLD,DUPLICATE_OR_OLD,62.608564975,62.608564975
62.820133437,1.7258775306534604,1.1566947072340603,0.006180339887498959,0.0,0.0,False,0.0,0.6180339887498958,0.6,FUSED,ACCEPTED,ACCEPTED,62.706547913,62.706547913
62.87013343700001,1.70434556457952,1.242450284614892,0.011180339887499386,0.0,0.0,False,0.0,0.0,0.6,MODEL_ONLY,DUPLICATE_OR_OLD,DUPLICATE_OR_OLD,62.706547913,62.706547913
62.920133437000004,1.8456029701094325,1.3311989979821108,0.006180339887498972,0.0,0.0,False,0.0,0.6180339887498971,0.6,FUSED,ACCEPTED,ACCEPTED,62.798513532,62.798513532
62.970133437,1.8227345044107097,1.4229074348451092,0.011180339887498688,0.0,0.0,False,0.0,0.0,0.6,MODEL_ONLY,DUPLICATE_OR_OLD,DUPLICATE_OR_OLD,62.798513532,62.798513532
63.020133437000005,2.01835139726608,1.5189345823870373,0.00733884015202117,0.0,0.0,False,0.0,0.5464347348048518,0.6,FUSED,ACCEPTED,ACCEPTED,62.908480732,62.908480732
63.070133437,1.9944468487966867,1.6192545385386006,0.012338840152020886,0.0,0.0,False,0.0,0.0,0.6,MODEL_ONLY,DUPLICATE_OR_OLD,DUPLICATE_OR_OLD,62.908480732,62.908480732
63.12013343700001,2.188495849533492,1.7238281059968639,0.007373843778828113,0.0,0.0,False,0.0,0.5747210474185904,0.6,FUSED,ACCEPTED,ACCEPTED,63.00445694,63.00445694
63.170133437000004,2.377193986973291,1.837970351909527,0.006817953828173081,0.0,0.0,False,0.0,0.44900275532499534,0.6,FUSED,ACCEPTED,ACCEPTED,63.100427156,63.100427156
63.220133437,2.3521551295115333,1.956204079821641,0.011817953828172797,0.0,0.0,False,0.0,0.0,0.6,MODEL_ONLY,DUPLICATE_OR_OLD,DUPLICATE_OR_OLD,63.100427156,63.100427156
63.270133437000005,2.3265742684248187,2.07317231477006,0.016817953828173225,0.0,0.0,False,0.0,0.0,0.6,MODEL_ONLY,DUPLICATE_OR_OLD,DUPLICATE_OR_OLD,63.100427156,63.100427156
63.320133437,2.6077544069243697,2.1965305316537824,0.01041171527271956,0.0,0.0,False,0.0,0.522791396722309,0.6,FUSED,ACCEPTED,ACCEPTED,63.214392933,63.214392933
63.37013343700001,2.5812761573173075,2.3262562957598356,0.015411715272719988,0.0,0.0,False,0.0,0.0,0.6,MODEL_ONLY,DUPLICATE_OR_OLD,DUPLICATE_OR_OLD,63.214392933,63.214392933
63.420133437000004,2.8363956808386304,2.461698091713726,0.009587074523482753,0.0,0.0,False,0.0,0.5303150962380954,0.6,FUSED,ACCEPTED,ACCEPTED,63.306375016,63.306375016
63.470133437,2.8092217568342974,2.6028385276555412,0.01458707452348247,0.0,0.0,False,0.0,0.0,0.6,MODEL_ONLY,DUPLICATE_OR_OLD,DUPLICATE_OR_OLD,63.306375016,63.306375016
63.520133437000005,3.053224443973085,2.7493996826757385,0.009219845598669067,0.0,0.0,False,0.0,0.529289298020722,0.6,FUSED,ACCEPTED,ACCEPTED,63.400360626,63.400360626
63.570133437,3.0255112185895148,2.9013680742397945,0.014219845598668783,0.0,0.0,False,0.0,0.0,0.6,MODEL_ONLY,DUPLICATE_OR_OLD,DUPLICATE_OR_OLD,63.400360626,63.400360626
63.62013343700001,3.2570483105116392,3.058432062467337,0.008733020575518943,0.0,0.0,False,0.0,0.5456248318600634,0.6,FUSED,ACCEPTED,ACCEPTED,63.502305454,63.502305454
63.670133437000004,3.2289170073911695,3.220581195414898,0.013733020575518659,0.0,0.0,False,0.0,0.0,0.6,MODEL_ONLY,DUPLICATE_OR_OLD,DUPLICATE_OR_OLD,63.502305454,63.502305454
63.720133437,3.477293144176737,3.3882364492040864,0.0092916623777526,0.0,0.0,False,0.0,0.5039955067419509,0.6,FUSED,ACCEPTED,ACCEPTED,63.600286265,63.600286265
63.770133437000005,3.448837738428644,3.5613897212692356,0.014291662377753027,0.0,0.0,False,0.0,0.0,0.6,MODEL_ONLY,DUPLICATE_OR_OLD,DUPLICATE_OR_OLD,63.600286265,63.600286265
63.820133437,3.7113035168551907,3.7403932526513213,0.009633105364199066,0.0,0.0,False,0.0,0.5006596541256072,0.6,FUSED,ACCEPTED,ACCEPTED,63.712247307,63.712247307
63.87013343700001,3.6825968599545997,3.925240762071582,0.014633105364199494,0.0,0.0,False,0.0,0.0,0.6,MODEL_ONLY,DUPLICATE_OR_OLD,DUPLICATE_OR_OLD,63.712247307,63.712247307
63.920133437000004,3.936697635157989,4.115723124449386,0.009522180246585622,0.0,0.0,False,0.0,0.5149936767543034,0.6,FUSED,ACCEPTED,ACCEPTED,63.800225045,63.800225045
63.970133437,3.9077962030959195,4.311835470405722,0.014522180246585338,0.0,0.0,False,0.0,0.0,0.6,MODEL_ONLY,DUPLICATE_OR_OLD,DUPLICATE_OR_OLD,63.800225045,63.800225045
64.020133437,4.131909199697777,4.5128281054755535,0.008383585528903226,0.0,0.0,False,0.0,0.5705610017421217,0.6,FUSED,ACCEPTED,ACCEPTED,63.910208978,63.910208978
64.07013343700001,4.3050000784107745,4.723750837428315,0.006222544001997301,0.0,0.0,False,0.0,0.535061513332242,0.6,FUSED,ACCEPTED,ACCEPTED,64.008170143,64.008170143
64.120133437,4.275885405472779,4.938272974525392,0.011222544001997018,0.0,0.0,False,0.0,0.0,0.6,MODEL_ONLY,DUPLICATE_OR_OLD,DUPLICATE_OR_OLD,64.008170143,64.008170143
64.170133437,4.246715926070368,5.151338007813958,0.016222544001996735,0.0,0.0,False,0.0,0.0,0.6,MODEL_ONLY,DUPLICATE_OR_OLD,DUPLICATE_OR_OLD,64.008170143,64.008170143
64.220133437,4.443209700179897,5.368586148470203,0.007883307589063407,0.0,0.0,False,0.0,0.6285408767053655,0.6,FUSED,ACCEPTED,ACCEPTED,64.106150032,64.106150032
64.270133437,4.41394947841026,5.590015127934945,0.012883307589063123,0.0,0.0,False,0.0,0.0,0.6,MODEL_ONLY,DUPLICATE_OR_OLD,DUPLICATE_OR_OLD,64.106150032,64.106150032
64.32013343700001,4.592553827572113,5.815177710584555,0.007062707001391198,0.0,0.0,False,0.0,0.605067073514405,0.6,FUSED,ACCEPTED,ACCEPTED,64.206117639,64.206117639
64.370133437,4.563223260416778,6.044072137784265,0.012062707001390914,0.0,0.0,False,0.0,0.0,0.6,MODEL_ONLY,DUPLICATE_OR_OLD,DUPLICATE_OR_OLD,64.206117639,64.206117639
64.420133437,4.722545930006634,6.276216367544836,0.006395666316957529,0.0,0.0,False,0.0,0.6251669611137157,0.6,FUSED,ACCEPTED,ACCEPTED,64.30209761,64.30209761
64.470133437,4.69316082963335,6.511609036535823,0.011395666316957246,0.0,0.0,False,0.0,0.0,0.6,MODEL_ONLY,DUPLICATE_OR_OLD,DUPLICATE_OR_OLD,64.30209761,64.30209761
64.520133437,4.856415248668767,6.750348438493363,0.006367689791848909,0.0,0.0,False,0.0,0.6116236041432959,0.6,FUSED,ACCEPTED,ACCEPTED,64.410074827,64.410074827
64.57013343700001,4.826987873001505,6.992433516535174,0.011367689791850046,0.0,0.0,False,0.0,0.0,0.6,MODEL_ONLY,DUPLICATE_OR_OLD,DUPLICATE_OR_OLD,64.410074827,64.410074827
64.620133437,4.951725897883054,7.236901360807274,0.006207479654478113,0.0,0.0,False,0.0,0.6207479654478113,0.6,FUSED,ACCEPTED,ACCEPTED,64.510038925,64.510038925
64.670133437,4.922265749521515,7.483751151992374,0.011207479654477829,0.0,0.0,False,0.0,0.0,0.6,MODEL_ONLY,DUPLICATE_OR_OLD,DUPLICATE_OR_OLD,64.510038925,64.510038925
64.720133437,5.087627036831866,7.733998471651195,0.006512624914643288,0.0,0.0,False,0.0,0.5981716433718254,0.6,FUSED,ACCEPTED,ACCEPTED,64.60800434,64.60800434
64.770133437,5.228676684422916,7.991906064682549,0.005351566794067378,0.0,0.0,False,0.0,0.5351566794067376,0.6,FUSED,ACCEPTED,ACCEPTED,64.703983535,64.703983535
64.82013343700001,5.199180656342503,8.252602498201743,0.010351566794068515,0.0,0.0,False,0.0,0.0,0.6,MODEL_ONLY,DUPLICATE_OR_OLD,DUPLICATE_OR_OLD,64.703983535,64.703983535
64.870133437,5.1696754065754655,8.51182389977468,0.015351566794068232,0.0,0.0,False,0.0,0.0,0.6,MODEL_ONLY,DUPLICATE_OR_OLD,DUPLICATE_OR_OLD,64.703983535,64.703983535
64.920133437,5.1915931251684135,8.770855613068262,0.02035156679406795,0.0,0.0,False,0.0,0.0,0.6,MODEL_ONLY,RATE_ANOMALY,RATE_ANOMALY,64.809947741,64.809947741
64.970133437,5.16207260717191,9.029697256376755,0.025351566794067665,0.0,0.0,False,0.0,0.0,0.6,MODEL_ONLY,DUPLICATE_OR_OLD,DUPLICATE_OR_OLD,64.809947741,64.809947741
65.020133437,4.827386299950803,9.279433729054809,0.010171983163579812,0.0,0.0,False,0.0,0.6648613485888293,0.6,FUSED,ACCEPTED,ACCEPTED,64.897936871,64.897936871
65.07013343700001,4.797853945702674,9.5200647351962,0.015171983163580949,0.0,0.0,False,0.0,0.0,0.6,MODEL_ONLY,DUPLICATE_OR_OLD,DUPLICATE_OR_OLD,64.897936871,64.897936871
65.120133437,4.774863771410065,9.759382678124005,0.006685666982583174,0.0,0.0,False,0.0,0.6685666982583174,0.6,FUSED,ACCEPTED,ACCEPTED,65.007901394,65.007901394
65.170133437,4.745322241451517,9.997387328445532,0.01168566698258289,0.0,0.0,False,0.0,0.0,0.6,MODEL_ONLY,DUPLICATE_OR_OLD,DUPLICATE_OR_OLD,65.007901394,65.007901394
65.220133437,4.778903211033578,10.235492964757645,0.006252670017006931,0.0,0.0,False,0.0,0.625267001700693,0.6,FUSED,ACCEPTED,ACCEPTED,65.123862595,65.123862595
65.270133437,4.749354567871917,10.473699409230269,0.011252670017006647,0.0,0.0,False,0.0,0.0,0.6,MODEL_ONLY,DUPLICATE_OR_OLD,DUPLICATE_OR_OLD,65.123862595,65.123862595
65.32013343700001,4.758779561972584,10.711402762476435,0.006190863636528589,0.0,0.0,False,0.0,0.6190863636528587,0.6,FUSED,ACCEPTED,ACCEPTED,65.211834746,65.211834746
65.370133437,4.729225404506725,10.948602886638405,0.011190863636528305,0.0,0.0,False,0.0,0.0,0.6,MODEL_ONLY,DUPLICATE_OR_OLD,DUPLICATE_OR_OLD,65.211834746,65.211834746
65.420133437,4.701427113809545,11.184369199596297,0.006181874664853303,0.0,0.0,False,0.0,0.6181874664853302,0.6,FUSED,ACCEPTED,ACCEPTED,65.297871425,65.297871425
65.470133437,4.671868681539451,11.418701594480009,0.01118187466485302,0.0,0.0,False,0.0,0.0,0.6,MODEL_ONLY,DUPLICATE_OR_OLD,DUPLICATE_OR_OLD,65.297871425,65.297871425
65.520133437,4.669258553177532,11.65222977534792,0.006180563795370898,0.0,0.0,False,0.0,0.6180563795370897,0.6,FUSED,ACCEPTED,ACCEPTED,65.413778422,65.413778422
65.57013343700001,4.639696806989556,11.884953659352151,0.011180563795372035,0.0,0.0,False,0.0,0.0,0.6,MODEL_ONLY,DUPLICATE_OR_OLD,DUPLICATE_OR_OLD,65.413778422,65.413778422
65.620133437,4.658453254389919,12.117407410886624,0.006180372554937943,0.0,0.0,False,0.0,0.6180372554937943,0.6,FUSED,ACCEPTED,ACCEPTED,65.507754169,65.507754169
65.670133437,4.62888893918333,12.349590965725943,0.01118037255493766,0.0,0.0,False,0.0,0.0,0.6,MODEL_ONLY,DUPLICATE_OR_OLD,DUPLICATE_OR_OLD,65.507754169,65.507754169
65.720133437,4.645258065761101,12.58144464084954,0.0061803446536080366,0.0,0.0,False,0.0,0.6180344653608034,0.6,FUSED,ACCEPTED,ACCEPTED,65.607745219,65.607745219
65.770133437,4.6156917589974125,12.81296838646849,0.011180344653607753,0.0,0.0,False,0.0,0.0,0.6,MODEL_ONLY,DUPLICATE_OR_OLD,DUPLICATE_OR_OLD,65.607745219,65.607745219
65.82013343700001,4.646476126520354,13.044522583606486,0.006180340582864891,0.0,0.0,False,0.0,0.618034058286489,0.6,FUSED,ACCEPTED,ACCEPTED,65.705712255,65.705712255
65.870133437,4.616908275859845,13.276107193665979,0.011180340582864608,0.0,0.0,False,0.0,0.0,0.6,MODEL_ONLY,DUPLICATE_OR_OLD,DUPLICATE_OR_OLD,65.705712255,65.705712255
65.920133437,4.62602138182962,13.507180435108202,0.006180339988951388,0.0,0.0,False,0.0,0.6180339988951387,0.6,FUSED,ACCEPTED,ACCEPTED,65.803666344,65.803666344
65.970133437,4.596452334307924,13.737742278011627,0.011180339988951104,0.0,0.0,False,0.0,0.0,0.6,MODEL_ONLY,DUPLICATE_OR_OLD,DUPLICATE_OR_OLD,65.803666344,65.803666344
66.020133437,4.632521084401626,13.968466613479354,0.006180339902300578,0.0,0.0,False,0.0,0.6180339902300576,0.6,FUSED,ACCEPTED,ACCEPTED,65.905640343,65.905640343
66.07013343700001,4.602951109048034,14.199353418315647,0.011180339902301715,0.0,0.0,False,0.0,0.0,0.6,MODEL_ONLY,DUPLICATE_OR_OLD,DUPLICATE_OR_OLD,65.905640343,65.905640343
66.120133437,4.638606645423705,14.430392362177427,0.006180339889658602,0.0,0.0,False,0.0,0.6180339889658601,0.6,FUSED,ACCEPTED,ACCEPTED,66.007614,66.007614
66.170133437,4.609035950795388,14.661583427082892,0.011180339889658318,0.0,0.0,False,0.0,0.0,0.6,MODEL_ONLY,DUPLICATE_OR_OLD,DUPLICATE_OR_OLD,66.007614,66.007614
66.220133437,4.660771626330375,14.893328616511024,0.006180339887813956,0.0,0.0,False,0.0,0.6180339887813955,0.6,FUSED,ACCEPTED,ACCEPTED,66.105583495,66.105583495
66.270133437,4.631200374105203,15.1256279165219,0.011180339887813672,0.0,0.0,False,0.0,0.0,0.6,MODEL_ONLY,DUPLICATE_OR_OLD,DUPLICATE_OR_OLD,66.105583495,66.105583495
66.32013343700001,4.711298536164496,15.359190389278695,0.006180339887545032,0.0,0.0,False,0.0,0.6180339887545032,0.6,FUSED,ACCEPTED,ACCEPTED,66.203563303,66.203563303
66.370133437,4.681726851678551,15.594016023974758,0.011180339887544749,0.0,0.0,False,0.0,0.0,0.6,MODEL_ONLY,DUPLICATE_OR_OLD,DUPLICATE_OR_OLD,66.203563303,66.203563303
66.420133437,4.7612029055212695,15.830089267904741,0.00618033988750559,0.0,0.0,False,0.0,0.6180339887505588,0.6,FUSED,ACCEPTED,ACCEPTED,66.30953461,66.30953461
66.470133437,4.73163088593771,16.067410112691203,0.011180339887505306,0.0,0.0,False,0.0,0.0,0.6,MODEL_ONLY,DUPLICATE_OR_OLD,DUPLICATE_OR_OLD,66.30953461,66.30953461
66.520133437,4.77357320149863,16.305040214877096,0.006180339887499836,0.0,0.0,False,0.0,0.6180339887499834,0.6,FUSED,ACCEPTED,ACCEPTED,66.411496982,66.411496982
66.57013343700001,4.744000922140366,16.542979567968125,0.011180339887500973,0.0,0.0,False,0.0,0.0,0.6,MODEL_ONLY,DUPLICATE_OR_OLD,DUPLICATE_OR_OLD,66.411496982,66.411496982
66.620133437,4.75212610289414,16.780382743593975,0.0061803398874992034,0.0,0.0,False,0.0,0.6180339887499202,0.6,FUSED,ACCEPTED,ACCEPTED,66.507471677,66.507471677
66.670133437,4.722553622153092,17.017249736720142,0.011180339887498919,0.0,0.0,False,0.0,0.0,0.6,MODEL_ONLY,DUPLICATE_OR_OLD,DUPLICATE_OR_OLD,66.507471677,66.507471677
66.720133437,4.7437373161809715,17.25390701017848,0.006180339887498903,0.0,0.0,False,0.0,0.6180339887498902,0.6,FUSED,ACCEPTED,ACCEPTED,66.611439075,66.611439075
66.770133437,4.714164679323761,17.490354560066084,0.01118033988749862,0.0,0.0,False,0.0,0.0,0.6,MODEL_ONLY,DUPLICATE_OR_OLD,DUPLICATE_OR_OLD,66.611439075,66.611439075
66.82013343700001,4.737006415177576,17.72663383742867,0.006180339887499067,0.0,0.0,False,0.0,0.6180339887499066,0.6,FUSED,ACCEPTED,ACCEPTED,66.707411313,66.707411313
66.870133437,4.707433657295843,17.962744839240493,0.011180339887498784,0.0,0.0,False,0.0,0.0,0.6,MODEL_ONLY,DUPLICATE_OR_OLD,DUPLICATE_OR_OLD,66.707411313,66.707411313
66.920133437,4.727254119171362,18.198612033652157,0.006180339887498883,0.0,0.0,False,0.0,0.6180339887498882,0.6,FUSED,ACCEPTED,ACCEPTED,66.811393464,66.811393464
66.970133437,4.697681267468881,18.434235418318153,0.0111803398874986,0.0,0.0,False,0.0,0.0,0.6,MODEL_ONLY,DUPLICATE_OR_OLD,DUPLICATE_OR_OLD,66.811393464,66.811393464
67.020133437,4.712305636577961,18.66948509091931,0.006180339887498857,0.0,0.0,False,0.0,0.6180339887498856,0.6,FUSED,ACCEPTED,ACCEPTED,66.895362832,66.895362832
67.07013343700001,4.682732712143661,18.9043610496374,0.011180339887499995,0.0,0.0,False,0.0,0.0,0.6,MODEL_ONLY,DUPLICATE_OR_OLD,DUPLICATE_OR_OLD,66.895362832,66.895362832
67.120133437,4.692828158853878,19.13875007141233,0.00618033988749906,0.0,0.0,False,0.0,0.618033988749906,0.6,FUSED,ACCEPTED,ACCEPTED,66.999353438,66.999353438
67.170133437,4.663255178036362,19.37265215483457,0.011180339887498777,0.0,0.0,False,0.0,0.0,0.6,MODEL_ONLY,DUPLICATE_OR_OLD,DUPLICATE_OR_OLD,66.999353438,66.999353438
67.220133437,4.676423699603629,19.606144126775558,0.0061803398874988825,0.0,0.0,False,0.0,0.6180339887498882,0.6,FUSED,ACCEPTED,ACCEPTED,67.097319249,67.097319249
67.270133437,4.646850675076655,19.83922598614255,0.0111803398874986,0.0,0.0,False,0.0,0.0,0.6,MODEL_ONLY,DUPLICATE_OR_OLD,DUPLICATE_OR_OLD,67.097319249,67.097319249
67.32013343700001,4.665104121385339,20.072024856054153,0.006180339887499064,0.0,0.0,False,0.0,0.6180339887499062,0.6,FUSED,ACCEPTED,ACCEPTED,67.217290047,67.217290047
67.370133437,4.635531062973876,20.304540735663117,0.01118033988749878,0.0,0.0,False,0.0,0.0,0.6,MODEL_ONLY,DUPLICATE_OR_OLD,DUPLICATE_OR_OLD,67.217290047,67.217290047
67.420133437,4.6472855613020565,20.536611151270005,0.006180339887498883,0.0,0.0,False,0.0,0.6180339887498882,0.6,FUSED,ACCEPTED,ACCEPTED,67.297258823,67.297258823
67.470133437,4.6177124766226285,20.768236102218108,0.0111803398874986,0.0,0.0,False,0.0,0.0,0.6,MODEL_ONLY,DUPLICATE_OR_OLD,DUPLICATE_OR_OLD,67.297258823,67.297258823
67.520133437,4.630587776550292,20.999443608547416,0.006180339887498857,0.0,0.0,False,0.0,0.6180339887498856,0.6,FUSED,ACCEPTED,ACCEPTED,67.397231534,67.397231534
67.57013343700001,4.601014671507378,21.230233669748912,0.011180339887499995,0.0,0.0,False,0.0,0.0,0.6,MODEL_ONLY,DUPLICATE_OR_OLD,DUPLICATE_OR_OLD,67.397231534,67.397231534
67.620133437,4.617112950341198,21.460686860295112,0.00618033988749906,0.0,0.0,False,0.0,0.618033988749906,0.6,FUSED,ACCEPTED,ACCEPTED,67.499201195,67.499201195
67.670133437,4.587539829512098,21.69080317979143,0.011180339887498777,0.0,0.0,False,0.0,0.0,0.6,MODEL_ONLY,DUPLICATE_OR_OLD,DUPLICATE_OR_OLD,67.499201195,67.499201195
67.720133437,4.597364257812478,21.92042578197453,0.0061803398874988825,0.0,0.0,False,0.0,0.6180339887498882,0.6,FUSED,ACCEPTED,ACCEPTED,67.603178201,67.603178201
67.770133437,4.567791124745588,22.14955466653847,0.0111803398874986,0.0,0.0,False,0.0,0.0,0.6,MODEL_ONLY,DUPLICATE_OR_OLD,DUPLICATE_OR_OLD,67.603178201,67.603178201
67.82013343700001,4.575363240450579,22.378133525668428,0.006180339887499064,0.0,0.0,False,0.0,0.6180339887499062,0.6,FUSED,ACCEPTED,ACCEPTED,67.695144158,67.695144158
67.870133437,4.545790097896698,22.606162359127097,0.01118033988749878,0.0,0.0,False,0.0,0.0,0.6,MODEL_ONLY,DUPLICATE_OR_OLD,DUPLICATE_OR_OLD,67.695144158,67.695144158
67.920133437,4.574531833517988,22.83417040741245,0.006180339887498883,0.0,0.0,False,0.0,0.6180339887498882,0.6,FUSED,ACCEPTED,ACCEPTED,67.809115762,67.809115762
67.970133437,4.544958683609593,23.062157670340625,0.0111803398874986,0.0,0.0,False,0.0,0.0,0.6,MODEL_ONLY,DUPLICATE_OR_OLD,DUPLICATE_OR_OLD,67.809115762,67.809115762
68.020133437,4.570458661463446,23.290043103967434,0.006180339887498857,0.0,0.0,False,0.0,0.6180339887498856,0.6,FUSED,ACCEPTED,ACCEPTED,67.901084376,67.901084376
68.07013343700001,4.540885505853669,23.517826708150416,0.011180339887499995,0.0,0.0,False,0.0,0.0,0.6,MODEL_ONLY,DUPLICATE_OR_OLD,DUPLICATE_OR_OLD,67.901084376,67.901084376
68.120133437,4.5461585346439914,23.745002809162845,0.00618033988749906,0.0,0.0,False,0.0,0.618033988749906,0.6,FUSED,ACCEPTED,ACCEPTED,68.00306748,68.00306748
68.170133437,4.516585374614398,23.97157140689429,0.011180339887498777,0.0,0.0,False,0.0,0.0,0.6,MODEL_ONLY,DUPLICATE_OR_OLD,DUPLICATE_OR_OLD,68.00306748,68.00306748
68.220133437,4.534385511136589,24.197845679038053,0.0061803398874988825,0.0,0.0,False,0.0,0.6180339887498882,0.6,FUSED,ACCEPTED,ACCEPTED,68.103029012,68.103029012
68.270133437,4.504812347680655,24.42382562550847,0.0111803398874986,0.0,0.0,False,0.0,0.0,0.6,MODEL_ONLY,DUPLICATE_OR_OLD,DUPLICATE_OR_OLD,68.103029012,68.103029012
68.32013343700001,4.5277180600379205,24.64963888570149,0.006180339887499064,0.0,0.0,False,0.0,0.6180339887499062,0.6,FUSED,ACCEPTED,ACCEPTED,68.223001948,68.223001948
68.370133437,4.498144893925816,24.875285459550568,0.01118033988749878,0.0,0.0,False,0.0,0.0,0.6,MODEL_ONLY,DUPLICATE_OR_OLD,DUPLICATE_OR_OLD,68.223001948,68.223001948
68.420133437,4.504225389978119,25.100344716648152,0.006180339887498883,0.0,0.0,False,0.0,0.6180339887498882,0.6,FUSED,ACCEPTED,ACCEPTED,68.294979335,68.294979335
68.470133437,4.4746522218068945,25.32481665694277,0.0111803398874986,0.0,0.0,False,0.0,0.0,0.6,MODEL_ONLY,DUPLICATE_OR_OLD,DUPLICATE_OR_OLD,68.294979335,68.294979335
68.520133437,4.487979782186287,25.548882457042584,0.006180339887498857,0.0,0.0,False,0.0,0.6180339887498856,0.6,FUSED,ACCEPTED,ACCEPTED,68.400957886,68.400957886
68.57013343700001,4.458406612418782,25.77254211690776,0.011180339887499995,0.0,0.0,False,0.0,0.0,0.6,MODEL_ONLY,DUPLICATE_OR_OLD,DUPLICATE_OR_OLD,68.400957886,68.400957886
68.620133437,4.486702310785672,25.996169839987864,0.00618033988749906,0.0,0.0,False,0.0,0.618033988749906,0.6,FUSED,ACCEPTED,ACCEPTED,68.500919543,68.500919543
68.670133437,4.457129139780712,26.21976562625201,0.011180339887498777,0.0,0.0,False,0.0,0.0,0.6,MODEL_ONLY,DUPLICATE_OR_OLD,DUPLICATE_OR_OLD,68.500919543,68.500919543
68.720133437,4.488621788940488,26.443409399470024,0.0061803398874988825,0.0,0.0,False,0.0,0.6180339887498882,0.6,FUSED,ACCEPTED,ACCEPTED,68.610894591,68.610894591
68.770133437,4.45904861697622,26.667101159617932,0.0111803398874986,0.0,0.0,False,0.0,0.0,0.6,MODEL_ONLY,DUPLICATE_OR_OLD,DUPLICATE_OR_OLD,68.610894591,68.610894591
68.82013343700001,4.486010746343493,26.890727643700977,0.006180339887499064,0.0,0.0,False,0.0,0.6180339887499062,0.6,FUSED,ACCEPTED,ACCEPTED,68.702863932,68.702863932
68.870133437,4.456437573635548,27.11428885170044,0.01118033988749878,0.0,0.0,False,0.0,0.0,0.6,MODEL_ONLY,DUPLICATE_OR_OLD,DUPLICATE_OR_OLD,68.702863932,68.702863932
68.920133437,4.492417810117496,27.338010236294252,0.006180339887498883,0.0,0.0,False,0.0,0.6180339887498882,0.6,FUSED,ACCEPTED,ACCEPTED,68.802834868,68.802834868
68.970133437,4.462844636833038,27.561891797468,0.0111803398874986,0.0,0.0,False,0.0,0.0,0.6,MODEL_ONLY,DUPLICATE_OR_OLD,DUPLICATE_OR_OLD,68.802834868,68.802834868
69.020133437,4.516949057745626,27.786386639832457,0.006180339887498857,0.0,0.0,False,0.0,0.6180339887498856,0.6,FUSED,ACCEPTED,ACCEPTED,68.89681753,68.89681753
69.07013343700001,4.487375884014235,28.011494763376504,0.011180339887499995,0.0,0.0,False,0.0,0.0,0.6,MODEL_ONLY,DUPLICATE_OR_OLD,DUPLICATE_OR_OLD,68.89681753,68.89681753
69.120133437,4.540123608013319,28.237182250677183,0.00618033988749906,0.0,0.0,False,0.0,0.618033988749906,0.6,FUSED,ACCEPTED,ACCEPTED,69.000793357,69.000793357
69.170133437,4.510550433935471,28.46344910172589,0.011180339887498777,0.0,0.0,False,0.0,0.0,0.6,MODEL_ONLY,DUPLICATE_OR_OLD,DUPLICATE_OR_OLD,69.000793357,69.000793357
69.220133437,4.507075101594631,28.688889740114128,0.0061803398874988825,0.0,0.0,False,0.0,0.6180339887498882,0.5842893602762728,FUSED,ACCEPTED,ACCEPTED,69.098750838,69.098750838
69.270133437,4.476716395262009,28.91348452753553,0.0111803398874986,0.0,0.0,False,0.0,0.0,0.5842893602762728,MODEL_ONLY,DUPLICATE_OR_OLD,DUPLICATE_OR_OLD,69.098750838,69.098750838
69.32013343700001,4.500200183576615,29.137907442006547,0.006180339887499064,0.0,0.0,False,0.0,0.6180339887499062,0.6,FUSED,ACCEPTED,ACCEPTED,69.206738608,69.206738608
69.370133437,4.470627009021965,29.362178121821497,0.01118033988749878,0.0,0.0,False,0.0,0.0,0.6,MODEL_ONLY,DUPLICATE_OR_OLD,DUPLICATE_OR_OLD,69.206738608,69.206738608
69.420133437,4.4951752551130015,29.58632317842486,0.006180339887498883,0.0,0.0,False,0.0,0.6180339887498882,0.6,FUSED,ACCEPTED,ACCEPTED,69.296710529,69.296710529
69.470133437,4.465602080396939,29.810342611812594,0.0111803398874986,0.0,0.0,False,0.0,0.0,0.6,MODEL_ONLY,DUPLICATE_OR_OLD,DUPLICATE_OR_OLD,69.296710529,69.296710529
69.520133437,4.4998366392806455,30.03447857980452,0.006180339887498857,0.0,0.0,False,0.0,0.6180339887498856,0.6,FUSED,ACCEPTED,ACCEPTED,69.396677075,69.396677075
69.57013343700001,4.470263464439444,30.258731082397574,0.011180339887499995,0.0,0.0,False,0.0,0.0,0.6,MODEL_ONLY,DUPLICATE_OR_OLD,DUPLICATE_OR_OLD,69.396677075,69.396677075
69.620133437,4.504727847048393,30.483105865184754,0.00618033988749906,0.0,0.0,False,0.0,0.618033988749906,0.6,FUSED,ACCEPTED,ACCEPTED,69.500656952,69.500656952
69.670133437,4.475154672110197,30.70760292816371,0.011180339887498777,0.0,0.0,False,0.0,0.0,0.6,MODEL_ONLY,DUPLICATE_OR_OLD,DUPLICATE_OR_OLD,69.500656952,69.500656952
69.720133437,4.487167363520218,30.931660979054456,0.0061803398874988825,0.0,0.0,False,0.0,0.6180339887498882,0.6,FUSED,ACCEPTED,ACCEPTED,69.602619417,69.602619417
69.770133437,4.457594188506822,31.15528001785512,0.0111803398874986,0.0,0.0,False,0.0,0.0,0.6,MODEL_ONLY,DUPLICATE_OR_OLD,DUPLICATE_OR_OLD,69.602619417,69.602619417
69.82013343700001,4.508441136536456,31.37943090098125,0.006180339887499064,0.0,0.0,False,0.0,0.6180339887499062,0.6,FUSED,ACCEPTED,ACCEPTED,69.702589468,69.702589468
69.870133437,4.478867961464765,31.604113628431264,0.01118033988749878,0.0,0.0,False,0.0,0.0,0.6,MODEL_ONLY,DUPLICATE_OR_OLD,DUPLICATE_OR_OLD,69.702589468,69.702589468
69.920133437,4.530032443701531,31.829336138560407,0.006180339887498883,0.0,0.0,False,0.0,0.6180339887498882,0.6,FUSED,ACCEPTED,ACCEPTED,69.796571312,69.796571312
69.970133437,4.500459268584647,32.05509843136755,0.0111803398874986,0.0,0.0,False,0.0,0.0,0.6,MODEL_ONLY,DUPLICATE_OR_OLD,DUPLICATE_OR_OLD,69.796571312,69.796571312
70.020133437,4.56832676819598,32.281818082287046,0.006180339887498857,0.0,0.0,False,0.0,0.6180339887498856,0.6,FUSED,ACCEPTED,ACCEPTED,69.896536098,69.896536098
70.07013343700001,4.538753593044054,32.5094950913181,0.011180339887499995,0.0,0.0,False,0.0,0.0,0.6,MODEL_ONLY,DUPLICATE_OR_OLD,DUPLICATE_OR_OLD,69.896536098,69.896536098
70.120133437,4.630224942748963,32.73871955471291,0.00618033988749906,0.0,0.0,False,0.0,0.618033988749906,0.6,FUSED,ACCEPTED,ACCEPTED,70.006497836,70.006497836
70.170133437,4.600651767569886,32.96949147247087,0.011180339887498777,0.0,0.0,False,0.0,0.0,0.6,MODEL_ONLY,DUPLICATE_OR_OLD,DUPLICATE_OR_OLD,70.006497836,70.006497836
70.220133437,4.659174831605366,33.200987137450234,0.0061803398874988825,0.0,0.0,False,0.0,0.6180339887498882,0.6,FUSED,ACCEPTED,ACCEPTED,70.098484585,70.098484585
70.270133437,4.629601656405235,33.433206549650485,0.0111803398874986,0.0,0.0,False,0.0,0.0,0.6,MODEL_ONLY,DUPLICATE_OR_OLD,DUPLICATE_OR_OLD,70.098484585,70.098484585
70.32013343700001,4.652191428825276,33.6652513767813,0.006180339887499064,0.0,0.0,False,0.0,0.6180339887499062,0.6,FUSED,ACCEPTED,ACCEPTED,70.214500244,70.214500244
70.370133437,4.622618253608823,33.89712161884214,0.01118033988749878,0.0,0.0,False,0.0,0.0,0.6,MODEL_ONLY,DUPLICATE_OR_OLD,DUPLICATE_OR_OLD,70.214500244,70.214500244
70.420133437,4.659276682366842,34.12916899224152,0.006180339887498883,0.0,0.0,False,0.0,0.6180339887498882,0.6,FUSED,ACCEPTED,ACCEPTED,70.298426931,70.298426931
70.470133437,4.629703507137736,34.36139349697912,0.0111803398874986,0.0,0.0,False,0.0,0.0,0.6,MODEL_ONLY,DUPLICATE_OR_OLD,DUPLICATE_OR_OLD,70.298426931,70.298426931
70.520133437,4.651270987039839,34.59341785933355,0.006180339887498857,0.0,0.0,False,0.0,0.6180339887498856,0.6,FUSED,ACCEPTED,ACCEPTED,70.398410505,70.398410505
70.57013343700001,4.621697811800916,34.825242079304616,0.011180339887499995,0.0,0.0,False,0.0,0.0,0.6,MODEL_ONLY,DUPLICATE_OR_OLD,DUPLICATE_OR_OLD,70.398410505,70.398410505
70.620133437,4.648695943342213,35.057001923183186,0.00618033988749906,0.0,0.0,False,0.0,0.618033988749906,0.6,FUSED,ACCEPTED,ACCEPTED,70.49637362,70.49637362
70.670133437,4.6191227680956946,35.28869739096912,0.011180339887498777,0.0,0.0,False,0.0,0.0,0.6,MODEL_ONLY,DUPLICATE_OR_OLD,DUPLICATE_OR_OLD,70.49637362,70.49637362
70.720133437,4.645648250664553,35.520316666438106,0.0061803398874988825,0.0,0.0,False,0.0,0.6180339887498882,0.6,FUSED,ACCEPTED,ACCEPTED,70.596339874,70.596339874
70.770133437,4.616075075412139,35.75185974959001,0.0111803398874986,0.0,0.0,False,0.0,0.0,0.6,MODEL_ONLY,DUPLICATE_OR_OLD,DUPLICATE_OR_OLD,70.596339874,70.596339874
70.82013343700001,4.637873213977201,35.9832084568248,0.006180339887499064,0.0,0.0,False,0.0,0.6180339887499062,0.6,FUSED,ACCEPTED,ACCEPTED,70.696310011,70.696310011
70.870133437,4.608300038720218,36.21436278814222,0.01118033988749878,0.0,0.0,False,0.0,0.0,0.6,MODEL_ONLY,DUPLICATE_OR_OLD,DUPLICATE_OR_OLD,70.696310011,70.696310011
70.920133437,4.6272404389861554,36.44525130008487,0.006180339887498883,0.0,0.0,False,0.0,0.6180339887498882,0.6,FUSED,ACCEPTED,ACCEPTED,70.810278979,70.810278979
70.970133437,4.597667263725629,36.675873992652654,0.0111803398874986,0.0,0.0,False,0.0,0.0,0.6,MODEL_ONLY,DUPLICATE_OR_OLD,DUPLICATE_OR_OLD,70.810278979,70.810278979
71.020133437,4.634169304935102,36.90666990686916,0.006180339887498857,0.0,0.0,False,0.0,0.6180339887498856,0.6,FUSED,ACCEPTED,ACCEPTED,70.904262454,70.904262454
71.07013343700001,4.604596129671822,37.137639042734385,0.011180339887499995,0.0,0.0,False,0.0,0.0,0.6,MODEL_ONLY,DUPLICATE_OR_OLD,DUPLICATE_OR_OLD,70.904262454,70.904262454
71.120133437,4.6238504047470155,37.36835020609484,0.00618033988749906,0.0,0.0,False,0.0,0.618033988749906,0.6,FUSED,ACCEPTED,ACCEPTED,71.008223763,71.008223763
71.170133437,4.594277229481614,37.598803396950544,0.011180339887498777,0.0,0.0,False,0.0,0.0,0.6,MODEL_ONLY,DUPLICATE_OR_OLD,DUPLICATE_OR_OLD,71.008223763,71.008223763
71.220133437,4.619581231195166,37.82914985846745,0.0061803398874988825,0.0,0.0,False,0.0,0.6180339887498882,0.6,FUSED,ACCEPTED,ACCEPTED,71.106206216,71.106206216
71.270133437,4.590008055928115,38.059389590645516,0.0111803398874986,0.0,0.0,False,0.0,0.0,0.6,MODEL_ONLY,DUPLICATE_OR_OLD,DUPLICATE_OR_OLD,71.106206216,71.106206216
71.32013343700001,4.610108404213998,38.28939250214913,0.006180339887499064,0.0,0.0,False,0.0,0.6180339887499062,0.6,FUSED,ACCEPTED,ACCEPTED,71.226454414,71.226454414
71.370133437,4.580535228945667,38.5191585929781,0.01118033988749878,0.0,0.0,False,0.0,0.0,0.6,MODEL_ONLY,DUPLICATE_OR_OLD,DUPLICATE_OR_OLD,71.226454414,71.226454414
71.420133437,4.60470375866301,38.74878956766831,0.006180339887498883,0.0,0.0,False,0.0,0.6180339887498882,0.6,FUSED,ACCEPTED,ACCEPTED,71.300150931,71.300150931
71.470133437,4.575130583393688,38.97828542621971,0.0111803398874986,0.0,0.0,False,0.0,0.0,0.6,MODEL_ONLY,DUPLICATE_OR_OLD,DUPLICATE_OR_OLD,71.300150931,71.300150931
71.520133437,4.57718423909503,39.20709329678192,0.006180339887498857,0.0,0.0,False,0.0,0.6180339887498856,0.6,FUSED,ACCEPTED,ACCEPTED,71.398117647,71.398117647
71.57013343700001,4.54761106382493,39.435213179354974,0.011180339887499995,0.0,0.0,False,0.0,0.0,0.6,MODEL_ONLY,DUPLICATE_OR_OLD,DUPLICATE_OR_OLD,71.398117647,71.398117647
71.620133437,4.573347089878956,39.663237133197555,0.00618033988749906,0.0,0.0,False,0.0,0.618033988749906,0.6,FUSED,ACCEPTED,ACCEPTED,71.496110759,71.496110759
71.670133437,4.543773914608268,39.891165158309725,0.011180339887498777,0.0,0.0,False,0.0,0.0,0.6,MODEL_ONLY,DUPLICATE_OR_OLD,DUPLICATE_OR_OLD,71.496110759,71.496110759
71.720133437,4.555728587979745,40.118652720874415,0.0061803398874988825,0.0,0.0,False,0.0,0.6180339887498882,0.6,FUSED,ACCEPTED,ACCEPTED,71.598073174,71.598073174
71.770133437,4.5261554127085954,40.34569982089161,0.0111803398874986,0.0,0.0,False,0.0,0.0,0.6,MODEL_ONLY,DUPLICATE_OR_OLD,DUPLICATE_OR_OLD,71.598073174,71.598073174
71.82013343700001,4.571301924441009,40.5731362543204,0.006180339887499064,0.0,0.0,False,0.0,0.6180339887499062,0.6,FUSED,ACCEPTED,ACCEPTED,71.696045558,71.696045558
71.870133437,4.5417287491695015,40.80096202116065,0.01118033988749878,0.0,0.0,False,0.0,0.0,0.6,MODEL_ONLY,DUPLICATE_OR_OLD,DUPLICATE_OR_OLD,71.696045558,71.696045558
71.920133437,4.5592643398076875,41.02848684838507,0.006180339887498883,0.0,0.0,False,0.0,0.6180339887498882,0.6,FUSED,ACCEPTED,ACCEPTED,71.80199636,71.80199636
71.970133437,4.529691164535902,41.25571073599365,0.0111803398874986,0.0,0.0,False,0.0,0.0,0.6,MODEL_ONLY,DUPLICATE_OR_OLD,DUPLICATE_OR_OLD,71.80199636,71.80199636
72.020133437,4.571158721813353,41.48323198315237,0.006180339887498857,0.0,0.0,False,0.0,0.6180339887498856,0.6,FUSED,ACCEPTED,ACCEPTED,71.909973281,71.909973281
72.07013343700001,4.541585546541343,41.71105058986129,0.011180339887499995,0.0,0.0,False,0.0,0.0,0.6,MODEL_ONLY,DUPLICATE_OR_OLD,DUPLICATE_OR_OLD,71.909973281,71.909973281
72.120133437,4.566219050180972,41.93874570477933,0.00618033988749906,0.0,0.0,False,0.0,0.618033988749906,0.6,FUSED,ACCEPTED,ACCEPTED,72.009941711,72.009941711
72.170133437,4.536645874908804,42.16631732790656,0.011180339887498777,0.0,0.0,False,0.0,0.0,0.6,MODEL_ONLY,DUPLICATE_OR_OLD,DUPLICATE_OR_OLD,72.009941711,72.009941711
72.220133437,4.56131217998766,42.39376627927896,0.0061803398874988825,0.0,0.0,False,0.0,0.6180339887498882,0.6,FUSED,ACCEPTED,ACCEPTED,72.103913902,72.103913902
72.270133437,4.531739004715363,42.62109255889652,0.0111803398874986,0.0,0.0,False,0.0,0.0,0.6,MODEL_ONLY,DUPLICATE_OR_OLD,DUPLICATE_OR_OLD,72.103913902,72.103913902
72.32013343700001,4.564773155566352,42.848505362903616,0.006180339887499064,0.0,0.0,False,0.0,0.6180339887499062,0.6,FUSED,ACCEPTED,ACCEPTED,72.221892104,72.221892104
72.370133437,4.535199980293955,43.076004691300106,0.01118033988749878,0.0,0.0,False,0.0,0.0,0.6,MODEL_ONLY,DUPLICATE_OR_OLD,DUPLICATE_OR_OLD,72.221892104,72.221892104
72.420133437,4.5733883545868,43.30371939967211,0.006180339887498883,0.0,0.0,False,0.0,0.6180339887498882,0.6,FUSED,ACCEPTED,ACCEPTED,72.305865809,72.305865809
72.470133437,4.543815179314325,43.53164948801963,0.0111803398874986,0.0,0.0,False,0.0,0.0,0.6,MODEL_ONLY,DUPLICATE_OR_OLD,DUPLICATE_OR_OLD,72.305865809,72.305865809
72.520133437,4.562039387345896,43.75929585218612,0.006180339887498857,0.0,0.0,False,0.0,0.6180339887498856,0.6,FUSED,ACCEPTED,ACCEPTED,72.40183288,72.40183288
72.57013343700001,4.532466212073352,43.98665849217165,0.011180339887499995,0.0,0.0,False,0.0,0.0,0.6,MODEL_ONLY,DUPLICATE_OR_OLD,DUPLICATE_OR_OLD,72.40183288,72.40183288
72.620133437,4.552260849055474,44.21377666869986,0.00618033988749906,0.0,0.0,False,0.0,0.618033988749906,0.6,FUSED,ACCEPTED,ACCEPTED,72.503820637,72.503820637
72.670133437,4.522687673782892,44.44065038177081,0.011180339887498777,0.0,0.0,False,0.0,0.0,0.6,MODEL_ONLY,DUPLICATE_OR_OLD,DUPLICATE_OR_OLD,72.503820637,72.503820637
72.720133437,4.533869455224152,44.66706430999597,0.0061803398874988825,0.0,0.0,False,0.0,0.6180339887498882,0.6,FUSED,ACCEPTED,ACCEPTED,72.599776663,72.599776663
72.770133437,4.504296279951533,44.893018453375355,0.0111803398874986,0.0,0.0,False,0.0,0.0,0.6,MODEL_ONLY,DUPLICATE_OR_OLD,DUPLICATE_OR_OLD,72.599776663,72.599776663
72.82013343700001,4.514927656140008,45.1184990517777,0.006180339887499064,0.0,0.0,False,0.0,0.6180339887499062,0.6,FUSED,ACCEPTED,ACCEPTED,72.699761438,72.699761438
72.870133437,4.485354480867362,45.34350610520286,0.01118033988749878,0.0,0.0,False,0.0,0.0,0.6,MODEL_ONLY,DUPLICATE_OR_OLD,DUPLICATE_OR_OLD,72.699761438,72.699761438
72.920133437,4.512249410158585,45.5684462024785,0.006180339887498883,0.0,0.0,False,0.0,0.6180339887498882,0.6,FUSED,ACCEPTED,ACCEPTED,72.797729742,72.797729742
72.970133437,4.482676234885917,45.793319343604594,0.0111803398874986,0.0,0.0,False,0.0,0.0,0.6,MODEL_ONLY,DUPLICATE_OR_OLD,DUPLICATE_OR_OLD,72.797729742,72.797729742
73.020133437,4.494281019713889,46.017743274969575,0.006180339887498857,0.0,0.0,False,0.0,0.6180339887498856,0.6,FUSED,ACCEPTED,ACCEPTED,72.899700758,72.899700758
73.07013343700001,4.464707844441196,46.241717996573506,0.011180339887499995,0.0,0.0,False,0.0,0.0,0.6,MODEL_ONLY,DUPLICATE_OR_OLD,DUPLICATE_OR_OLD,72.899700758,72.899700758
73.120133437,4.496489465322373,46.46574792931759,0.00618033988749906,0.0,0.0,False,0.0,0.618033988749906,0.6,FUSED,ACCEPTED,ACCEPTED,73.0076822,73.0076822
73.170133437,4.466916290049674,46.689833073201875,0.011180339887498777,0.0,0.0,False,0.0,0.0,0.6,MODEL_ONLY,DUPLICATE_OR_OLD,DUPLICATE_OR_OLD,73.0076822,73.0076822
73.220133437,4.4709382431386935,46.91327943653157,0.0061803398874988825,0.0,0.0,False,0.0,0.6180339887498882,0.6,FUSED,ACCEPTED,ACCEPTED,73.09964084,73.09964084
73.270133437,4.441365067865985,47.13608701930667,0.0111803398874986,0.0,0.0,False,0.0,0.0,0.6,MODEL_ONLY,DUPLICATE_OR_OLD,DUPLICATE_OR_OLD,73.09964084,73.09964084
73.32013343700001,4.469023594025678,47.358846735854016,0.006180339887499064,0.0,0.0,False,0.0,0.6180339887499062,0.6,FUSED,ACCEPTED,ACCEPTED,73.225606967,73.225606967
73.370133437,4.439450418752962,47.581558586173465,0.01118033988749878,0.0,0.0,False,0.0,0.0,0.6,MODEL_ONLY,DUPLICATE_OR_OLD,DUPLICATE_OR_OLD,73.225606967,73.225606967
73.420133437,4.449529300897382,47.80378307916471,0.006180339887498883,0.0,0.0,False,0.0,0.6180339887498882,0.6,FUSED,ACCEPTED,ACCEPTED,73.29793025,73.29793025
73.470133437,4.419956125624659,48.02552021482775,0.0111803398874986,0.0,0.0,False,0.0,0.0,0.6,MODEL_ONLY,DUPLICATE_OR_OLD,DUPLICATE_OR_OLD,73.29793025,73.29793025
73.520133437,4.437841343027444,48.246965151544046,0.006180339887498857,0.0,0.0,False,0.0,0.6180339887498856,0.6,FUSED,ACCEPTED,ACCEPTED,73.397581174,73.397581174
73.57013343700001,4.408268167754708,48.468117889313646,0.011180339887499995,0.0,0.0,False,0.0,0.0,0.6,MODEL_ONLY,DUPLICATE_OR_OLD,DUPLICATE_OR_OLD,73.397581174,73.397581174
73.620133437,4.416092520595817,48.6887269065224,0.00618033988749906,0.0,0.0,False,0.0,0.618033988749906,0.6,FUSED,ACCEPTED,ACCEPTED,73.497591451,73.497591451
73.670133437,4.386519345323086,48.90879220317036,0.011180339887498777,0.0,0.0,False,0.0,0.0,0.6,MODEL_ONLY,DUPLICATE_OR_OLD,DUPLICATE_OR_OLD,73.497591451,73.497591451
73.720133437,4.414672880138193,49.12882200880687,0.0061803398874988825,0.0,0.0,False,0.0,0.6180339887498882,0.6,FUSED,ACCEPTED,ACCEPTED,73.599506183,73.599506183
73.770133437,4.38509970486546,49.348816323431954,0.0111803398874986,0.0,0.0,False,0.0,0.0,0.6,MODEL_ONLY,DUPLICATE_OR_OLD,DUPLICATE_OR_OLD,73.599506183,73.599506183
73.82013343700001,4.405643951756249,49.56858491484755,0.006180339887499064,0.0,0.0,False,0.0,0.6180339887499062,0.6,FUSED,ACCEPTED,ACCEPTED,73.695479429,73.695479429
73.870133437,4.376070776483513,49.78812778305354,0.01118033988749878,0.0,0.0,False,0.0,0.0,0.6,MODEL_ONLY,DUPLICATE_OR_OLD,DUPLICATE_OR_OLD,73.695479429,73.695479429
73.920133437,4.397991283546825,50.007479334554276,0.006180339887498883,0.0,0.0,False,0.0,0.6180339887498882,0.6,FUSED,ACCEPTED,ACCEPTED,73.797463108,73.797463108
73.970133437,4.368418108274088,50.226639569349786,0.0111803398874986,0.0,0.0,False,0.0,0.0,0.6,MODEL_ONLY,DUPLICATE_OR_OLD,DUPLICATE_OR_OLD,73.797463108,73.797463108
74.020133437,4.378086466003815,50.44530218370672,0.006180339887498857,0.0,0.0,False,0.0,0.6180339887498856,0.6,FUSED,ACCEPTED,ACCEPTED,73.899423319,73.899423319
74.07013343700001,4.348513290731067,50.663467177625144,0.011180339887499995,0.0,0.0,False,0.0,0.0,0.6,MODEL_ONLY,DUPLICATE_OR_OLD,DUPLICATE_OR_OLD,73.899423319,73.899423319
74.120133437,4.370461067051716,50.881441536569696,0.00618033988749906,0.0,0.0,False,0.0,0.618033988749906,0.6,FUSED,ACCEPTED,ACCEPTED,73.999407181,73.999407181
74.170133437,4.340887891778976,51.09922526054045,0.011180339887498777,0.0,0.0,False,0.0,0.0,0.6,MODEL_ONLY,DUPLICATE_OR_OLD,DUPLICATE_OR_OLD,73.999407181,73.999407181
74.220133437,4.343220589317498,51.316327972567855,0.0061803398874988825,0.0,0.0,False,0.0,0.6180339887498882,0.6,FUSED,ACCEPTED,ACCEPTED,74.099364926,74.099364926
74.270133437,4.313647414044758,51.532749672651896,0.0111803398874986,0.0,0.0,False,0.0,0.0,0.6,MODEL_ONLY,DUPLICATE_OR_OLD,DUPLICATE_OR_OLD,74.099364926,74.099364926
74.32013343700001,4.339994817972576,51.74909072845238,0.006180339887499064,0.0,0.0,False,0.0,0.6180339887499062,0.6,FUSED,ACCEPTED,ACCEPTED,74.21332826,74.21332826
74.370133437,4.3104216426998345,51.96535113996918,0.01118033988749878,0.0,0.0,False,0.0,0.0,0.6,MODEL_ONLY,DUPLICATE_OR_OLD,DUPLICATE_OR_OLD,74.21332826,74.21332826
74.420133437,4.307202534529318,52.1807917443999,0.006180339887498883,0.0,0.0,False,0.0,0.6180339887498882,0.6,FUSED,ACCEPTED,ACCEPTED,74.30130564,74.30130564
74.470133437,4.277629359256576,52.395412541744534,0.0111803398874986,0.0,0.0,False,0.0,0.0,0.6,MODEL_ONLY,DUPLICATE_OR_OLD,DUPLICATE_OR_OLD,74.30130564,74.30130564
74.520133437,4.287325486448806,52.60953641288716,0.006180339887498857,0.0,0.0,False,0.0,0.6180339887498856,0.6,FUSED,ACCEPTED,ACCEPTED,74.399275543,74.399275543
74.57013343700001,4.257752311176056,52.82316335782783,0.011180339887499995,0.0,0.0,False,0.0,0.0,0.6,MODEL_ONLY,DUPLICATE_OR_OLD,DUPLICATE_OR_OLD,74.399275543,74.399275543
74.620133437,4.269779134250425,53.03635164396348,0.00618033988749906,0.0,0.0,False,0.0,0.618033988749906,0.6,FUSED,ACCEPTED,ACCEPTED,74.501246812,74.501246812
74.670133437,4.240205958977683,53.249101271294165,0.011180339887498777,0.0,0.0,False,0.0,0.0,0.6,MODEL_ONLY,DUPLICATE_OR_OLD,DUPLICATE_OR_OLD,74.501246812,74.501246812
74.720133437,4.259368441338697,53.46159063130206,0.0061803398874988825,0.0,0.0,False,0.0,0.6180339887498882,0.6,FUSED,ACCEPTED,ACCEPTED,74.601231559,74.601231559
74.770133437,4.229795266065954,53.673819723987165,0.0111803398874986,0.0,0.0,False,0.0,0.0,0.6,MODEL_ONLY,DUPLICATE_OR_OLD,DUPLICATE_OR_OLD,74.601231559,74.601231559
74.82013343700001,4.239180447343977,53.88554411682246,0.006180339887499064,0.0,0.0,False,0.0,0.6180339887499062,0.6,FUSED,ACCEPTED,ACCEPTED,74.695194666,74.695194666
74.870133437,4.209607272071234,54.096763809807825,0.01118033988749878,0.0,0.0,False,0.0,0.0,0.6,MODEL_ONLY,DUPLICATE_OR_OLD,DUPLICATE_OR_OLD,74.695194666,74.695194666
