suite,bag,group,receiver,model,fault,rmse,mae,bias,p95,n,coverage,event_rmse,false_stop_samples,recovery_s,distance
clean,30618_0259fe53,95a748306e6cbf16,master,R2_guarded_v7,null,,,,,0,0.0,,0,,
clean,30618_0259fe53,95a748306e6cbf16,master,H13_interval_linear_v1,null,,,,,0,0.0,,0,,
clean,30618_0259fe53,95a748306e6cbf16,rover,R2_guarded_v7,null,,,,,0,0.0,,0,,
clean,30618_0259fe53,95a748306e6cbf16,rover,H13_interval_linear_v1,null,,,,,0,0.0,,0,,
clean,30618_082f1d65,1e811c142a49aa16,master,R2_guarded_v7,null,,,,,0,0.0,,0,,
clean,30618_082f1d65,1e811c142a49aa16,master,H13_interval_linear_v1,null,,,,,0,0.0,,0,,
clean,30618_082f1d65,1e811c142a49aa16,rover,R2_guarded_v7,null,,,,,0,0.0,,0,,
clean,30618_082f1d65,1e811c142a49aa16,rover,H13_interval_linear_v1,null,,,,,0,0.0,,0,,
clean,30618_095a115b,e894436afa9dd9f1,master,R2_guarded_v7,null,,,,,0,0.0,,0,,
clean,30618_095a115b,e894436afa9dd9f1,master,H13_interval_linear_v1,null,,,,,0,0.0,,0,,
clean,30618_095a115b,e894436afa9dd9f1,rover,R2_guarded_v7,null,,,,,0,0.0,,0,,
clean,30618_095a115b,e894436afa9dd9f1,rover,H13_interval_linear_v1,null,,,,,0,0.0,,0,,
clean,30618_0a83c933,86c32e441a296aaa,master,R2_guarded_v7,null,,,,,0,0.0,,0,,
clean,30618_0a83c933,86c32e441a296aaa,master,H13_interval_linear_v1,null,,,,,0,0.0,,0,,
clean,30618_0a83c933,86c32e441a296aaa,rover,R2_guarded_v7,null,,,,,0,0.0,,0,,
clean,30618_0a83c933,86c32e441a296aaa,rover,H13_interval_linear_v1,null,,,,,0,0.0,,0,,
clean,30618_0d865417,96d0ec5b7ee50e7e,master,R2_guarded_v7,null,,,,,0,0.0,,0,,
clean,30618_0d865417,96d0ec5b7ee50e7e,master,H13_interval_linear_v1,null,,,,,0,0.0,,0,,
clean,30618_0d865417,96d0ec5b7ee50e7e,rover,R2_guarded_v7,null,,,,,0,0.0,,0,,
clean,30618_0d865417,96d0ec5b7ee50e7e,rover,H13_interval_linear_v1,null,,,,,0,0.0,,0,,
clean,30618_1cc230fa,0f36b619fba02a9b,master,R2_guarded_v7,null,,,,,0,0.0,,0,,
clean,30618_1cc230fa,0f36b619fba02a9b,master,H13_interval_linear_v1,null,,,,,0,0.0,,0,,
clean,30618_1cc230fa,0f36b619fba02a9b,rover,R2_guarded_v7,null,,,,,0,0.0,,0,,
clean,30618_1cc230fa,0f36b619fba02a9b,rover,H13_interval_linear_v1,null,,,,,0,0.0,,0,,
clean,30618_20096314,c8a1e61d1b0710e9,master,R2_guarded_v7,null,,,,,0,0.0,,0,,
clean,30618_20096314,c8a1e61d1b0710e9,master,H13_interval_linear_v1,null,,,,,0,0.0,,0,,
clean,30618_20096314,c8a1e61d1b0710e9,rover,R2_guarded_v7,null,,,,,0,0.0,,0,,
clean,30618_20096314,c8a1e61d1b0710e9,rover,H13_interval_linear_v1,null,,,,,0,0.0,,0,,
clean,30618_2050d396,4a5f0d46327316bb,master,R2_guarded_v7,null,,,,,0,0.0,,0,,
clean,30618_2050d396,4a5f0d46327316bb,master,H13_interval_linear_v1,null,,,,,0,0.0,,0,,
clean,30618_2050d396,4a5f0d46327316bb,rover,R2_guarded_v7,null,,,,,0,0.0,,0,,
clean,30618_2050d396,4a5f0d46327316bb,rover,H13_interval_linear_v1,null,,,,,0,0.0,,0,,
clean,30618_2161b58b,8ff91290187a9769,master,R2_guarded_v7,null,,,,,0,0.0,,0,,
clean,30618_2161b58b,8ff91290187a9769,master,H13_interval_linear_v1,null,,,,,0,0.0,,0,,
clean,30618_2161b58b,8ff91290187a9769,rover,R2_guarded_v7,null,,,,,0,0.0,,0,,
clean,30618_2161b58b,8ff91290187a9769,rover,H13_interval_linear_v1,null,,,,,0,0.0,,0,,
clean,30618_21dd3af3,bc403256f12f9710,master,R2_guarded_v7,null,,,,,0,0.0,,0,,
clean,30618_21dd3af3,bc403256f12f9710,master,H13_interval_linear_v1,null,,,,,0,0.0,,0,,
clean,30618_21dd3af3,bc403256f12f9710,rover,R2_guarded_v7,null,,,,,0,0.0,,0,,
clean,30618_21dd3af3,bc403256f12f9710,rover,H13_interval_linear_v1,null,,,,,0,0.0,,0,,
clean,30618_22c1c589,dc785decbed3d7ce,master,R2_guarded_v7,null,,,,,0,0.0,,0,,
clean,30618_22c1c589,dc785decbed3d7ce,master,H13_interval_linear_v1,null,,,,,0,0.0,,0,,
clean,30618_22c1c589,dc785decbed3d7ce,rover,R2_guarded_v7,null,,,,,0,0.0,,0,,
clean,30618_22c1c589,dc785decbed3d7ce,rover,H13_interval_linear_v1,null,,,,,0,0.0,,0,,
clean,30618_2366c74a,58dd5f96d4201195,master,R2_guarded_v7,null,,,,,0,0.0,,0,,
clean,30618_2366c74a,58dd5f96d4201195,master,H13_interval_linear_v1,null,,,,,0,0.0,,0,,
clean,30618_2366c74a,58dd5f96d4201195,rover,R2_guarded_v7,null,,,,,0,0.0,,0,,
clean,30618_2366c74a,58dd5f96d4201195,rover,H13_interval_linear_v1,null,,,,,0,0.0,,0,,
clean,30618_2d2fa7be,bf69dbfe85be52b0,master,R2_guarded_v7,null,,,,,0,0.0,,0,,
clean,30618_2d2fa7be,bf69dbfe85be52b0,master,H13_interval_linear_v1,null,,,,,0,0.0,,0,,
clean,30618_2d2fa7be,bf69dbfe85be52b0,rover,R2_guarded_v7,null,,,,,0,0.0,,0,,
clean,30618_2d2fa7be,bf69dbfe85be52b0,rover,H13_interval_linear_v1,null,,,,,0,0.0,,0,,
clean,30618_2f2f1175,bf69dbfe85be52b0,master,R2_guarded_v7,null,,,,,0,0.0,,0,,
clean,30618_2f2f1175,bf69dbfe85be52b0,master,H13_interval_linear_v1,null,,,,,0,0.0,,0,,
clean,30618_2f2f1175,bf69dbfe85be52b0,rover,R2_guarded_v7,null,,,,,0,0.0,,0,,
clean,30618_2f2f1175,bf69dbfe85be52b0,rover,H13_interval_linear_v1,null,,,,,0,0.0,,0,,
clean,30618_3e9f4952,b8fda5f0647666fb,master,R2_guarded_v7,null,,,,,0,0.0,,0,,
clean,30618_3e9f4952,b8fda5f0647666fb,master,H13_interval_linear_v1,null,,,,,0,0.0,,0,,
clean,30618_3e9f4952,b8fda5f0647666fb,rover,R2_guarded_v7,null,,,,,0,0.0,,0,,
clean,30618_3e9f4952,b8fda5f0647666fb,rover,H13_interval_linear_v1,null,,,,,0,0.0,,0,,
clean,30618_40ffd323,58dd5f96d4201195,master,R2_guarded_v7,null,,,,,0,0.0,,0,,
clean,30618_40ffd323,58dd5f96d4201195,master,H13_interval_linear_v1,null,,,,,0,0.0,,0,,
clean,30618_40ffd323,58dd5f96d4201195,rover,R2_guarded_v7,null,,,,,0,0.0,,0,,
clean,30618_40ffd323,58dd5f96d4201195,rover,H13_interval_linear_v1,null,,,,,0,0.0,,0,,
clean,30618_45ff6f99,5c1be3e9a2189121,master,R2_guarded_v7,null,,,,,0,0.0,,0,,
clean,30618_45ff6f99,5c1be3e9a2189121,master,H13_interval_linear_v1,null,,,,,0,0.0,,0,,
clean,30618_45ff6f99,5c1be3e9a2189121,rover,R2_guarded_v7,null,,,,,0,0.0,,0,,
clean,30618_45ff6f99,5c1be3e9a2189121,rover,H13_interval_linear_v1,null,,,,,0,0.0,,0,,
clean,30618_4d487b0d,bc403256f12f9710,master,R2_guarded_v7,null,,,,,0,0.0,,0,,
clean,30618_4d487b0d,bc403256f12f9710,master,H13_interval_linear_v1,null,,,,,0,0.0,,0,,
clean,30618_4d487b0d,bc403256f12f9710,rover,R2_guarded_v7,null,,,,,0,0.0,,0,,
clean,30618_4d487b0d,bc403256f12f9710,rover,H13_interval_linear_v1,null,,,,,0,0.0,,0,,
clean,30618_616ec56b,6090ff2c1bc8dee6,master,R2_guarded_v7,null,,,,,0,0.0,,0,,
clean,30618_616ec56b,6090ff2c1bc8dee6,master,H13_interval_linear_v1,null,,,,,0,0.0,,0,,
clean,30618_616ec56b,6090ff2c1bc8dee6,rover,R2_guarded_v7,null,,,,,0,0.0,,0,,
clean,30618_616ec56b,6090ff2c1bc8dee6,rover,H13_interval_linear_v1,null,,,,,0,0.0,,0,,
clean,30618_67b89902,b8fda5f0647666fb,master,R2_guarded_v7,null,,,,,0,0.0,,0,,
clean,30618_67b89902,b8fda5f0647666fb,master,H13_interval_linear_v1,null,,,,,0,0.0,,0,,
clean,30618_67b89902,b8fda5f0647666fb,rover,R2_guarded_v7,null,,,,,0,0.0,,0,,
clean,30618_67b89902,b8fda5f0647666fb,rover,H13_interval_linear_v1,null,,,,,0,0.0,,0,,
clean,30618_748832b9,0f36b619fba02a9b,master,R2_guarded_v7,null,,,,,0,0.0,,0,,
clean,30618_748832b9,0f36b619fba02a9b,master,H13_interval_linear_v1,null,,,,,0,0.0,,0,,
clean,30618_748832b9,0f36b619fba02a9b,rover,R2_guarded_v7,null,,,,,0,0.0,,0,,
clean,30618_748832b9,0f36b619fba02a9b,rover,H13_interval_linear_v1,null,,,,,0,0.0,,0,,
clean,30618_7849303f,0f36b619fba02a9b,master,R2_guarded_v7,null,,,,,0,0.0,,0,,
clean,30618_7849303f,0f36b619fba02a9b,master,H13_interval_linear_v1,null,,,,,0,0.0,,0,,
clean,30618_7849303f,0f36b619fba02a9b,rover,R2_guarded_v7,null,,,,,0,0.0,,0,,
clean,30618_7849303f,0f36b619fba02a9b,rover,H13_interval_linear_v1,null,,,,,0,0.0,,0,,
clean,30618_79b204dc,8ff91290187a9769,master,R2_guarded_v7,null,,,,,0,0.0,,0,,
clean,30618_79b204dc,8ff91290187a9769,master,H13_interval_linear_v1,null,,,,,0,0.0,,0,,
clean,30618_79b204dc,8ff91290187a9769,rover,R2_guarded_v7,null,,,,,0,0.0,,0,,
clean,30618_79b204dc,8ff91290187a9769,rover,H13_interval_linear_v1,null,,,,,0,0.0,,0,,
clean,30618_7a152380,c8a1e61d1b0710e9,master,R2_guarded_v7,null,,,,,0,0.0,,0,,
clean,30618_7a152380,c8a1e61d1b0710e9,master,H13_interval_linear_v1,null,,,,,0,0.0,,0,,
clean,30618_7a152380,c8a1e61d1b0710e9,rover,R2_guarded_v7,null,,,,,0,0.0,,0,,
clean,30618_7a152380,c8a1e61d1b0710e9,rover,H13_interval_linear_v1,null,,,,,0,0.0,,0,,
clean,30618_7b4d83f4,2b1581126a480c0f,master,R2_guarded_v7,null,,,,,0,0.0,,0,,
clean,30618_7b4d83f4,2b1581126a480c0f,master,H13_interval_linear_v1,null,,,,,0,0.0,,0,,
clean,30618_7b4d83f4,2b1581126a480c0f,rover,R2_guarded_v7,null,,,,,0,0.0,,0,,
clean,30618_7b4d83f4,2b1581126a480c0f,rover,H13_interval_linear_v1,null,,,,,0,0.0,,0,,
clean,30618_8158f0b0,6090ff2c1bc8dee6,master,R2_guarded_v7,null,,,,,0,0.0,,0,,
clean,30618_8158f0b0,6090ff2c1bc8dee6,master,H13_interval_linear_v1,null,,,,,0,0.0,,0,,
clean,30618_8158f0b0,6090ff2c1bc8dee6,rover,R2_guarded_v7,null,,,,,0,0.0,,0,,
clean,30618_8158f0b0,6090ff2c1bc8dee6,rover,H13_interval_linear_v1,null,,,,,0,0.0,,0,,
clean,30618_81c22fee,86c32e441a296aaa,master,R2_guarded_v7,null,,,,,0,0.0,,0,,
clean,30618_81c22fee,86c32e441a296aaa,master,H13_interval_linear_v1,null,,,,,0,0.0,,0,,
clean,30618_81c22fee,86c32e441a296aaa,rover,R2_guarded_v7,null,,,,,0,0.0,,0,,
clean,30618_81c22fee,86c32e441a296aaa,rover,H13_interval_linear_v1,null,,,,,0,0.0,,0,,
clean,30618_87afe526,2b1581126a480c0f,master,R2_guarded_v7,null,,,,,0,0.0,,0,,
clean,30618_87afe526,2b1581126a480c0f,master,H13_interval_linear_v1,null,,,,,0,0.0,,0,,
clean,30618_87afe526,2b1581126a480c0f,rover,R2_guarded_v7,null,,,,,0,0.0,,0,,
clean,30618_87afe526,2b1581126a480c0f,rover,H13_interval_linear_v1,null,,,,,0,0.0,,0,,
clean,30618_887a2b9a,8ff91290187a9769,master,R2_guarded_v7,null,,,,,0,0.0,,0,,
clean,30618_887a2b9a,8ff91290187a9769,master,H13_interval_linear_v1,null,,,,,0,0.0,,0,,
clean,30618_887a2b9a,8ff91290187a9769,rover,R2_guarded_v7,null,,,,,0,0.0,,0,,
clean,30618_887a2b9a,8ff91290187a9769,rover,H13_interval_linear_v1,null,,,,,0,0.0,,0,,
clean,30618_8eb8615c,bf69dbfe85be52b0,master,R2_guarded_v7,null,,,,,0,0.0,,0,,
clean,30618_8eb8615c,bf69dbfe85be52b0,master,H13_interval_linear_v1,null,,,,,0,0.0,,0,,
clean,30618_8eb8615c,bf69dbfe85be52b0,rover,R2_guarded_v7,null,,,,,0,0.0,,0,,
clean,30618_8eb8615c,bf69dbfe85be52b0,rover,H13_interval_linear_v1,null,,,,,0,0.0,,0,,
clean,30618_8f08df08,c8a1e61d1b0710e9,master,R2_guarded_v7,null,,,,,0,0.0,,0,,
clean,30618_8f08df08,c8a1e61d1b0710e9,master,H13_interval_linear_v1,null,,,,,0,0.0,,0,,
clean,30618_8f08df08,c8a1e61d1b0710e9,rover,R2_guarded_v7,null,,,,,0,0.0,,0,,
clean,30618_8f08df08,c8a1e61d1b0710e9,rover,H13_interval_linear_v1,null,,,,,0,0.0,,0,,
clean,30618_92b1b453,86c32e441a296aaa,master,R2_guarded_v7,null,,,,,0,0.0,,0,,
clean,30618_92b1b453,86c32e441a296aaa,master,H13_interval_linear_v1,null,,,,,0,0.0,,0,,
clean,30618_92b1b453,86c32e441a296aaa,rover,R2_guarded_v7,null,,,,,0,0.0,,0,,
clean,30618_92b1b453,86c32e441a296aaa,rover,H13_interval_linear_v1,null,,,,,0,0.0,,0,,
clean,30618_93dc866e,58dd5f96d4201195,master,R2_guarded_v7,null,,,,,0,0.0,,0,,
clean,30618_93dc866e,58dd5f96d4201195,master,H13_interval_linear_v1,null,,,,,0,0.0,,0,,
clean,30618_93dc866e,58dd5f96d4201195,rover,R2_guarded_v7,null,,,,,0,0.0,,0,,
clean,30618_93dc866e,58dd5f96d4201195,rover,H13_interval_linear_v1,null,,,,,0,0.0,,0,,
clean,30618_98161270,5c1be3e9a2189121,master,R2_guarded_v7,null,,,,,0,0.0,,0,,
clean,30618_98161270,5c1be3e9a2189121,master,H13_interval_linear_v1,null,,,,,0,0.0,,0,,
clean,30618_98161270,5c1be3e9a2189121,rover,R2_guarded_v7,null,,,,,0,0.0,,0,,
clean,30618_98161270,5c1be3e9a2189121,rover,H13_interval_linear_v1,null,,,,,0,0.0,,0,,
clean,30618_9bbe6faa,95a748306e6cbf16,master,R2_guarded_v7,null,,,,,0,0.0,,0,,
clean,30618_9bbe6faa,95a748306e6cbf16,master,H13_interval_linear_v1,null,,,,,0,0.0,,0,,
clean,30618_9bbe6faa,95a748306e6cbf16,rover,R2_guarded_v7,null,,,,,0,0.0,,0,,
clean,30618_9bbe6faa,95a748306e6cbf16,rover,H13_interval_linear_v1,null,,,,,0,0.0,,0,,
clean,30618_9c09b081,dc785decbed3d7ce,master,R2_guarded_v7,null,,,,,0,0.0,,0,,
clean,30618_9c09b081,dc785decbed3d7ce,master,H13_interval_linear_v1,null,,,,,0,0.0,,0,,
clean,30618_9c09b081,dc785decbed3d7ce,rover,R2_guarded_v7,null,,,,,0,0.0,,0,,
clean,30618_9c09b081,dc785decbed3d7ce,rover,H13_interval_linear_v1,null,,,,,0,0.0,,0,,
clean,30618_9c10cd0d,95a748306e6cbf16,master,R2_guarded_v7,null,,,,,0,0.0,,0,,
clean,30618_9c10cd0d,95a748306e6cbf16,master,H13_interval_linear_v1,null,,,,,0,0.0,,0,,
clean,30618_9c10cd0d,95a748306e6cbf16,rover,R2_guarded_v7,null,,,,,0,0.0,,0,,
clean,30618_9c10cd0d,95a748306e6cbf16,rover,H13_interval_linear_v1,null,,,,,0,0.0,,0,,
clean,30618_a395846d,0f36b619fba02a9b,master,R2_guarded_v7,null,,,,,0,0.0,,0,,
clean,30618_a395846d,0f36b619fba02a9b,master,H13_interval_linear_v1,null,,,,,0,0.0,,0,,
clean,30618_a395846d,0f36b619fba02a9b,rover,R2_guarded_v7,null,,,,,0,0.0,,0,,
clean,30618_a395846d,0f36b619fba02a9b,rover,H13_interval_linear_v1,null,,,,,0,0.0,,0,,
clean,30618_a53d5f6f,4a5f0d46327316bb,master,R2_guarded_v7,null,,,,,0,0.0,,0,,
clean,30618_a53d5f6f,4a5f0d46327316bb,master,H13_interval_linear_v1,null,,,,,0,0.0,,0,,
clean,30618_a53d5f6f,4a5f0d46327316bb,rover,R2_guarded_v7,null,,,,,0,0.0,,0,,
clean,30618_a53d5f6f,4a5f0d46327316bb,rover,H13_interval_linear_v1,null,,,,,0,0.0,,0,,
clean,30618_ab5921a4,1cff0aebccb39ff5,master,R2_guarded_v7,null,,,,,0,0.0,,0,,
clean,30618_ab5921a4,1cff0aebccb39ff5,master,H13_interval_linear_v1,null,,,,,0,0.0,,0,,
clean,30618_ab5921a4,1cff0aebccb39ff5,rover,R2_guarded_v7,null,,,,,0,0.0,,0,,
clean,30618_ab5921a4,1cff0aebccb39ff5,rover,H13_interval_linear_v1,null,,,,,0,0.0,,0,,
clean,30618_b3042f78,bc403256f12f9710,master,R2_guarded_v7,null,,,,,0,0.0,,0,,
clean,30618_b3042f78,bc403256f12f9710,master,H13_interval_linear_v1,null,,,,,0,0.0,,0,,
clean,30618_b3042f78,bc403256f12f9710,rover,R2_guarded_v7,null,,,,,0,0.0,,0,,
clean,30618_b3042f78,bc403256f12f9710,rover,H13_interval_linear_v1,null,,,,,0,0.0,,0,,
clean,30618_b83d854d,eeabf7d118bbcdac,master,R2_guarded_v7,null,,,,,0,0.0,,0,,
clean,30618_b83d854d,eeabf7d118bbcdac,master,H13_interval_linear_v1,null,,,,,0,0.0,,0,,
clean,30618_b83d854d,eeabf7d118bbcdac,rover,R2_guarded_v7,null,,,,,0,0.0,,0,,
clean,30618_b83d854d,eeabf7d118bbcdac,rover,H13_interval_linear_v1,null,,,,,0,0.0,,0,,
clean,30618_b95ca60a,e894436afa9dd9f1,master,R2_guarded_v7,null,,,,,0,0.0,,0,,
clean,30618_b95ca60a,e894436afa9dd9f1,master,H13_interval_linear_v1,null,,,,,0,0.0,,0,,
clean,30618_b95ca60a,e894436afa9dd9f1,rover,R2_guarded_v7,null,,,,,0,0.0,,0,,
clean,30618_b95ca60a,e894436afa9dd9f1,rover,H13_interval_linear_v1,null,,,,,0,0.0,,0,,
clean,30618_bab2fe58,5c1be3e9a2189121,master,R2_guarded_v7,null,,,,,0,0.0,,0,,
clean,30618_bab2fe58,5c1be3e9a2189121,master,H13_interval_linear_v1,null,,,,,0,0.0,,0,,
clean,30618_bab2fe58,5c1be3e9a2189121,rover,R2_guarded_v7,null,,,,,0,0.0,,0,,
clean,30618_bab2fe58,5c1be3e9a2189121,rover,H13_interval_linear_v1,null,,,,,0,0.0,,0,,
clean,30618_bc5e53c2,49fc4c6fb44fd0ea,master,R2_guarded_v7,null,,,,,0,0.0,,0,,
clean,30618_bc5e53c2,49fc4c6fb44fd0ea,master,H13_interval_linear_v1,null,,,,,0,0.0,,0,,
clean,30618_bc5e53c2,49fc4c6fb44fd0ea,rover,R2_guarded_v7,null,,,,,0,0.0,,0,,
clean,30618_bc5e53c2,49fc4c6fb44fd0ea,rover,H13_interval_linear_v1,null,,,,,0,0.0,,0,,
clean,30618_cfd9fd5a,95a748306e6cbf16,master,R2_guarded_v7,null,,,,,0,0.0,,0,,
clean,30618_cfd9fd5a,95a748306e6cbf16,master,H13_interval_linear_v1,null,,,,,0,0.0,,0,,
clean,30618_cfd9fd5a,95a748306e6cbf16,rover,R2_guarded_v7,null,,,,,0,0.0,,0,,
clean,30618_cfd9fd5a,95a748306e6cbf16,rover,H13_interval_linear_v1,null,,,,,0,0.0,,0,,
clean,30618_d4ba7005,0448e10aab8a0e05,master,R2_guarded_v7,null,,,,,0,0.0,,0,,
clean,30618_d4ba7005,0448e10aab8a0e05,master,H13_interval_linear_v1,null,,,,,0,0.0,,0,,
clean,30618_d4ba7005,0448e10aab8a0e05,rover,R2_guarded_v7,null,,,,,0,0.0,,0,,
clean,30618_d4ba7005,0448e10aab8a0e05,rover,H13_interval_linear_v1,null,,,,,0,0.0,,0,,
clean,30618_dd8e6395,0448e10aab8a0e05,master,R2_guarded_v7,null,,,,,0,0.0,,0,,
clean,30618_dd8e6395,0448e10aab8a0e05,master,H13_interval_linear_v1,null,,,,,0,0.0,,0,,
clean,30618_dd8e6395,0448e10aab8a0e05,rover,R2_guarded_v7,null,,,,,0,0.0,,0,,
clean,30618_dd8e6395,0448e10aab8a0e05,rover,H13_interval_linear_v1,null,,,,,0,0.0,,0,,
clean,30618_ddad08d6,bf69dbfe85be52b0,master,R2_guarded_v7,null,,,,,0,0.0,,0,,
clean,30618_ddad08d6,bf69dbfe85be52b0,master,H13_interval_linear_v1,null,,,,,0,0.0,,0,,
clean,30618_ddad08d6,bf69dbfe85be52b0,rover,R2_guarded_v7,null,,,,,0,0.0,,0,,
clean,30618_ddad08d6,bf69dbfe85be52b0,rover,H13_interval_linear_v1,null,,,,,0,0.0,,0,,
clean,30618_e2dcf65f,de891506667c23f9,master,R2_guarded_v7,null,,,,,0,0.0,,0,,
clean,30618_e2dcf65f,de891506667c23f9,master,H13_interval_linear_v1,null,,,,,0,0.0,,0,,
clean,30618_e2dcf65f,de891506667c23f9,rover,R2_guarded_v7,null,,,,,0,0.0,,0,,
clean,30618_e2dcf65f,de891506667c23f9,rover,H13_interval_linear_v1,null,,,,,0,0.0,,0,,
clean,30618_e392e5bd,86c32e441a296aaa,master,R2_guarded_v7,null,,,,,0,0.0,,0,,
clean,30618_e392e5bd,86c32e441a296aaa,master,H13_interval_linear_v1,null,,,,,0,0.0,,0,,
clean,30618_e392e5bd,86c32e441a296aaa,rover,R2_guarded_v7,null,,,,,0,0.0,,0,,
clean,30618_e392e5bd,86c32e441a296aaa,rover,H13_interval_linear_v1,null,,,,,0,0.0,,0,,
clean,30618_e3d94878,eeabf7d118bbcdac,master,R2_guarded_v7,null,,,,,0,0.0,,0,,
clean,30618_e3d94878,eeabf7d118bbcdac,master,H13_interval_linear_v1,null,,,,,0,0.0,,0,,
clean,30618_e3d94878,eeabf7d118bbcdac,rover,R2_guarded_v7,null,,,,,0,0.0,,0,,
clean,30618_e3d94878,eeabf7d118bbcdac,rover,H13_interval_linear_v1,null,,,,,0,0.0,,0,,
clean,30618_e7dcdab1,c8a1e61d1b0710e9,master,R2_guarded_v7,null,,,,,0,0.0,,0,,
clean,30618_e7dcdab1,c8a1e61d1b0710e9,master,H13_interval_linear_v1,null,,,,,0,0.0,,0,,
clean,30618_e7dcdab1,c8a1e61d1b0710e9,rover,R2_guarded_v7,null,,,,,0,0.0,,0,,
clean,30618_e7dcdab1,c8a1e61d1b0710e9,rover,H13_interval_linear_v1,null,,,,,0,0.0,,0,,
clean,30618_efb92709,58dd5f96d4201195,master,R2_guarded_v7,null,,,,,0,0.0,,0,,
clean,30618_efb92709,58dd5f96d4201195,master,H13_interval_linear_v1,null,,,,,0,0.0,,0,,
clean,30618_efb92709,58dd5f96d4201195,rover,R2_guarded_v7,null,,,,,0,0.0,,0,,
clean,30618_efb92709,58dd5f96d4201195,rover,H13_interval_linear_v1,null,,,,,0,0.0,,0,,
clean,30618_f19a4ac3,1cff0aebccb39ff5,master,R2_guarded_v7,null,,,,,0,0.0,,0,,
clean,30618_f19a4ac3,1cff0aebccb39ff5,master,H13_interval_linear_v1,null,,,,,0,0.0,,0,,
clean,30618_f19a4ac3,1cff0aebccb39ff5,rover,R2_guarded_v7,null,,,,,0,0.0,,0,,
clean,30618_f19a4ac3,1cff0aebccb39ff5,rover,H13_interval_linear_v1,null,,,,,0,0.0,,0,,
clean,30618_f28179bb,8ff91290187a9769,master,R2_guarded_v7,null,,,,,0,0.0,,0,,
clean,30618_f28179bb,8ff91290187a9769,master,H13_interval_linear_v1,null,,,,,0,0.0,,0,,
clean,30618_f28179bb,8ff91290187a9769,rover,R2_guarded_v7,null,,,,,0,0.0,,0,,
clean,30618_f28179bb,8ff91290187a9769,rover,H13_interval_linear_v1,null,,,,,0,0.0,,0,,
clean,30618_f3b8c99b,bc403256f12f9710,master,R2_guarded_v7,null,,,,,0,0.0,,0,,
clean,30618_f3b8c99b,bc403256f12f9710,master,H13_interval_linear_v1,null,,,,,0,0.0,,0,,
clean,30618_f3b8c99b,bc403256f12f9710,rover,R2_guarded_v7,null,,,,,0,0.0,,0,,
clean,30618_f3b8c99b,bc403256f12f9710,rover,H13_interval_linear_v1,null,,,,,0,0.0,,0,,
clean,30639_0be558e2,0d4506540f0e7621,master,R2_guarded_v7,null,,,,,0,0.0,,0,,
clean,30639_0be558e2,0d4506540f0e7621,master,H13_interval_linear_v1,null,,,,,0,0.0,,0,,
clean,30639_0be558e2,0d4506540f0e7621,rover,R2_guarded_v7,null,,,,,0,0.0,,0,,
clean,30639_0be558e2,0d4506540f0e7621,rover,H13_interval_linear_v1,null,,,,,0,0.0,,0,,
clean,30639_2b4a6347,bc1e4cbe924a90ce,master,R2_guarded_v7,null,,,,,0,0.0,,0,,
clean,30639_2b4a6347,bc1e4cbe924a90ce,master,H13_interval_linear_v1,null,,,,,0,0.0,,0,,
clean,30639_2b4a6347,bc1e4cbe924a90ce,rover,R2_guarded_v7,null,,,,,0,0.0,,0,,
clean,30639_2b4a6347,bc1e4cbe924a90ce,rover,H13_interval_linear_v1,null,,,,,0,0.0,,0,,
clean,30639_4285f2bc,bc1e4cbe924a90ce,master,R2_guarded_v7,null,,,,,0,0.0,,0,,
clean,30639_4285f2bc,bc1e4cbe924a90ce,master,H13_interval_linear_v1,null,,,,,0,0.0,,0,,
clean,30639_4285f2bc,bc1e4cbe924a90ce,rover,R2_guarded_v7,null,,,,,0,0.0,,0,,
clean,30639_4285f2bc,bc1e4cbe924a90ce,rover,H13_interval_linear_v1,null,,,,,0,0.0,,0,,
clean,30639_44226bde,f28fe86416cc8dc2,master,R2_guarded_v7,null,,,,,0,0.0,,0,,
clean,30639_44226bde,f28fe86416cc8dc2,master,H13_interval_linear_v1,null,,,,,0,0.0,,0,,
clean,30639_44226bde,f28fe86416cc8dc2,rover,R2_guarded_v7,null,,,,,0,0.0,,0,,
clean,30639_44226bde,f28fe86416cc8dc2,rover,H13_interval_linear_v1,null,,,,,0,0.0,,0,,
clean,30639_92226df0,4ca08ed0da0cb611,master,R2_guarded_v7,null,,,,,0,0.0,,0,,
clean,30639_92226df0,4ca08ed0da0cb611,master,H13_interval_linear_v1,null,,,,,0,0.0,,0,,
clean,30639_92226df0,4ca08ed0da0cb611,rover,R2_guarded_v7,null,,,,,0,0.0,,0,,
clean,30639_92226df0,4ca08ed0da0cb611,rover,H13_interval_linear_v1,null,,,,,0,0.0,,0,,
clean,30639_927002c2,8232b134be2a5002,master,R2_guarded_v7,null,,,,,0,0.0,,0,,
clean,30639_927002c2,8232b134be2a5002,master,H13_interval_linear_v1,null,,,,,0,0.0,,0,,
clean,30639_927002c2,8232b134be2a5002,rover,R2_guarded_v7,null,,,,,0,0.0,,0,,
clean,30639_927002c2,8232b134be2a5002,rover,H13_interval_linear_v1,null,,,,,0,0.0,,0,,
clean,30639_d3c43d69,f28fe86416cc8dc2,master,R2_guarded_v7,null,,,,,0,0.0,,0,,
clean,30639_d3c43d69,f28fe86416cc8dc2,master,H13_interval_linear_v1,null,,,,,0,0.0,,0,,
clean,30639_d3c43d69,f28fe86416cc8dc2,rover,R2_guarded_v7,null,,,,,0,0.0,,0,,
clean,30639_d3c43d69,f28fe86416cc8dc2,rover,H13_interval_linear_v1,null,,,,,0,0.0,,0,,
