round,variant,macro_rmse,pooled_rmse,distance_macro,matched_samples,false_stops
dev1,main,0.09761141659763269,0.13257576919377093,5.356044492251645,394221,0
dev1,main_v5,0.09591722758761219,0.13172643745145862,5.298327606042677,394221,0
dev1,age,0.0944775612823049,0.13003467270530328,5.406149944033392,394221,0
dev1,integral,0.09766599124231369,0.13260357885609314,5.358279402131674,394221,0
dev1,age_integral,0.09452618284415258,0.13005750423459866,5.408952773026599,394221,0
dev1,v5_age,0.09262434172888906,0.12924116468240376,5.319220580805202,394221,0
dev2,main,0.09761141659763269,0.13257576919377093,5.356044492251645,394221,0
dev2,main_v5,0.09591722758761219,0.13172643745145862,5.298327606042677,394221,0
dev2,age_var,0.09566321120138677,0.1306656279746234,5.425046408888545,394221,0
dev2,v5_age_var,0.09332781711616311,0.1296328599902586,5.32623629490312,394221,0
