alpha,J1,mean_Rg,worst_half_mean,prior,active_top_half_groups,branch_counters
0.0,1.0,1.0,1.0,0.0,"[""0448e10aab8a0e05"", ""0f36b619fba02a9b"", ""1cff0aebccb39ff5"", ""2b1581126a480c0f"", ""4a5f0d46327316bb"", ""4ca08ed0da0cb611"", ""58dd5f96d4201195"", ""5c1be3e9a2189121""]","{""clip_0"": 141482, ""drive_limit_force"": 17581, ""zero_lock"": 0, ""zero_crossing"": 26, ""mode_INITIALIZED"": 141, ""warmup_mode_INITIALIZED"": 141, ""front_ACCEPTED"": 6707, ""rear_ACCEPTED"": 6707, ""mode_transitions"": 10948, ""quarantine_active"": 0, ""reacquire_state_active"": 0, ""readout_healthy"": 12162, ""readout_holdoff"": 16162, ""readout_nonzero"": 11711, ""output_ticks"": 28341, ""mode_MODEL_ONLY"": 20571, ""warmup_mode_MODEL_ONLY"": 6471, ""front_DUPLICATE_OR_OLD"": 7534, ""rear_DUPLICATE_OR_OLD"": 7534, ""mode_FUSED"": 5649, ""warmup_mode_FUSED"": 5649, ""forecast_mode_MODEL_ONLY"": 14100, ""front_MISSING_OR_STALE"": 14100, ""rear_MISSING_OR_STALE"": 14100, ""mode_STOPPED"": 1938, ""warmup_mode_STOPPED"": 1938, ""mode_SINGLE_WHEEL"": 42, ""warmup_mode_SINGLE_WHEEL"": 42, ""drive_limit_power"": 2475, ""clip_1"": 54}"
0.05,0.9979065802813241,0.9953554175296807,1.000456709060435,5.169862662948737e-07,"[""5c1be3e9a2189121"", ""4a5f0d46327316bb"", ""e894436afa9dd9f1"", ""f28fe86416cc8dc2"", ""4ca08ed0da0cb611"", ""58dd5f96d4201195"", ""96d0ec5b7ee50e7e"", ""0f36b619fba02a9b""]","{""clip_0"": 141481, ""drive_limit_force"": 17593, ""zero_lock"": 0, ""zero_crossing"": 26, ""mode_INITIALIZED"": 141, ""warmup_mode_INITIALIZED"": 141, ""front_ACCEPTED"": 6707, ""rear_ACCEPTED"": 6707, ""mode_transitions"": 10948, ""quarantine_active"": 0, ""reacquire_state_active"": 0, ""readout_healthy"": 12162, ""readout_holdoff"": 16162, ""readout_nonzero"": 11710, ""output_ticks"": 28341, ""mode_MODEL_ONLY"": 20571, ""warmup_mode_MODEL_ONLY"": 6471, ""front_DUPLICATE_OR_OLD"": 7534, ""rear_DUPLICATE_OR_OLD"": 7534, ""mode_FUSED"": 5649, ""warmup_mode_FUSED"": 5649, ""forecast_mode_MODEL_ONLY"": 14100, ""front_MISSING_OR_STALE"": 14100, ""rear_MISSING_OR_STALE"": 14100, ""mode_STOPPED"": 1938, ""warmup_mode_STOPPED"": 1938, ""mode_SINGLE_WHEEL"": 42, ""warmup_mode_SINGLE_WHEEL"": 42, ""drive_limit_power"": 2463, ""clip_1"": 55}"
0.1,0.9958925869813724,0.9909146040676707,1.0008664340049436,2.0679450651794948e-06,"[""5c1be3e9a2189121"", ""4a5f0d46327316bb"", ""e894436afa9dd9f1"", ""4ca08ed0da0cb611"", ""f28fe86416cc8dc2"", ""58dd5f96d4201195"", ""96d0ec5b7ee50e7e"", ""0f36b619fba02a9b""]","{""clip_0"": 141481, ""drive_limit_force"": 17603, ""zero_lock"": 0, ""zero_crossing"": 26, ""mode_INITIALIZED"": 141, ""warmup_mode_INITIALIZED"": 141, ""front_ACCEPTED"": 6707, ""rear_ACCEPTED"": 6707, ""mode_transitions"": 10948, ""quarantine_active"": 0, ""reacquire_state_active"": 0, ""readout_healthy"": 12162, ""readout_holdoff"": 16162, ""readout_nonzero"": 11710, ""output_ticks"": 28341, ""mode_MODEL_ONLY"": 20571, ""warmup_mode_MODEL_ONLY"": 6471, ""front_DUPLICATE_OR_OLD"": 7534, ""rear_DUPLICATE_OR_OLD"": 7534, ""mode_FUSED"": 5649, ""warmup_mode_FUSED"": 5649, ""forecast_mode_MODEL_ONLY"": 14100, ""front_MISSING_OR_STALE"": 14100, ""rear_MISSING_OR_STALE"": 14100, ""mode_STOPPED"": 1938, ""warmup_mode_STOPPED"": 1938, ""mode_SINGLE_WHEEL"": 42, ""warmup_mode_SINGLE_WHEEL"": 42, ""drive_limit_power"": 2453, ""clip_1"": 55}"
0.15,0.9941078488922485,0.9867671817089707,1.001439210322733,4.652876396653862e-06,"[""5c1be3e9a2189121"", ""4a5f0d46327316bb"", ""e894436afa9dd9f1"", ""4ca08ed0da0cb611"", ""f28fe86416cc8dc2"", ""58dd5f96d4201195"", ""96d0ec5b7ee50e7e"", ""0f36b619fba02a9b""]","{""clip_0"": 141481, ""drive_limit_force"": 17616, ""zero_lock"": 0, ""zero_crossing"": 27, ""mode_INITIALIZED"": 141, ""warmup_mode_INITIALIZED"": 141, ""front_ACCEPTED"": 6707, ""rear_ACCEPTED"": 6707, ""mode_transitions"": 10948, ""quarantine_active"": 0, ""reacquire_state_active"": 0, ""readout_healthy"": 12162, ""readout_holdoff"": 16162, ""readout_nonzero"": 11710, ""output_ticks"": 28341, ""mode_MODEL_ONLY"": 20571, ""warmup_mode_MODEL_ONLY"": 6471, ""front_DUPLICATE_OR_OLD"": 7534, ""rear_DUPLICATE_OR_OLD"": 7534, ""mode_FUSED"": 5649, ""warmup_mode_FUSED"": 5649, ""forecast_mode_MODEL_ONLY"": 14100, ""front_MISSING_OR_STALE"": 14100, ""rear_MISSING_OR_STALE"": 14100, ""mode_STOPPED"": 1938, ""warmup_mode_STOPPED"": 1938, ""mode_SINGLE_WHEEL"": 42, ""warmup_mode_SINGLE_WHEEL"": 42, ""drive_limit_power"": 2440, ""clip_1"": 55}"
0.2,0.9924997920140597,0.9828772733942042,1.0021057670733937,8.271780260717979e-06,"[""5c1be3e9a2189121"", ""4a5f0d46327316bb"", ""e894436afa9dd9f1"", ""4ca08ed0da0cb611"", ""f28fe86416cc8dc2"", ""58dd5f96d4201195"", ""96d0ec5b7ee50e7e"", ""0f36b619fba02a9b""]","{""clip_0"": 141481, ""drive_limit_force"": 17628, ""zero_lock"": 0, ""zero_crossing"": 27, ""mode_INITIALIZED"": 141, ""warmup_mode_INITIALIZED"": 141, ""front_ACCEPTED"": 6707, ""rear_ACCEPTED"": 6707, ""mode_transitions"": 10948, ""quarantine_active"": 0, ""reacquire_state_active"": 0, ""readout_healthy"": 12162, ""readout_holdoff"": 16162, ""readout_nonzero"": 11710, ""output_ticks"": 28341, ""mode_MODEL_ONLY"": 20571, ""warmup_mode_MODEL_ONLY"": 6471, ""front_DUPLICATE_OR_OLD"": 7534, ""rear_DUPLICATE_OR_OLD"": 7534, ""mode_FUSED"": 5649, ""warmup_mode_FUSED"": 5649, ""forecast_mode_MODEL_ONLY"": 14100, ""front_MISSING_OR_STALE"": 14100, ""rear_MISSING_OR_STALE"": 14100, ""mode_STOPPED"": 1938, ""warmup_mode_STOPPED"": 1938, ""mode_SINGLE_WHEEL"": 42, ""warmup_mode_SINGLE_WHEEL"": 42, ""drive_limit_power"": 2428, ""clip_1"": 55}"
0.25,0.9910655321476995,0.9792296593345106,1.002875555647574,1.2924656657371841e-05,"[""5c1be3e9a2189121"", ""4a5f0d46327316bb"", ""e894436afa9dd9f1"", ""4ca08ed0da0cb611"", ""f28fe86416cc8dc2"", ""58dd5f96d4201195"", ""96d0ec5b7ee50e7e"", ""0f36b619fba02a9b""]","{""clip_0"": 141481, ""drive_limit_force"": 17640, ""zero_lock"": 0, ""zero_crossing"": 27, ""mode_INITIALIZED"": 141, ""warmup_mode_INITIALIZED"": 141, ""front_ACCEPTED"": 6707, ""rear_ACCEPTED"": 6707, ""mode_transitions"": 10948, ""quarantine_active"": 0, ""reacquire_state_active"": 0, ""readout_healthy"": 12162, ""readout_holdoff"": 16162, ""readout_nonzero"": 11710, ""output_ticks"": 28341, ""mode_MODEL_ONLY"": 20571, ""warmup_mode_MODEL_ONLY"": 6471, ""front_DUPLICATE_OR_OLD"": 7534, ""rear_DUPLICATE_OR_OLD"": 7534, ""mode_FUSED"": 5649, ""warmup_mode_FUSED"": 5649, ""forecast_mode_MODEL_ONLY"": 14100, ""front_MISSING_OR_STALE"": 14100, ""rear_MISSING_OR_STALE"": 14100, ""mode_STOPPED"": 1938, ""warmup_mode_STOPPED"": 1938, ""mode_SINGLE_WHEEL"": 42, ""warmup_mode_SINGLE_WHEEL"": 42, ""drive_limit_power"": 2416, ""clip_1"": 55}"
0.3,0.9898569753653382,0.9758738272698239,1.0038029004496796,1.861150558661545e-05,"[""5c1be3e9a2189121"", ""4a5f0d46327316bb"", ""e894436afa9dd9f1"", ""4ca08ed0da0cb611"", ""f28fe86416cc8dc2"", ""58dd5f96d4201195"", ""96d0ec5b7ee50e7e"", ""0f36b619fba02a9b""]","{""clip_0"": 141481, ""drive_limit_force"": 17658, ""zero_lock"": 0, ""zero_crossing"": 27, ""mode_INITIALIZED"": 141, ""warmup_mode_INITIALIZED"": 141, ""front_ACCEPTED"": 6707, ""rear_ACCEPTED"": 6707, ""mode_transitions"": 10948, ""quarantine_active"": 0, ""reacquire_state_active"": 0, ""readout_healthy"": 12162, ""readout_holdoff"": 16162, ""readout_nonzero"": 11710, ""output_ticks"": 28341, ""mode_MODEL_ONLY"": 20571, ""warmup_mode_MODEL_ONLY"": 6471, ""front_DUPLICATE_OR_OLD"": 7534, ""rear_DUPLICATE_OR_OLD"": 7534, ""mode_FUSED"": 5649, ""warmup_mode_FUSED"": 5649, ""forecast_mode_MODEL_ONLY"": 14100, ""front_MISSING_OR_STALE"": 14100, ""rear_MISSING_OR_STALE"": 14100, ""mode_STOPPED"": 1938, ""warmup_mode_STOPPED"": 1938, ""mode_SINGLE_WHEEL"": 42, ""warmup_mode_SINGLE_WHEEL"": 42, ""drive_limit_power"": 2398, ""clip_1"": 55}"
0.35,0.9888612613977787,0.9727712688300927,1.0049005893113678,2.5332327048448806e-05,"[""5c1be3e9a2189121"", ""4a5f0d46327316bb"", ""e894436afa9dd9f1"", ""4ca08ed0da0cb611"", ""f28fe86416cc8dc2"", ""58dd5f96d4201195"", ""96d0ec5b7ee50e7e"", ""0f36b619fba02a9b""]","{""clip_0"": 141481, ""drive_limit_force"": 17667, ""zero_lock"": 0, ""zero_crossing"": 27, ""mode_INITIALIZED"": 141, ""warmup_mode_INITIALIZED"": 141, ""front_ACCEPTED"": 6707, ""rear_ACCEPTED"": 6707, ""mode_transitions"": 10948, ""quarantine_active"": 0, ""reacquire_state_active"": 0, ""readout_healthy"": 12162, ""readout_holdoff"": 16162, ""readout_nonzero"": 11710, ""output_ticks"": 28341, ""mode_MODEL_ONLY"": 20571, ""warmup_mode_MODEL_ONLY"": 6471, ""front_DUPLICATE_OR_OLD"": 7534, ""rear_DUPLICATE_OR_OLD"": 7534, ""mode_FUSED"": 5649, ""warmup_mode_FUSED"": 5649, ""forecast_mode_MODEL_ONLY"": 14100, ""front_MISSING_OR_STALE"": 14100, ""rear_MISSING_OR_STALE"": 14100, ""mode_STOPPED"": 1938, ""warmup_mode_STOPPED"": 1938, ""mode_SINGLE_WHEEL"": 42, ""warmup_mode_SINGLE_WHEEL"": 42, ""drive_limit_power"": 2389, ""clip_1"": 55}"
0.4,0.9880243949509121,0.9698955260085796,1.006087089651159,3.3087121042871917e-05,"[""5c1be3e9a2189121"", ""4a5f0d46327316bb"", ""e894436afa9dd9f1"", ""4ca08ed0da0cb611"", ""f28fe86416cc8dc2"", ""58dd5f96d4201195"", ""96d0ec5b7ee50e7e"", ""0f36b619fba02a9b""]","{""clip_0"": 141481, ""drive_limit_force"": 17678, ""zero_lock"": 0, ""zero_crossing"": 27, ""mode_INITIALIZED"": 141, ""warmup_mode_INITIALIZED"": 141, ""front_ACCEPTED"": 6707, ""rear_ACCEPTED"": 6707, ""mode_transitions"": 10948, ""quarantine_active"": 0, ""reacquire_state_active"": 0, ""readout_healthy"": 12162, ""readout_holdoff"": 16162, ""readout_nonzero"": 11710, ""output_ticks"": 28341, ""mode_MODEL_ONLY"": 20571, ""warmup_mode_MODEL_ONLY"": 6471, ""front_DUPLICATE_OR_OLD"": 7534, ""rear_DUPLICATE_OR_OLD"": 7534, ""mode_FUSED"": 5649, ""warmup_mode_FUSED"": 5649, ""forecast_mode_MODEL_ONLY"": 14100, ""front_MISSING_OR_STALE"": 14100, ""rear_MISSING_OR_STALE"": 14100, ""mode_STOPPED"": 1938, ""warmup_mode_STOPPED"": 1938, ""mode_SINGLE_WHEEL"": 42, ""warmup_mode_SINGLE_WHEEL"": 42, ""drive_limit_power"": 2378, ""clip_1"": 55}"
0.45,0.9873810317423388,0.9672756017410487,1.0074027099684892,4.187588756988477e-05,"[""5c1be3e9a2189121"", ""4a5f0d46327316bb"", ""e894436afa9dd9f1"", ""4ca08ed0da0cb611"", ""f28fe86416cc8dc2"", ""58dd5f96d4201195"", ""96d0ec5b7ee50e7e"", ""0f36b619fba02a9b""]","{""clip_0"": 141481, ""drive_limit_force"": 17693, ""zero_lock"": 0, ""zero_crossing"": 27, ""mode_INITIALIZED"": 141, ""warmup_mode_INITIALIZED"": 141, ""front_ACCEPTED"": 6707, ""rear_ACCEPTED"": 6707, ""mode_transitions"": 10948, ""quarantine_active"": 0, ""reacquire_state_active"": 0, ""readout_healthy"": 12162, ""readout_holdoff"": 16162, ""readout_nonzero"": 11710, ""output_ticks"": 28341, ""mode_MODEL_ONLY"": 20571, ""warmup_mode_MODEL_ONLY"": 6471, ""front_DUPLICATE_OR_OLD"": 7534, ""rear_DUPLICATE_OR_OLD"": 7534, ""mode_FUSED"": 5649, ""warmup_mode_FUSED"": 5649, ""forecast_mode_MODEL_ONLY"": 14100, ""front_MISSING_OR_STALE"": 14100, ""rear_MISSING_OR_STALE"": 14100, ""mode_STOPPED"": 1938, ""warmup_mode_STOPPED"": 1938, ""mode_SINGLE_WHEEL"": 42, ""warmup_mode_SINGLE_WHEEL"": 42, ""drive_limit_power"": 2363, ""clip_1"": 55}"
0.5,0.9868676526921958,0.9648443414436044,1.0087875666875283,5.1698626629487366e-05,"[""5c1be3e9a2189121"", ""4a5f0d46327316bb"", ""e894436afa9dd9f1"", ""4ca08ed0da0cb611"", ""f28fe86416cc8dc2"", ""58dd5f96d4201195"", ""96d0ec5b7ee50e7e"", ""0f36b619fba02a9b""]","{""clip_0"": 141480, ""drive_limit_force"": 17703, ""zero_lock"": 0, ""zero_crossing"": 29, ""mode_INITIALIZED"": 141, ""warmup_mode_INITIALIZED"": 141, ""front_ACCEPTED"": 6707, ""rear_ACCEPTED"": 6707, ""mode_transitions"": 10948, ""quarantine_active"": 0, ""reacquire_state_active"": 0, ""readout_healthy"": 12162, ""readout_holdoff"": 16162, ""readout_nonzero"": 11710, ""output_ticks"": 28341, ""mode_MODEL_ONLY"": 20571, ""warmup_mode_MODEL_ONLY"": 6471, ""front_DUPLICATE_OR_OLD"": 7534, ""rear_DUPLICATE_OR_OLD"": 7534, ""mode_FUSED"": 5649, ""warmup_mode_FUSED"": 5649, ""forecast_mode_MODEL_ONLY"": 14100, ""front_MISSING_OR_STALE"": 14100, ""rear_MISSING_OR_STALE"": 14100, ""mode_STOPPED"": 1938, ""warmup_mode_STOPPED"": 1938, ""mode_SINGLE_WHEEL"": 42, ""warmup_mode_SINGLE_WHEEL"": 42, ""drive_limit_power"": 2353, ""clip_1"": 56}"
0.55,0.9865581329880979,0.9626604943847693,1.0103306609149834,6.255533822167973e-05,"[""5c1be3e9a2189121"", ""4a5f0d46327316bb"", ""e894436afa9dd9f1"", ""4ca08ed0da0cb611"", ""f28fe86416cc8dc2"", ""58dd5f96d4201195"", ""96d0ec5b7ee50e7e"", ""0f36b619fba02a9b""]","{""clip_0"": 141480, ""drive_limit_force"": 17717, ""zero_lock"": 0, ""zero_crossing"": 30, ""mode_INITIALIZED"": 141, ""warmup_mode_INITIALIZED"": 141, ""front_ACCEPTED"": 6707, ""rear_ACCEPTED"": 6707, ""mode_transitions"": 10948, ""quarantine_active"": 0, ""reacquire_state_active"": 0, ""readout_healthy"": 12162, ""readout_holdoff"": 16162, ""readout_nonzero"": 11710, ""output_ticks"": 28341, ""mode_MODEL_ONLY"": 20571, ""warmup_mode_MODEL_ONLY"": 6471, ""front_DUPLICATE_OR_OLD"": 7534, ""rear_DUPLICATE_OR_OLD"": 7534, ""mode_FUSED"": 5649, ""warmup_mode_FUSED"": 5649, ""forecast_mode_MODEL_ONLY"": 14100, ""front_MISSING_OR_STALE"": 14100, ""rear_MISSING_OR_STALE"": 14100, ""mode_STOPPED"": 1938, ""warmup_mode_STOPPED"": 1938, ""mode_SINGLE_WHEEL"": 42, ""warmup_mode_SINGLE_WHEEL"": 42, ""drive_limit_power"": 2339, ""clip_1"": 56}"
0.6,0.9864072322061699,0.9606953562484233,1.0119702161192237,7.44460223464618e-05,"[""5c1be3e9a2189121"", ""4a5f0d46327316bb"", ""e894436afa9dd9f1"", ""4ca08ed0da0cb611"", ""f28fe86416cc8dc2"", ""58dd5f96d4201195"", ""96d0ec5b7ee50e7e"", ""0f36b619fba02a9b""]","{""clip_0"": 141480, ""drive_limit_force"": 17729, ""zero_lock"": 0, ""zero_crossing"": 30, ""mode_INITIALIZED"": 141, ""warmup_mode_INITIALIZED"": 141, ""front_ACCEPTED"": 6707, ""rear_ACCEPTED"": 6707, ""mode_transitions"": 10948, ""quarantine_active"": 0, ""reacquire_state_active"": 0, ""readout_healthy"": 12162, ""readout_holdoff"": 16162, ""readout_nonzero"": 11710, ""output_ticks"": 28341, ""mode_MODEL_ONLY"": 20571, ""warmup_mode_MODEL_ONLY"": 6471, ""front_DUPLICATE_OR_OLD"": 7534, ""rear_DUPLICATE_OR_OLD"": 7534, ""mode_FUSED"": 5649, ""warmup_mode_FUSED"": 5649, ""forecast_mode_MODEL_ONLY"": 14100, ""front_MISSING_OR_STALE"": 14100, ""rear_MISSING_OR_STALE"": 14100, ""mode_STOPPED"": 1938, ""warmup_mode_STOPPED"": 1938, ""mode_SINGLE_WHEEL"": 42, ""warmup_mode_SINGLE_WHEEL"": 42, ""drive_limit_power"": 2327, ""clip_1"": 56}"
0.65,0.986336031579767,0.9588824574943264,1.0136148643071998,8.737067900383364e-05,"[""5c1be3e9a2189121"", ""4a5f0d46327316bb"", ""e894436afa9dd9f1"", ""4ca08ed0da0cb611"", ""f28fe86416cc8dc2"", ""58dd5f96d4201195"", ""96d0ec5b7ee50e7e"", ""0f36b619fba02a9b""]","{""clip_0"": 141480, ""drive_limit_force"": 17744, ""zero_lock"": 0, ""zero_crossing"": 30, ""mode_INITIALIZED"": 141, ""warmup_mode_INITIALIZED"": 141, ""front_ACCEPTED"": 6707, ""rear_ACCEPTED"": 6707, ""mode_transitions"": 10948, ""quarantine_active"": 0, ""reacquire_state_active"": 0, ""readout_healthy"": 12162, ""readout_holdoff"": 16162, ""readout_nonzero"": 11710, ""output_ticks"": 28341, ""mode_MODEL_ONLY"": 20571, ""warmup_mode_MODEL_ONLY"": 6471, ""front_DUPLICATE_OR_OLD"": 7534, ""rear_DUPLICATE_OR_OLD"": 7534, ""mode_FUSED"": 5649, ""warmup_mode_FUSED"": 5649, ""forecast_mode_MODEL_ONLY"": 14100, ""front_MISSING_OR_STALE"": 14100, ""rear_MISSING_OR_STALE"": 14100, ""mode_STOPPED"": 1938, ""warmup_mode_STOPPED"": 1938, ""mode_SINGLE_WHEEL"": 42, ""warmup_mode_SINGLE_WHEEL"": 42, ""drive_limit_power"": 2312, ""clip_1"": 56}"
0.7,0.986613465659191,0.9574165134535024,1.0156077592484918,0.00010132930819379522,"[""5c1be3e9a2189121"", ""4a5f0d46327316bb"", ""e894436afa9dd9f1"", ""4ca08ed0da0cb611"", ""f28fe86416cc8dc2"", ""58dd5f96d4201195"", ""0f36b619fba02a9b"", ""96d0ec5b7ee50e7e""]","{""clip_0"": 141480, ""drive_limit_force"": 17758, ""zero_lock"": 0, ""zero_crossing"": 31, ""mode_INITIALIZED"": 141, ""warmup_mode_INITIALIZED"": 141, ""front_ACCEPTED"": 6707, ""rear_ACCEPTED"": 6707, ""mode_transitions"": 10948, ""quarantine_active"": 0, ""reacquire_state_active"": 0, ""readout_healthy"": 12162, ""readout_holdoff"": 16162, ""readout_nonzero"": 11710, ""output_ticks"": 28341, ""mode_MODEL_ONLY"": 20571, ""warmup_mode_MODEL_ONLY"": 6471, ""front_DUPLICATE_OR_OLD"": 7534, ""rear_DUPLICATE_OR_OLD"": 7534, ""mode_FUSED"": 5649, ""warmup_mode_FUSED"": 5649, ""forecast_mode_MODEL_ONLY"": 14100, ""front_MISSING_OR_STALE"": 14100, ""rear_MISSING_OR_STALE"": 14100, ""mode_STOPPED"": 1938, ""warmup_mode_STOPPED"": 1938, ""mode_SINGLE_WHEEL"": 42, ""warmup_mode_SINGLE_WHEEL"": 42, ""drive_limit_power"": 2298, ""clip_1"": 56}"
0.75,0.9870263000396732,0.9561325035550692,1.0176874527044444,0.00011632190991634657,"[""5c1be3e9a2189121"", ""4a5f0d46327316bb"", ""e894436afa9dd9f1"", ""4ca08ed0da0cb611"", ""f28fe86416cc8dc2"", ""58dd5f96d4201195"", ""0f36b619fba02a9b"", ""96d0ec5b7ee50e7e""]","{""clip_0"": 141480, ""drive_limit_force"": 17775, ""zero_lock"": 0, ""zero_crossing"": 31, ""mode_INITIALIZED"": 141, ""warmup_mode_INITIALIZED"": 141, ""front_ACCEPTED"": 6707, ""rear_ACCEPTED"": 6707, ""mode_transitions"": 10948, ""quarantine_active"": 0, ""reacquire_state_active"": 0, ""readout_healthy"": 12162, ""readout_holdoff"": 16162, ""readout_nonzero"": 11710, ""output_ticks"": 28341, ""mode_MODEL_ONLY"": 20571, ""warmup_mode_MODEL_ONLY"": 6471, ""front_DUPLICATE_OR_OLD"": 7534, ""rear_DUPLICATE_OR_OLD"": 7534, ""mode_FUSED"": 5649, ""warmup_mode_FUSED"": 5649, ""forecast_mode_MODEL_ONLY"": 14100, ""front_MISSING_OR_STALE"": 14100, ""rear_MISSING_OR_STALE"": 14100, ""mode_STOPPED"": 1938, ""warmup_mode_STOPPED"": 1938, ""mode_SINGLE_WHEEL"": 42, ""warmup_mode_SINGLE_WHEEL"": 42, ""drive_limit_power"": 2281, ""clip_1"": 56}"
0.8,0.9876498570345129,0.9550918772400501,1.0199431398606327,0.00013234848417148767,"[""5c1be3e9a2189121"", ""4a5f0d46327316bb"", ""e894436afa9dd9f1"", ""4ca08ed0da0cb611"", ""f28fe86416cc8dc2"", ""58dd5f96d4201195"", ""0f36b619fba02a9b"", ""96d0ec5b7ee50e7e""]","{""clip_0"": 141480, ""drive_limit_force"": 17801, ""zero_lock"": 0, ""zero_crossing"": 31, ""mode_INITIALIZED"": 141, ""warmup_mode_INITIALIZED"": 141, ""front_ACCEPTED"": 6707, ""rear_ACCEPTED"": 6707, ""mode_transitions"": 10948, ""quarantine_active"": 0, ""reacquire_state_active"": 0, ""readout_healthy"": 12162, ""readout_holdoff"": 16162, ""readout_nonzero"": 11710, ""output_ticks"": 28341, ""mode_MODEL_ONLY"": 20571, ""warmup_mode_MODEL_ONLY"": 6471, ""front_DUPLICATE_OR_OLD"": 7534, ""rear_DUPLICATE_OR_OLD"": 7534, ""mode_FUSED"": 5649, ""warmup_mode_FUSED"": 5649, ""forecast_mode_MODEL_ONLY"": 14100, ""front_MISSING_OR_STALE"": 14100, ""rear_MISSING_OR_STALE"": 14100, ""mode_STOPPED"": 1938, ""warmup_mode_STOPPED"": 1938, ""mode_SINGLE_WHEEL"": 42, ""warmup_mode_SINGLE_WHEEL"": 42, ""drive_limit_power"": 2255, ""clip_1"": 56}"
0.85,0.9884666947839799,0.9542647425315632,1.022369828974478,0.0001494090309592185,"[""5c1be3e9a2189121"", ""4a5f0d46327316bb"", ""e894436afa9dd9f1"", ""4ca08ed0da0cb611"", ""f28fe86416cc8dc2"", ""58dd5f96d4201195"", ""0f36b619fba02a9b"", ""96d0ec5b7ee50e7e""]","{""clip_0"": 141480, ""drive_limit_force"": 17831, ""zero_lock"": 0, ""zero_crossing"": 31, ""mode_INITIALIZED"": 141, ""warmup_mode_INITIALIZED"": 141, ""front_ACCEPTED"": 6707, ""rear_ACCEPTED"": 6707, ""mode_transitions"": 10948, ""quarantine_active"": 0, ""reacquire_state_active"": 0, ""readout_healthy"": 12162, ""readout_holdoff"": 16162, ""readout_nonzero"": 11710, ""output_ticks"": 28341, ""mode_MODEL_ONLY"": 20571, ""warmup_mode_MODEL_ONLY"": 6471, ""front_DUPLICATE_OR_OLD"": 7534, ""rear_DUPLICATE_OR_OLD"": 7534, ""mode_FUSED"": 5649, ""warmup_mode_FUSED"": 5649, ""forecast_mode_MODEL_ONLY"": 14100, ""front_MISSING_OR_STALE"": 14100, ""rear_MISSING_OR_STALE"": 14100, ""mode_STOPPED"": 1938, ""warmup_mode_STOPPED"": 1938, ""mode_SINGLE_WHEEL"": 42, ""warmup_mode_SINGLE_WHEEL"": 42, ""drive_limit_power"": 2225, ""clip_1"": 56}"
0.9,0.9895391225657053,0.9537058378903144,1.0250374001405373,0.00016750355027953908,"[""5c1be3e9a2189121"", ""4a5f0d46327316bb"", ""e894436afa9dd9f1"", ""4ca08ed0da0cb611"", ""f28fe86416cc8dc2"", ""58dd5f96d4201195"", ""0f36b619fba02a9b"", ""96d0ec5b7ee50e7e""]","{""clip_0"": 141480, ""drive_limit_force"": 17895, ""zero_lock"": 0, ""zero_crossing"": 30, ""mode_INITIALIZED"": 141, ""warmup_mode_INITIALIZED"": 141, ""front_ACCEPTED"": 6707, ""rear_ACCEPTED"": 6707, ""mode_transitions"": 10948, ""quarantine_active"": 0, ""reacquire_state_active"": 0, ""readout_healthy"": 12162, ""readout_holdoff"": 16162, ""readout_nonzero"": 11710, ""output_ticks"": 28341, ""mode_MODEL_ONLY"": 20571, ""warmup_mode_MODEL_ONLY"": 6471, ""front_DUPLICATE_OR_OLD"": 7534, ""rear_DUPLICATE_OR_OLD"": 7534, ""mode_FUSED"": 5649, ""warmup_mode_FUSED"": 5649, ""forecast_mode_MODEL_ONLY"": 14100, ""front_MISSING_OR_STALE"": 14100, ""rear_MISSING_OR_STALE"": 14100, ""mode_STOPPED"": 1938, ""warmup_mode_STOPPED"": 1938, ""mode_SINGLE_WHEEL"": 42, ""warmup_mode_SINGLE_WHEEL"": 42, ""drive_limit_power"": 2161, ""clip_1"": 56}"
0.95,0.9909457893578115,0.9533863180781815,1.0281319965531766,0.00018663204213244938,"[""5c1be3e9a2189121"", ""4a5f0d46327316bb"", ""e894436afa9dd9f1"", ""4ca08ed0da0cb611"", ""f28fe86416cc8dc2"", ""0f36b619fba02a9b"", ""58dd5f96d4201195"", ""0448e10aab8a0e05""]","{""clip_0"": 141480, ""drive_limit_force"": 17926, ""zero_lock"": 0, ""zero_crossing"": 30, ""mode_INITIALIZED"": 141, ""warmup_mode_INITIALIZED"": 141, ""front_ACCEPTED"": 6707, ""rear_ACCEPTED"": 6707, ""mode_transitions"": 10948, ""quarantine_active"": 0, ""reacquire_state_active"": 0, ""readout_healthy"": 12162, ""readout_holdoff"": 16162, ""readout_nonzero"": 11710, ""output_ticks"": 28341, ""mode_MODEL_ONLY"": 20571, ""warmup_mode_MODEL_ONLY"": 6471, ""front_DUPLICATE_OR_OLD"": 7534, ""rear_DUPLICATE_OR_OLD"": 7534, ""mode_FUSED"": 5649, ""warmup_mode_FUSED"": 5649, ""forecast_mode_MODEL_ONLY"": 14100, ""front_MISSING_OR_STALE"": 14100, ""rear_MISSING_OR_STALE"": 14100, ""mode_STOPPED"": 1938, ""warmup_mode_STOPPED"": 1938, ""mode_SINGLE_WHEEL"": 42, ""warmup_mode_SINGLE_WHEEL"": 42, ""drive_limit_power"": 2130, ""clip_1"": 56}"
1.0,0.9919358040775982,0.9528525844083223,1.030605434733838,0.00020679450651794946,"[""5c1be3e9a2189121"", ""4a5f0d46327316bb"", ""e894436afa9dd9f1"", ""4ca08ed0da0cb611"", ""f28fe86416cc8dc2"", ""0f36b619fba02a9b"", ""58dd5f96d4201195"", ""0448e10aab8a0e05""]","{""clip_0"": 141480, ""drive_limit_force"": 17944, ""zero_lock"": 0, ""zero_crossing"": 30, ""mode_INITIALIZED"": 141, ""warmup_mode_INITIALIZED"": 141, ""front_ACCEPTED"": 6707, ""rear_ACCEPTED"": 6707, ""mode_transitions"": 10948, ""quarantine_active"": 0, ""reacquire_state_active"": 0, ""readout_healthy"": 12162, ""readout_holdoff"": 16162, ""readout_nonzero"": 11710, ""output_ticks"": 28341, ""mode_MODEL_ONLY"": 20571, ""warmup_mode_MODEL_ONLY"": 6471, ""front_DUPLICATE_OR_OLD"": 7534, ""rear_DUPLICATE_OR_OLD"": 7534, ""mode_FUSED"": 5649, ""warmup_mode_FUSED"": 5649, ""forecast_mode_MODEL_ONLY"": 14100, ""front_MISSING_OR_STALE"": 14100, ""rear_MISSING_OR_STALE"": 14100, ""mode_STOPPED"": 1938, ""warmup_mode_STOPPED"": 1938, ""mode_SINGLE_WHEEL"": 42, ""warmup_mode_SINGLE_WHEEL"": 42, ""drive_limit_power"": 2112, ""clip_1"": 56}"
