fold,parameter,logratio,theta,distance_to_log_lower,distance_to_log_upper,fold_min,fold_max,fold_std
0,F/m,2.2438085093310676e-07,1.188434584764875,3.1683692396931593,1.4368009462949316,1.1884342655040487,1.2367633601659456,0.018971577886965355
0,P/m,0.6016817103407445,12.81615860102368,2.550706765485361,2.0544634205027306,8.391538846652274,12.81615860102368,1.6668591356515103
0,B/m,0.007839924697697809,1.1481867383739306,3.133916222311787,1.4712539636763042,1.1393809905115309,1.2386706676537522,0.037499859225319704
1,F/m,-4.425898268927992e-08,1.1884342655040487,3.168368971053326,1.4368012149347653,1.1884342655040487,1.2367633601659456,0.018971577886965355
1,P/m,0.17819886289662307,8.391538846652274,2.1272239180412393,2.477946267946852,8.391538846652274,12.81615860102368,1.6668591356515103
1,B/m,0.004942847703219145,1.1448651667363878,3.131019145317308,1.474151040670783,1.1393809905115309,1.2386706676537522,0.037499859225319704
2,F/m,0.016536007485444957,1.2082496586702767,3.1849050227977536,1.4202651631903376,1.1884342655040487,1.2367633601659456,0.018971577886965355
2,P/m,0.2188690140136843,8.739859107885716,2.167894069158301,2.437276116829791,8.391538846652274,12.81615860102368,1.6668591356515103
2,B/m,0.08369473829385553,1.2386706676537522,3.2097710359079445,1.3953991500801466,1.1393809905115309,1.2386706676537522,0.037499859225319704
3,F/m,9.197042242735491e-08,1.1884344274037528,3.168369107282731,1.4368010787053602,1.1884342655040487,1.2367633601659456,0.018971577886965355
3,P/m,0.20280640031162311,8.600595589514988,2.1518314554562394,2.453338730531852,8.391538846652274,12.81615860102368,1.6668591356515103
3,B/m,0.0001411000940671167,1.1393809905115309,3.126217397708156,1.478952788279935,1.1393809905115309,1.2386706676537522,0.037499859225319704
4,F/m,0.039861031949763516,1.2367633601659456,3.208230047262072,1.3969401387260192,1.1884342655040487,1.2367633601659456,0.018971577886965355
4,P/m,0.24497285199663638,8.971006769197151,2.1939979071412528,2.4111722788468386,8.391538846652274,12.81615860102368,1.6668591356515103
4,B/m,0.04093561659676036,1.1868225864695832,3.1670119142108497,1.4381582717772419,1.1393809905115309,1.2386706676537522,0.037499859225319704
