bag,group,receiver,n,v8_rmse,r05_rmse,r20_rmse,v8_distance,r05_distance,r20_distance
30618_0652866c,8269991eafa82c45,master,28586,0.03581761396605538,0.03563742027126871,0.036236688537920024,0.3470724769444702,0.3420815652514821,0.3530375225795748
30618_0652866c,8269991eafa82c45,rover,27714,0.03639643781273983,0.036200802934408,0.036836492506655286,0.4759879524296647,0.468339459813717,0.4835427192248197
30618_073f08d1,8269991eafa82c45,master,24724,0.03348245154291824,0.03345435790406692,0.03372412331877081,0.22510198625126168,0.22158388651088032,0.2299774391724154
30618_073f08d1,8269991eafa82c45,rover,24530,0.03438795608244706,0.0343404902049319,0.0346343969251717,0.5466859334919867,0.5424129916230113,0.5512497472247874
30618_117c2d02,664cca45aeb0db23,master,0,,,,,,
30618_117c2d02,664cca45aeb0db23,rover,0,,,,,,
30618_1551d0a9,8269991eafa82c45,master,22,0.003942772444036626,0.003942772444036626,0.003942772444036626,0.0022139408508153715,0.0022139408508153715,0.0022139408508153715
30618_1551d0a9,8269991eafa82c45,rover,22,0.004033946860424326,0.004033946860424326,0.004033946860424326,0.002231565899460818,0.002231565899460818,0.002231565899460818
30618_27e994fc,711abb923942f9fe,master,37199,0.16363254547951553,0.16355481694868826,0.16377520197379297,1.6812826250370876,1.6765107010787046,1.687540472622863
30618_27e994fc,711abb923942f9fe,rover,37143,0.15909625801028546,0.1590025578832483,0.1592745833713417,1.116948628798278,1.1110504968576742,1.123677249988231
30618_3e012faf,664cca45aeb0db23,master,0,,,,,,
30618_3e012faf,664cca45aeb0db23,rover,0,,,,,,
30618_46e21b9b,664cca45aeb0db23,master,0,,,,,,
30618_46e21b9b,664cca45aeb0db23,rover,0,,,,,,
30618_5036aa78,664cca45aeb0db23,master,0,,,,,,
30618_5036aa78,664cca45aeb0db23,rover,0,,,,,,
30618_74559c73,664cca45aeb0db23,master,0,,,,,,
30618_74559c73,664cca45aeb0db23,rover,0,,,,,,
30618_88548b02,711abb923942f9fe,master,24833,0.050336406717138904,0.050069001551872855,0.05092156440900082,2.8397907385231904,2.834337100225878,2.8379465022943795
30618_88548b02,711abb923942f9fe,rover,24673,0.05086529861779218,0.05059861320421935,0.05146625484809957,1.9392125883370643,1.935538719079065,1.9430307689005533
30618_bcc9e7a2,664cca45aeb0db23,master,0,,,,,,
30618_bcc9e7a2,664cca45aeb0db23,rover,0,,,,,,
30618_e151d6e4,664cca45aeb0db23,master,0,,,,,,
30618_e151d6e4,664cca45aeb0db23,rover,0,,,,,,
30639_0ab96c59,2cd82bc27dbad052,master,1592,0.018981005982407435,0.018295938605074533,0.019559426442681133,0.11011468379779153,0.11455077376896493,0.10449746250587445
30639_0ab96c59,2cd82bc27dbad052,rover,1592,0.019389049497011826,0.018705798838305948,0.01995285451390319,0.13322449416239673,0.13782045631332113,0.12730984890873356
30639_9c362687,a8a4c11ebcc1dde2,master,27156,0.07832969221186231,0.0784216013326478,0.07868448689491346,16.067518821165372,16.160998819824584,15.96267596620094
30639_9c362687,a8a4c11ebcc1dde2,rover,27096,0.16237357481214673,0.16241447705211812,0.1625334257904179,19.212920562989922,19.31884658165827,19.09351568736951
30639_c31df386,70bb14d1c90f301f,master,24006,0.06253184971146651,0.06238095389523699,0.06295447453069918,4.058011804137411,4.087746809871641,4.025663815333125
30639_c31df386,70bb14d1c90f301f,rover,27162,0.06488326117957367,0.06477044710948239,0.06525131058670869,28.322408034794446,28.410585720568516,28.27130031382746
30639_dce52be4,70bb14d1c90f301f,master,21963,0.3600590120977054,0.36001653656013843,0.3601608357957727,11.266619291972654,11.30728745597088,11.225190322509816
30639_dce52be4,70bb14d1c90f301f,rover,22798,0.10320819551241453,0.10313616272652003,0.10344541722146992,3.9919015095513934,4.017119279328769,3.9620463473300345
30639_e4379d7f,a0c46036cc19092a,master,0,,,,,,
30639_e4379d7f,a0c46036cc19092a,rover,11410,0.13814212669565956,0.1380928420219465,0.13831501836068386,0.02928796648509978,0.029098561003842477,0.030493864202767923
