bag,receiver,fault,duration_s,v8,H35_R050,H35_R200
30618_0652866c,master,bias,5.0,0.046062129388877174,0.04313094352902215,0.05460114962048427
30618_0652866c,rover,bias,5.0,0.049277182132701,0.0448259871103061,0.05937976757636743
30618_0652866c,master,dropout,5.0,0.09999648347634237,0.05223256555318883,0.15801665383283336
30618_0652866c,rover,dropout,5.0,0.10298372524688669,0.05420021905190858,0.16302078130421876
30618_0652866c,master,dropout,10.0,0.15780494520013125,0.0870458067328723,0.22969611869576312
30618_0652866c,rover,dropout,10.0,0.1604127348839681,0.08955445977260694,0.23303675658375272
30618_0652866c,master,lock,3.0,0.04609706040210767,0.046081692813317844,0.05833004409688977
30618_0652866c,rover,lock,3.0,0.046350605584348885,0.04351384551604723,0.062065502948265024
30618_073f08d1,master,bias,5.0,0.08876829296488531,0.08876829296488391,0.08876829296738879
30618_073f08d1,rover,bias,5.0,0.08549924140752002,0.08549924140751837,0.08549924141012988
30618_073f08d1,master,dropout,5.0,0.7644039095639792,0.7644039094311513,0.7644039097418996
30618_073f08d1,rover,dropout,5.0,0.7487385273836106,0.7487385272021612,0.7487385276081786
30618_073f08d1,master,dropout,10.0,1.5693744405944205,1.5693389026153413,1.5694100982772117
30618_073f08d1,rover,dropout,10.0,1.6565414833891217,1.6565027612979737,1.6565803357961375
30618_073f08d1,master,lock,3.0,0.5925587417854886,0.592558741784574,0.5925587418271621
30618_073f08d1,rover,lock,3.0,0.5012545337439237,0.5012545337438163,0.5012545337801985
30618_27e994fc,master,bias,5.0,0.11560710653848347,0.11561960514634881,0.1155614965336562
30618_27e994fc,rover,bias,5.0,0.12083156481938344,0.1208455053739829,0.1207806969416669
30618_27e994fc,master,dropout,5.0,0.08948210461103095,0.08978049375748497,0.08840108220541042
30618_27e994fc,rover,dropout,5.0,0.09357727528727404,0.09389558891014216,0.09242246841629004
30618_27e994fc,master,dropout,10.0,0.24443268632171536,0.25208397896142115,0.23254708266880839
30618_27e994fc,rover,dropout,10.0,0.24515450546543252,0.25301635247772947,0.2329979109410933
30618_27e994fc,master,lock,3.0,0.0429475732570077,0.0429223302306884,0.04305103525036324
30618_27e994fc,rover,lock,3.0,0.038466047613189294,0.03843337001177433,0.03859785891696975
30618_88548b02,master,bias,5.0,0.0636638314255101,0.06715692333606675,0.05917352853391778
30618_88548b02,rover,bias,5.0,0.06448460284544086,0.06810247292039778,0.059857858171894124
30618_88548b02,master,dropout,5.0,0.0915249403113225,0.11408105449256556,0.1071142735541464
30618_88548b02,rover,dropout,5.0,0.09230433785587162,0.11518325642803054,0.10667120250428544
30618_88548b02,master,dropout,10.0,0.2445533483108201,0.18934001005921353,0.3635484332334178
30618_88548b02,rover,dropout,10.0,0.24490005792309696,0.18990793744041728,0.36336731612900236
30618_88548b02,master,lock,3.0,0.10456199135055094,0.11259716165502977,0.09540148181168889
30618_88548b02,rover,lock,3.0,0.10413054533409423,0.11193962163384265,0.09535803733426955
30639_9c362687,master,bias,5.0,0.10930527522193631,0.11132876290079052,0.1034049922771374
30639_9c362687,rover,bias,5.0,0.11621717661814171,0.11826920346733212,0.11028928098131531
30639_9c362687,master,dropout,5.0,0.14009505232412092,0.1333070934814992,0.202259742865346
30639_9c362687,rover,dropout,5.0,0.13688365830250557,0.13111479086577973,0.1967485134628283
30639_9c362687,master,dropout,10.0,0.2570956101757153,0.3182301519899879,0.14884220580426819
30639_9c362687,rover,dropout,10.0,0.258670138631096,0.32028192402619315,0.14523884207488733
30639_9c362687,master,lock,3.0,0.16024774427260532,0.15185190838307186,0.2115414806722593
30639_9c362687,rover,lock,3.0,0.154943595630792,0.14654804985052305,0.20622971159360903
30639_c31df386,master,bias,5.0,0.043808469218313204,0.044310214557174356,0.04619339637388284
30639_c31df386,rover,bias,5.0,0.04499047423512338,0.045472801034335694,0.04735342466602025
30639_c31df386,master,dropout,5.0,0.37335518171707316,0.39376780521749954,0.4532576610807348
30639_c31df386,rover,dropout,5.0,0.3723425838884605,0.39273400817597154,0.45218175279625106
30639_c31df386,master,dropout,10.0,0.4413995048875248,0.5017880327976518,0.5354612290833781
30639_c31df386,rover,dropout,10.0,0.4406594935280277,0.5009647327984982,0.5347714802270895
30639_c31df386,master,lock,3.0,0.2994322130804756,0.3121547618268282,0.34849291796395226
30639_c31df386,rover,lock,3.0,0.30036140509334913,0.3130816143479454,0.3494163797759851
30639_dce52be4,master,bias,5.0,0.0799638014420416,0.07777563379677488,0.09012251837739937
30639_dce52be4,rover,bias,5.0,0.07964387341988126,0.07834008717207233,0.08822753763244005
30639_dce52be4,master,dropout,5.0,0.2646800279422154,0.3576792487393173,0.16521519622763944
30639_dce52be4,rover,dropout,5.0,0.27116437513893255,0.36445029474302615,0.1693242717345743
30639_dce52be4,master,dropout,10.0,0.22795906454340564,0.28931244372725556,0.3124398901486087
30639_dce52be4,rover,dropout,10.0,0.23422860540305324,0.2972554697398824,0.31207013729488353
30639_dce52be4,master,lock,3.0,0.2261360595716466,0.26255174664254644,0.19094462886524563
30639_dce52be4,rover,lock,3.0,0.22919062151453962,0.2666137254885319,0.19225745768699462
30639_e4379d7f,rover,bias,5.0,0.07437063789617557,0.07715811298315213,0.07169345598948627
30639_e4379d7f,rover,dropout,5.0,0.34011946552944894,0.25304913274543056,0.4654593943872946
30639_e4379d7f,rover,dropout,10.0,0.3504594682056353,0.23995297736534357,0.5199033445629625
30639_e4379d7f,rover,lock,3.0,0.15777796614564962,0.12087761612104102,0.2091720282763707
