stage,bag,group,receiver,model,n,coverage,rmse,mae,bias,p95,integrated_error_m_not_xyz,full_span_terminal_error_m,full_span_terminal_drift_percent
validation,30618_0686195f,d5d5fc429697e8bf,master,baseline_v2,23382,0.9916871660022054,0.09359999116168202,0.06807153074140389,-0.0651668231348347,0.18499205451071374,-75.94998819464504,,
validation,30618_0686195f,d5d5fc429697e8bf,master,balanced_physics,23382,0.9916871660022054,0.09412556917941953,0.06893369366087586,-0.06521399602070072,0.18192091158116527,-76.0101045316894,,
validation,30618_0686195f,d5d5fc429697e8bf,master,front_scaled,23377,0.9914751039104249,0.09706942671293894,0.07039860995395539,-0.06611601483244964,0.19021649848090405,-77.03947544446521,,
validation,30618_0686195f,d5d5fc429697e8bf,master,mean_scaled,23377,0.9914751039104249,0.09695248800628505,0.07062113798752302,-0.06643576691027246,0.19014197862413165,-77.41466354823874,,
validation,30618_0686195f,d5d5fc429697e8bf,rover,baseline_v2,23238,0.9855797777589278,0.0933894715295978,0.06813939948169703,-0.06517027340017327,0.1827681472828847,-75.43330929386246,,
validation,30618_0686195f,d5d5fc429697e8bf,rover,balanced_physics,23238,0.9855797777589278,0.0938132233018121,0.06891781588935739,-0.065216269704957,0.18095006566789235,-75.49110496155757,,
validation,30618_0686195f,d5d5fc429697e8bf,rover,front_scaled,23234,0.9854101280855034,0.0966276026041242,0.0702554290135097,-0.0661275488513838,0.18866816372341688,-76.52668908195307,,
validation,30618_0686195f,d5d5fc429697e8bf,rover,mean_scaled,23234,0.9854101280855034,0.09655979001867397,0.07048452342051224,-0.0664420366084571,0.1882359714508065,-76.88661059973498,,
validation,30618_2255aade,48efdde376d950e5,master,baseline_v2,0,0.0,,,,,,,
validation,30618_2255aade,48efdde376d950e5,master,balanced_physics,0,0.0,,,,,,,
validation,30618_2255aade,48efdde376d950e5,master,front_scaled,0,0.0,,,,,,,
validation,30618_2255aade,48efdde376d950e5,master,mean_scaled,0,0.0,,,,,,,
validation,30618_2255aade,48efdde376d950e5,rover,baseline_v2,0,0.0,,,,,,,
validation,30618_2255aade,48efdde376d950e5,rover,balanced_physics,0,0.0,,,,,,,
validation,30618_2255aade,48efdde376d950e5,rover,front_scaled,0,0.0,,,,,,,
validation,30618_2255aade,48efdde376d950e5,rover,mean_scaled,0,0.0,,,,,,,
validation,30618_2dbce472,34ae07f7ed1bd75f,master,baseline_v2,26699,0.9748785920327162,0.132806875524388,0.04201107558669356,-0.0016175893477663652,0.10790035272211806,-2.209614707002145,,
validation,30618_2dbce472,34ae07f7ed1bd75f,master,balanced_physics,26699,0.9748785920327162,0.1310230271787248,0.03745690630473722,-0.001968869798518176,0.10001416650044379,-2.648027610352546,,
validation,30618_2dbce472,34ae07f7ed1bd75f,master,front_scaled,26674,0.97396575017344,0.13447628923376495,0.045175676407852854,-0.003119074233926831,0.12591617125405222,-4.213376072282164,,
validation,30618_2dbce472,34ae07f7ed1bd75f,master,mean_scaled,26674,0.97396575017344,0.13455716843675303,0.04486705905325764,-0.0031201194230674415,0.12439922163221562,-4.210505110568828,,
validation,30618_2dbce472,34ae07f7ed1bd75f,rover,baseline_v2,26273,0.9593237667506481,0.06279479884205763,0.0380043958530291,-0.0044538262998747215,0.10802779824025589,-5.853737292575552,,
validation,30618_2dbce472,34ae07f7ed1bd75f,rover,balanced_physics,26273,0.9593237667506481,0.05907636500787233,0.03353301692069731,-0.004903422504464105,0.09937908424235965,-6.445888632663321,,
validation,30618_2dbce472,34ae07f7ed1bd75f,rover,front_scaled,26249,0.9584474385657429,0.0679609856960018,0.0411706182198362,-0.006056848745877045,0.12447390344407827,-7.978859631135165,,
validation,30618_2dbce472,34ae07f7ed1bd75f,rover,mean_scaled,26249,0.9584474385657429,0.06764892380021714,0.04090460096062426,-0.0060954381648192935,0.12197563756306948,-8.027723347455154,,
validation,30618_2f104a1d,34ae07f7ed1bd75f,master,baseline_v2,24461,0.9797332478872112,0.03770936035316346,0.02633852153180246,-0.0030874806806843783,0.0809409366600703,-3.7926940082158134,,
validation,30618_2f104a1d,34ae07f7ed1bd75f,master,balanced_physics,24461,0.9797332478872112,0.032821524822193505,0.022678804538965033,-0.0028328485810290007,0.07094794874502064,-3.4815675222377465,,
validation,30618_2f104a1d,34ae07f7ed1bd75f,master,front_scaled,24451,0.97933271918933,0.04564084043719197,0.0300907428972385,-0.0032953625157940308,0.10281807157728418,-4.02507734413239,,
validation,30618_2f104a1d,34ae07f7ed1bd75f,master,mean_scaled,24450,0.9792926663195418,0.04495618740588307,0.029618251927340744,-0.0031033418903514995,0.10105880388683793,-3.7915748237336824,,
validation,30618_2f104a1d,34ae07f7ed1bd75f,rover,baseline_v2,24303,0.9734048944606881,0.07098765521275044,0.0275923671044436,-0.0030325040578441944,0.08240671306008895,-3.666012359308385,,
validation,30618_2f104a1d,34ae07f7ed1bd75f,rover,balanced_physics,24303,0.9734048944606881,0.06838210749374786,0.024048262359125883,-0.0027367973142689676,0.07253634016274357,-3.314570828790529,,
validation,30618_2f104a1d,34ae07f7ed1bd75f,rover,front_scaled,24293,0.9730043657628069,0.07539632391825397,0.031404300743455585,-0.0032229987340966553,0.10333464830186577,-3.884199041802547,,
validation,30618_2f104a1d,34ae07f7ed1bd75f,rover,mean_scaled,24292,0.9729643128930188,0.0750918339078715,0.031013367560118556,-0.003026469249994012,0.10228679121865204,-3.6509320466873003,,
validation,30618_437e855c,5a956d7a8a9351ca,master,baseline_v2,22480,0.9794353433252004,0.05178926252173454,0.037931550052995824,-0.00831960629857426,0.10813659344982102,-9.346791838442918,,
validation,30618_437e855c,5a956d7a8a9351ca,master,balanced_physics,22480,0.9794353433252004,0.044861201655269294,0.0325905833667337,-0.00879346951023207,0.09415601990431186,-9.871866667832116,,
validation,30618_437e855c,5a956d7a8a9351ca,master,front_scaled,22462,0.9786510979435343,0.057333025109346555,0.03997234026953287,-0.010026907714497737,0.12209136030408985,-11.189728498628117,,
validation,30618_437e855c,5a956d7a8a9351ca,master,mean_scaled,22462,0.9786510979435343,0.05716342531677052,0.03990496374157811,-0.009791757545351347,0.1215444125705294,-10.93124932553987,,
validation,30618_437e855c,5a956d7a8a9351ca,rover,baseline_v2,21736,0.9470198675496688,0.05254110850736049,0.038696626473082626,-0.008029108589016372,0.1087977251907572,-8.654526786946839,,
validation,30618_437e855c,5a956d7a8a9351ca,rover,balanced_physics,21736,0.9470198675496688,0.04542732926402213,0.03316049387150432,-0.008622435843049638,0.09548049011768445,-9.30608738342739,,
validation,30618_437e855c,5a956d7a8a9351ca,rover,front_scaled,21718,0.9462356221680028,0.057501258351309134,0.04032446437718978,-0.009718369564879573,0.12397676548427909,-10.437713467657668,,
validation,30618_437e855c,5a956d7a8a9351ca,rover,mean_scaled,21718,0.9462356221680028,0.05742546423612308,0.040367083485146636,-0.009499740187658413,0.12338462278578,-10.201279894590487,,
validation,30618_49fe4c54,df3d0a78924ca32f,master,baseline_v2,26766,0.9699231772720684,0.04181431917393372,0.029673476415235496,-0.008465734511336566,0.08163411136008075,-11.182459268765243,,
validation,30618_49fe4c54,df3d0a78924ca32f,master,balanced_physics,26766,0.9699231772720684,0.038754112601309045,0.02724253125233079,-0.00872266551562828,0.0749895117565359,-11.545242740454796,,
validation,30618_49fe4c54,df3d0a78924ca32f,master,front_scaled,26757,0.9695970430497174,0.04631968959820825,0.0330302260757752,-0.008584219051799383,0.09954768922593862,-11.336671663463697,,
validation,30618_49fe4c54,df3d0a78924ca32f,master,mean_scaled,26753,0.9694520945064502,0.045860504138978894,0.032734549030310624,-0.008470754869685322,0.09814825981987826,-11.17766972376917,,
validation,30618_49fe4c54,df3d0a78924ca32f,rover,baseline_v2,26802,0.9712277141614727,0.9002260619485203,0.08192647330610792,-0.0609038937760229,0.08759233739590949,-80.48490067070927,,
validation,30618_49fe4c54,df3d0a78924ca32f,rover,balanced_physics,26802,0.9712277141614727,0.8995818269579394,0.07957602596395359,-0.06111895766580504,0.08009138375526528,-80.79289573140417,,
validation,30618_49fe4c54,df3d0a78924ca32f,rover,front_scaled,26794,0.9709378170749384,0.8975808077487503,0.0849292119013658,-0.06080692572163662,0.10477872140672462,-79.52564168522333,,
validation,30618_49fe4c54,df3d0a78924ca32f,rover,mean_scaled,26790,0.9707928685316712,0.8978730550600647,0.08465053105354087,-0.060697917552999275,0.10342883932325535,-79.36463161602002,,
validation,30618_4e1e3181,48efdde376d950e5,master,baseline_v2,0,0.0,,,,,,,
validation,30618_4e1e3181,48efdde376d950e5,master,balanced_physics,0,0.0,,,,,,,
validation,30618_4e1e3181,48efdde376d950e5,master,front_scaled,0,0.0,,,,,,,
validation,30618_4e1e3181,48efdde376d950e5,master,mean_scaled,0,0.0,,,,,,,
validation,30618_4e1e3181,48efdde376d950e5,rover,baseline_v2,0,0.0,,,,,,,
validation,30618_4e1e3181,48efdde376d950e5,rover,balanced_physics,0,0.0,,,,,,,
validation,30618_4e1e3181,48efdde376d950e5,rover,front_scaled,0,0.0,,,,,,,
validation,30618_4e1e3181,48efdde376d950e5,rover,mean_scaled,0,0.0,,,,,,,
validation,30618_68847170,df3d0a78924ca32f,master,baseline_v2,24122,0.9962005451391757,0.03538210388723284,0.02602556685873183,-0.0037841142137838937,0.07466442625887516,-4.558705663528662,,
validation,30618_68847170,df3d0a78924ca32f,master,balanced_physics,24122,0.9962005451391757,0.03141568222129147,0.02298531730603834,-0.0038756361373730123,0.06525034919390278,-4.66411545769134,,
validation,30618_68847170,df3d0a78924ca32f,master,front_scaled,24119,0.9960766498719749,0.043342246664007586,0.030076026890399836,-0.004516608988494829,0.09305473378499407,-5.430500751707658,,
validation,30618_68847170,df3d0a78924ca32f,master,mean_scaled,24119,0.9960766498719749,0.04254558187054669,0.029510920991298248,-0.004110558301559923,0.0918204689025881,-4.943942661019255,,
validation,30618_68847170,df3d0a78924ca32f,rover,baseline_v2,23772,0.9817460972990831,0.050149557987142525,0.027555839969349082,-0.004227957165791604,0.07508482672956858,-5.078697340014486,,
validation,30618_68847170,df3d0a78924ca32f,rover,balanced_physics,23772,0.9817460972990831,0.047483695322342125,0.024685639516801493,-0.004255265006028604,0.06713921729741469,-5.1018796382398754,,
validation,30618_68847170,df3d0a78924ca32f,rover,front_scaled,23770,0.9816635004542826,0.05600978828052822,0.03152601085898112,-0.004917399163920346,0.09291392305162234,-5.8821322735578425,,
validation,30618_68847170,df3d0a78924ca32f,rover,mean_scaled,23770,0.9816635004542826,0.05541058471695604,0.03102261725509784,-0.004499230303921813,0.091610616048178,-5.384660178358143,,
validation,30618_68d1748a,58e34644448d6bb0,master,baseline_v2,24681,0.9820547509151679,0.14883543660290938,0.03780582714852191,-0.002430900999403869,0.1026447495740408,-2.933203951734277,,
validation,30618_68d1748a,58e34644448d6bb0,master,balanced_physics,24681,0.9820547509151679,0.14734464301119127,0.03342185038682878,-0.00266976797380519,0.09190069338738116,-3.242704230137058,,
validation,30618_68d1748a,58e34644448d6bb0,master,front_scaled,24663,0.9813385325481457,0.15103142372021866,0.041300871322176025,-0.0035340883964308937,0.11880459976196267,-4.313005689426455,,
validation,30618_68d1748a,58e34644448d6bb0,master,mean_scaled,24661,0.9812589527295877,0.1545816374335045,0.04129224101800568,-0.003942759745993467,0.11681288062201567,-4.812048782453976,,
validation,30618_68d1748a,58e34644448d6bb0,rover,baseline_v2,24595,0.9786328187171733,0.3228430033783497,0.059740227920291634,0.011636796240312478,0.10718571267608855,14.291888546886256,,
validation,30618_68d1748a,58e34644448d6bb0,rover,balanced_physics,24595,0.9786328187171733,0.32128766341955245,0.05552807424441761,0.011255928754128347,0.09738171419509653,13.823246198230748,,
validation,30618_68d1748a,58e34644448d6bb0,rover,front_scaled,24577,0.9779166003501512,0.3241717511393425,0.06337354138880374,0.010275610509296793,0.1250440775553372,12.626360788003218,,
validation,30618_68d1748a,58e34644448d6bb0,rover,mean_scaled,24575,0.9778370205315932,0.32411148968740877,0.06303609069685472,0.010450533064105679,0.12324161359998875,12.84389248042546,,
validation,30618_76e1f9c7,79bdd79f6b346e24,master,baseline_v2,24893,0.9607487456580471,0.04753922896698899,0.03419270198772553,-0.0027461646212991408,0.10015010632716051,-3.326711934539027,,
validation,30618_76e1f9c7,79bdd79f6b346e24,master,balanced_physics,24893,0.9607487456580471,0.04190476775718796,0.02943258816825433,-0.0032723664876526336,0.0900553692572337,-3.9894698314375727,,
validation,30618_76e1f9c7,79bdd79f6b346e24,master,front_scaled,24882,0.9603241991509069,0.052762534963430474,0.03675416098371489,-0.0039755783160697914,0.1152721057467998,-4.837463342911235,,
validation,30618_76e1f9c7,79bdd79f6b346e24,master,mean_scaled,24882,0.9603241991509069,0.05192601437746321,0.036153376146179625,-0.003903323965311053,0.11237058668136501,-4.756100453866413,,
validation,30618_76e1f9c7,79bdd79f6b346e24,rover,baseline_v2,25405,0.9805094558085681,0.047823509953002746,0.034836579308242466,-0.003903391660757869,0.10100894283122057,-4.929976548828635,,
validation,30618_76e1f9c7,79bdd79f6b346e24,rover,balanced_physics,25405,0.9805094558085681,0.04236679910129731,0.03027039909248,-0.004377869370041128,0.09115697044454475,-5.528327916926744,,
validation,30618_76e1f9c7,79bdd79f6b346e24,rover,front_scaled,25394,0.980084909301428,0.05284379845106999,0.037276166814061325,-0.005244232014548679,0.11398175235324386,-6.6325528138368455,,
validation,30618_76e1f9c7,79bdd79f6b346e24,rover,mean_scaled,25394,0.980084909301428,0.0521182287714797,0.03679992556937784,-0.005129540302322592,0.11205918121337863,-6.488609806422314,,
validation,30618_7bfbb5ed,48efdde376d950e5,master,baseline_v2,0,0.0,,,,,,,
validation,30618_7bfbb5ed,48efdde376d950e5,master,balanced_physics,0,0.0,,,,,,,
validation,30618_7bfbb5ed,48efdde376d950e5,master,front_scaled,0,0.0,,,,,,,
validation,30618_7bfbb5ed,48efdde376d950e5,master,mean_scaled,0,0.0,,,,,,,
validation,30618_7bfbb5ed,48efdde376d950e5,rover,baseline_v2,0,0.0,,,,,,,
validation,30618_7bfbb5ed,48efdde376d950e5,rover,balanced_physics,0,0.0,,,,,,,
validation,30618_7bfbb5ed,48efdde376d950e5,rover,front_scaled,0,0.0,,,,,,,
validation,30618_7bfbb5ed,48efdde376d950e5,rover,mean_scaled,0,0.0,,,,,,,
validation,30618_95c49c30,48efdde376d950e5,master,baseline_v2,0,0.0,,,,,,,
validation,30618_95c49c30,48efdde376d950e5,master,balanced_physics,0,0.0,,,,,,,
validation,30618_95c49c30,48efdde376d950e5,master,front_scaled,0,0.0,,,,,,,
validation,30618_95c49c30,48efdde376d950e5,master,mean_scaled,0,0.0,,,,,,,
validation,30618_95c49c30,48efdde376d950e5,rover,baseline_v2,0,0.0,,,,,,,
validation,30618_95c49c30,48efdde376d950e5,rover,balanced_physics,0,0.0,,,,,,,
validation,30618_95c49c30,48efdde376d950e5,rover,front_scaled,0,0.0,,,,,,,
validation,30618_95c49c30,48efdde376d950e5,rover,mean_scaled,0,0.0,,,,,,,
validation,30618_b15eafc3,58e34644448d6bb0,master,baseline_v2,24782,0.9873306772908367,0.038401989021651754,0.027547914723931352,-0.003630489413874507,0.0828313324215337,-4.546873787990658,,
validation,30618_b15eafc3,58e34644448d6bb0,master,balanced_physics,24782,0.9873306772908367,0.034032016957253164,0.024131605659649242,-0.0033275515393579825,0.07149829728090716,-4.149615248870514,,
validation,30618_b15eafc3,58e34644448d6bb0,master,front_scaled,24777,0.9871314741035857,0.0451659102992782,0.030610174098511595,-0.004295115813373076,0.1006982937282991,-5.349691090693953,,
validation,30618_b15eafc3,58e34644448d6bb0,master,mean_scaled,24777,0.9871314741035857,0.04444149636491002,0.030058181333412124,-0.004117312244238447,0.09971903219223004,-5.135250328111141,,
validation,30618_b15eafc3,58e34644448d6bb0,rover,baseline_v2,24930,0.9932270916334661,0.03920591840433292,0.02822050616902064,-0.004191720408533536,0.08344195389775427,-5.193391324037979,,
validation,30618_b15eafc3,58e34644448d6bb0,rover,balanced_physics,24930,0.9932270916334661,0.0347785866068633,0.024758335869630627,-0.003971126611796903,0.07281884276832705,-4.918911753352194,,
validation,30618_b15eafc3,58e34644448d6bb0,rover,front_scaled,24925,0.9930278884462151,0.04572321853342657,0.031131866542949443,-0.004880883618202586,0.10233014763726155,-6.052911035975972,,
validation,30618_b15eafc3,58e34644448d6bb0,rover,mean_scaled,24925,0.9930278884462151,0.04504817014408415,0.030646059352681207,-0.004700869258918489,0.10088462405734511,-5.833105147351254,,
validation,30618_b8044aa0,79bdd79f6b346e24,master,baseline_v2,24244,0.95291250687839,0.03999068608524396,0.027754030107486713,-0.0010153158002232467,0.08741905740001124,-1.1167594732121333,,
validation,30618_b8044aa0,79bdd79f6b346e24,master,balanced_physics,24244,0.95291250687839,0.034114190172943384,0.02365115477748288,-0.0016115103268386382,0.07402982838810757,-1.8565700093877393,,
validation,30618_b8044aa0,79bdd79f6b346e24,master,front_scaled,24231,0.9524015407593742,0.04665394241173921,0.03076119957030223,-0.0022650381809244504,0.10642111576928037,-2.6242571222861195,,
validation,30618_b8044aa0,79bdd79f6b346e24,master,mean_scaled,24231,0.9524015407593742,0.0458584330632543,0.03018569749306245,-0.00202587235048165,0.10458920171525765,-2.3375131633398567,,
validation,30618_b8044aa0,79bdd79f6b346e24,rover,baseline_v2,25107,0.9868327961638236,0.03961860506636958,0.027342583974083526,-0.0016771882901868583,0.08647632294057277,-2.0760622096150616,,
validation,30618_b8044aa0,79bdd79f6b346e24,rover,balanced_physics,25107,0.9868327961638236,0.03387973493755054,0.02337235507490051,-0.00218563599037153,0.07373377681962438,-2.719944138448773,,
validation,30618_b8044aa0,79bdd79f6b346e24,rover,front_scaled,25094,0.9863218300448078,0.0463262377076275,0.030343116360214535,-0.003013222095839188,0.10458218464321604,-3.7705101904071276,,
validation,30618_b8044aa0,79bdd79f6b346e24,rover,mean_scaled,25094,0.9863218300448078,0.045672236984751896,0.029850197769543327,-0.002807531852131307,0.10368664169311437,-3.5161958245586957,,
validation,30618_defd0170,40b8a1546c9f9e1e,master,baseline_v2,20716,0.9915282630546116,0.11476518429423788,0.08649881101911544,-0.0836039507367843,0.21875047896132216,-86.37087949401052,,
validation,30618_defd0170,40b8a1546c9f9e1e,master,balanced_physics,20716,0.9915282630546116,0.11474392087248311,0.08721623502577984,-0.08376333832918675,0.21526786986956425,-86.5466886902739,,
validation,30618_defd0170,40b8a1546c9f9e1e,master,front_scaled,20699,0.9907145934044895,0.11833952482059497,0.08885405258709518,-0.08247518545382948,0.22683000183105548,-85.02437087056192,,
validation,30618_defd0170,40b8a1546c9f9e1e,master,mean_scaled,20699,0.9907145934044895,0.11860963152567905,0.08917647481388595,-0.0829447107704083,0.22671841218736474,-85.50430657798287,,
validation,30618_defd0170,40b8a1546c9f9e1e,rover,baseline_v2,20592,0.9855932609007801,0.11470933184869025,0.0865956002567222,-0.0838005715675646,0.2181712469132628,-86.005487672295,,
validation,30618_defd0170,40b8a1546c9f9e1e,rover,balanced_physics,20592,0.9855932609007801,0.11467854420612181,0.08730997971396401,-0.08387069614823338,0.21531872948732778,-86.06627738863862,,
validation,30618_defd0170,40b8a1546c9f9e1e,rover,front_scaled,20575,0.9847795912506582,0.1184278772002001,0.0890559280283014,-0.08263573022400955,0.22654606458875895,-84.65430107479978,,
validation,30618_defd0170,40b8a1546c9f9e1e,rover,mean_scaled,20575,0.9847795912506582,0.11862933020537375,0.0893785662767731,-0.08309171667892949,0.22615404171413722,-85.1168065851871,,
validation,30639_3b3d9eb8,f745e5b1c4188e82,master,baseline_v2,24298,0.9961462774680223,0.21605559781263162,0.12438074825677096,0.03963975515416076,0.5228764396322099,48.12814822022344,,
validation,30639_3b3d9eb8,f745e5b1c4188e82,master,balanced_physics,24298,0.9961462774680223,0.21509299636550638,0.12013557909621723,0.03896801156891821,0.5357716260017263,47.3119880046018,,
validation,30639_3b3d9eb8,f745e5b1c4188e82,master,front_scaled,24264,0.9947523778287963,0.21205162302820854,0.12144673530035154,0.03901993253524224,0.5274647102726824,47.281727586404465,,
validation,30639_3b3d9eb8,f745e5b1c4188e82,master,mean_scaled,22208,0.9104624467038374,0.22079968113029486,0.12597395829646296,0.037651045364870975,0.5439320312605963,41.77822180305448,,
validation,30639_3b3d9eb8,f745e5b1c4188e82,rover,baseline_v2,24322,0.997130206625123,0.2170998631840992,0.12543835634103873,0.03980913148544275,0.5254629994471349,48.40859271337109,,
validation,30639_3b3d9eb8,f745e5b1c4188e82,rover,balanced_physics,24322,0.997130206625123,0.21610526232713828,0.12110376537145418,0.03912230093190314,0.5388208044234503,47.572400629524694,,
validation,30639_3b3d9eb8,f745e5b1c4188e82,rover,front_scaled,24294,0.9959822892751722,0.21307862364056718,0.12248827209775615,0.03919450208715672,0.5292547558678524,47.58307265993485,,
validation,30639_3b3d9eb8,f745e5b1c4188e82,rover,mean_scaled,22238,0.9116923581502132,0.22190036680220718,0.1270979558990483,0.03792000117697431,0.5439130312919617,42.16277457040012,,
validation,30639_50956d6e,d80cd9b6a7637318,master,baseline_v2,18361,0.8326606503106435,0.12987986133011023,0.04125635840089232,-0.022034095446663064,0.09762169627497386,-19.6734841994838,,
validation,30639_50956d6e,d80cd9b6a7637318,master,balanced_physics,18361,0.8326606503106435,0.12857120339049602,0.0382191784282626,-0.022100665051645704,0.09193521943785399,-19.737176227992173,,
validation,30639_50956d6e,d80cd9b6a7637318,master,front_scaled,18360,0.8326153008933835,0.15947734152927537,0.04700858103896687,-0.020377120788453596,0.10419515228271492,-18.21002537335507,,
validation,30639_50956d6e,d80cd9b6a7637318,master,mean_scaled,18360,0.8326153008933835,0.14047782660794744,0.04453007729519692,-0.020317204911049276,0.10063258879979475,-18.18565901474955,,
validation,30639_50956d6e,d80cd9b6a7637318,rover,baseline_v2,21459,0.9731531449820869,0.3721382287484495,0.05386734015624586,-0.009369215661975648,0.10057653138257948,-11.408417760858704,,
validation,30639_50956d6e,d80cd9b6a7637318,rover,balanced_physics,21459,0.9731531449820869,0.37134692946945536,0.05078912087635059,-0.00941644941495555,0.09436108136556874,-11.456601297770394,,
validation,30639_50956d6e,d80cd9b6a7637318,rover,front_scaled,21458,0.973107795564827,0.38393065443132635,0.05957278415984579,-0.008048325576445896,0.10624142074584916,-9.97939806643944,,
validation,30639_50956d6e,d80cd9b6a7637318,rover,mean_scaled,21458,0.973107795564827,0.3756126297712222,0.057089651357295754,-0.007717755262130001,0.10253199072414003,-9.632180381724288,,
validation,30639_9f0b519f,d80cd9b6a7637318,master,baseline_v2,19618,0.9537190082644628,0.04496025688827998,0.03452738727894745,-0.018084465253202304,0.0887638320643261,-17.630023879788762,,
validation,30639_9f0b519f,d80cd9b6a7637318,master,balanced_physics,19618,0.9537190082644628,0.04022179740314189,0.030311690160152636,-0.017890105809706885,0.08047941944212476,-17.43212242602666,,
validation,30639_9f0b519f,d80cd9b6a7637318,master,front_scaled,19617,0.9536703937773456,0.04786674691230282,0.035324937895933245,-0.018951395877705373,0.09628076176113581,-18.460220070980043,,
validation,30639_9f0b519f,d80cd9b6a7637318,master,mean_scaled,19506,0.9482741857073408,0.046975777071087375,0.03452795472690069,-0.01814226267844536,0.09411200714111345,-17.564892018204958,,
validation,30639_9f0b519f,d80cd9b6a7637318,rover,baseline_v2,20570,1.0,0.04565301051941588,0.03511587392873522,-0.0186262386618777,0.09049290286184507,-19.156786463741206,-19.156786463744538,-0.3554105173362199
validation,30639_9f0b519f,d80cd9b6a7637318,rover,balanced_physics,20570,1.0,0.0410748790602146,0.031052638844280715,-0.018496068328503673,0.08279607110998578,-19.022906275866024,-19.022906275847163,-0.3529266755430398
validation,30639_9f0b519f,d80cd9b6a7637318,rover,front_scaled,20569,0.9999513855128829,0.04855050319689164,0.03603343799067597,-0.01960082119855825,0.09809755537244991,-20.157739561657216,,
validation,30639_9f0b519f,d80cd9b6a7637318,rover,mean_scaled,20458,0.994555177442878,0.04756968770357476,0.03515503064285549,-0.018738235487157782,0.09575502200656483,-19.157195523480326,,
validation,30639_d601d28f,f745e5b1c4188e82,master,baseline_v2,16476,0.8166137985725614,0.11501066714556676,0.09073816553335606,0.07643898974746122,0.22360382292198322,62.301818356067784,,
validation,30639_d601d28f,f745e5b1c4188e82,master,balanced_physics,16476,0.8166137985725614,0.10893814050071142,0.08636933561662286,0.0752246751257424,0.21177347951818204,61.283625336721364,,
validation,30639_d601d28f,f745e5b1c4188e82,master,front_scaled,16455,0.8155729579698652,0.11263235598734592,0.09017781168062715,0.07538423161850315,0.2148424806382916,61.29426545016396,,
validation,30639_d601d28f,f745e5b1c4188e82,master,mean_scaled,16454,0.8155233941316415,0.11144052121354078,0.08918501215255763,0.07462513890852854,0.21196017269558384,60.658550445518166,,
validation,30639_d601d28f,f745e5b1c4188e82,rover,baseline_v2,19808,0.9817605075337034,0.12090888922282429,0.09700403827769091,0.08382144847516944,0.22802488347468983,83.01618536935186,,
validation,30639_d601d28f,f745e5b1c4188e82,rover,balanced_physics,19808,0.9817605075337034,0.11554120566534097,0.09319879486126952,0.0828955774941761,0.21498107415525736,82.09830288179904,,
validation,30639_d601d28f,f745e5b1c4188e82,rover,front_scaled,19794,0.9810666137985725,0.11909790241256084,0.09686865342197108,0.08329228020252587,0.218238019476997,82.35725136208094,,
validation,30639_d601d28f,f745e5b1c4188e82,rover,mean_scaled,19792,0.9809674861221253,0.11780985089908289,0.09580781670578507,0.08236675830822092,0.21585881601969362,81.41385115941868,,
test,30618_01f73500,0999e24918f3cc33,master,baseline_v2,23751,0.9799480133679911,0.03841797031473223,0.028292735027626113,-0.008790011491139232,0.08010781650778287,-10.380582843224044,,
test,30618_01f73500,0999e24918f3cc33,master,balanced_physics,23751,0.9799480133679911,0.03398856058938767,0.024745506001173177,-0.008671436871730161,0.07196292134906934,-10.256916305552744,,
test,30618_01f73500,0999e24918f3cc33,master,front_scaled,23742,0.9795766802822131,0.043799732325279325,0.031179727215929282,-0.009612841698928037,0.09268614624871137,-11.373781432434335,,
test,30618_01f73500,0999e24918f3cc33,master,mean_scaled,23742,0.9795766802822131,0.04301719059604235,0.03078070411937079,-0.00962959884830961,0.09058650226593078,-11.390925397615796,,
test,30618_01f73500,0999e24918f3cc33,rover,baseline_v2,23945,0.9879523043280934,0.19774653686449986,0.031057306130485844,-0.010438497932396533,0.079840463152913,-12.469997618550273,,
test,30618_01f73500,0999e24918f3cc33,rover,balanced_physics,23945,0.9879523043280934,0.19701973352057683,0.027704394429081083,-0.010262154139900394,0.07166806264058856,-12.265013164574949,,
test,30618_01f73500,0999e24918f3cc33,rover,front_scaled,23936,0.9875809712423155,0.19873021222696577,0.033986883039676195,-0.011071985366200686,0.09229833653238081,-13.228144258651332,,
test,30618_01f73500,0999e24918f3cc33,rover,mean_scaled,23936,0.9875809712423155,0.1987154810084476,0.0336294105051129,-0.011094109346654033,0.0908674367268878,-13.250861079201883,,
test,30618_0e41eac3,c64c9d7ed263d483,master,baseline_v2,25933,0.9802683802683803,0.03405699970232747,0.0242358716669488,-0.004273644717307418,0.0720389353548557,-5.54848701045691,,
test,30618_0e41eac3,c64c9d7ed263d483,master,balanced_physics,25933,0.9802683802683803,0.03008804294585575,0.02138387680612214,-0.0045585260476991765,0.0637074098612109,-5.902727775229399,,
test,30618_0e41eac3,c64c9d7ed263d483,master,front_scaled,25923,0.9798903798903799,0.04241772470746128,0.028896807717623832,-0.00527725128359635,0.0924413489447699,-6.804713373859961,,
test,30618_0e41eac3,c64c9d7ed263d483,master,mean_scaled,25923,0.9798903798903799,0.04188785176360595,0.028592688375725678,-0.0050866508235747725,0.09172440660264788,-6.562859133362956,,
test,30618_0e41eac3,c64c9d7ed263d483,rover,baseline_v2,25913,0.9795123795123795,0.0346967972503671,0.024670212258749543,-0.004689982408799181,0.07344931965223339,-6.0553349259169105,,
test,30618_0e41eac3,c64c9d7ed263d483,rover,balanced_physics,25913,0.9795123795123795,0.030965732200052155,0.022006450099734797,-0.005039480151376899,0.06515934001148548,-6.5189106924089435,,
test,30618_0e41eac3,c64c9d7ed263d483,rover,front_scaled,25904,0.9791721791721791,0.04246192265774224,0.029069089401433063,-0.005987509062134013,0.09246680535210425,-7.73585416547898,,
test,30618_0e41eac3,c64c9d7ed263d483,rover,mean_scaled,25904,0.9791721791721791,0.042061895503599254,0.028776979600968883,-0.005777147459873009,0.0914208633634779,-7.46750953964828,,
test,30618_0f120b35,c64c9d7ed263d483,master,baseline_v2,26227,0.9950299719250323,0.0714742173191095,0.02581649978012881,-0.0024365713592302525,0.08023831967878964,-3.2153353390230883,,
test,30618_0f120b35,c64c9d7ed263d483,master,balanced_physics,26227,0.9950299719250323,0.06956496314574552,0.022832570411364717,-0.0025618538441748813,0.0709648320231416,-3.375253463758825,,
test,30618_0f120b35,c64c9d7ed263d483,master,front_scaled,26214,0.9945367630320965,0.07611930870688007,0.030174915011499086,-0.003932494881856295,0.10153146023220394,-5.153108516599239,,
test,30618_0f120b35,c64c9d7ed263d483,master,mean_scaled,26214,0.9945367630320965,0.07555994147272302,0.02964935049712713,-0.0034959114484296823,0.09965663028293176,-4.5827517931607025,,
test,30618_0f120b35,c64c9d7ed263d483,rover,baseline_v2,26037,0.9878215342590485,0.037632394382171724,0.025991897032839457,-0.0027901191103601977,0.07958751721264203,-3.6064297655266864,,
test,30618_0f120b35,c64c9d7ed263d483,rover,balanced_physics,26037,0.9878215342590485,0.03391823131821696,0.023151520765970636,-0.0029385577544829298,0.07110730282966758,-3.8044294306297823,,
test,30618_0f120b35,c64c9d7ed263d483,rover,front_scaled,26023,0.9872903862205024,0.04536568516659839,0.03013343293612978,-0.004205982225717584,0.10136338560316331,-5.391694611624604,,
test,30618_0f120b35,c64c9d7ed263d483,rover,mean_scaled,26023,0.9872903862205024,0.04469969353696333,0.029695154418627346,-0.0037679068600411443,0.1002704026963972,-4.826784815704527,,
test,30618_28538acf,a52caf8571e83e7b,master,baseline_v2,25181,0.9778649372839889,0.1477058991818128,0.0491389501526321,-0.009258053644673463,0.10342305334288504,-11.696720064369217,,
test,30618_28538acf,a52caf8571e83e7b,master,balanced_physics,25181,0.9778649372839889,0.14661764942056515,0.04633934483109292,-0.009395100687759237,0.09869083046248606,-11.875871330367206,,
test,30618_28538acf,a52caf8571e83e7b,master,front_scaled,25172,0.9775154362937362,0.15208883602048842,0.052714546646846355,-0.008668318677936224,0.12670162128872337,-10.965677333888713,,
test,30618_28538acf,a52caf8571e83e7b,master,mean_scaled,25172,0.9775154362937362,0.1518000181020869,0.05232285091593791,-0.008449436479466499,0.12508428425259013,-10.689723150387223,,
test,30618_28538acf,a52caf8571e83e7b,rover,baseline_v2,25091,0.9743699273814609,0.12963367260917383,0.0472252456711518,-0.010054931172426056,0.10289829373355308,-12.680022858968073,,
test,30618_28538acf,a52caf8571e83e7b,rover,balanced_physics,25091,0.9743699273814609,0.12834063190373035,0.044567749166281874,-0.010214726676384827,0.09879331948344339,-12.879673493791856,,
test,30618_28538acf,a52caf8571e83e7b,rover,front_scaled,25082,0.9740204263912081,0.1339059876811135,0.0505870934919635,-0.009325065563999427,0.12590653335717014,-11.75508146821386,,
test,30618_28538acf,a52caf8571e83e7b,rover,mean_scaled,25082,0.9740204263912081,0.1336224230742339,0.050182144226815745,-0.009093465437506889,0.12404266452789292,-11.464143355846502,,
test,30618_2cb9ce37,37600efbb33c7f12,master,baseline_v2,14736,0.988131160732247,0.048995455931174596,0.03422904753358088,-0.009386859702945734,0.09623614935339278,-6.8942635439475035,,
test,30618_2cb9ce37,37600efbb33c7f12,master,balanced_physics,14736,0.988131160732247,0.0456723893739617,0.03139253954171456,-0.009303431676977886,0.09029854893122274,-6.83240226366709,,
test,30618_2cb9ce37,37600efbb33c7f12,master,front_scaled,14733,0.987929993964997,0.05393018809737407,0.03689520123566326,-0.008706860473118595,0.12058690414428698,-6.394811320318224,,
test,30618_2cb9ce37,37600efbb33c7f12,master,mean_scaled,14733,0.987929993964997,0.053230721637270426,0.036423010399997686,-0.008938227851163966,0.11856429968939874,-6.563473563116565,,
test,30618_2cb9ce37,37600efbb33c7f12,rover,baseline_v2,14778,0.9909474954737477,0.04904645906274209,0.03450188255038173,-0.010153759994875862,0.09547293730304833,-7.477268675317416,,
test,30618_2cb9ce37,37600efbb33c7f12,rover,balanced_physics,14778,0.9909474954737477,0.045740096386680994,0.0316612101321315,-0.01004202157112711,0.08920472298381252,-7.396170389148389,,
test,30618_2cb9ce37,37600efbb33c7f12,rover,front_scaled,14775,0.9907463287064977,0.05383319715996272,0.0370742272880244,-0.009470393188904852,0.12002112922668477,-6.975864280989553,,
test,30618_2cb9ce37,37600efbb33c7f12,rover,mean_scaled,14775,0.9907463287064977,0.053158819338403614,0.0366008759380194,-0.00974709935927051,0.11879487920337223,-7.180638006931335,,
test,30618_33bec73f,6c14a991a8c27e9b,master,baseline_v2,23354,0.9918457487471333,0.05457419757656969,0.029731730734271503,-0.0031379921283480904,0.08606464813250357,-3.635440606996772,,
test,30618_33bec73f,6c14a991a8c27e9b,master,balanced_physics,23354,0.9918457487471333,0.05142057810920913,0.026483395793910985,-0.0035552714296709516,0.07814176132266017,-4.127612024876214,,
test,30618_33bec73f,6c14a991a8c27e9b,master,front_scaled,23351,0.9917183385713072,0.05770318452436765,0.0320536386968946,-0.004554226421510866,0.09648146904839461,-5.291737277949931,,
test,30618_33bec73f,6c14a991a8c27e9b,master,mean_scaled,23351,0.9917183385713072,0.08832843681615252,0.034773708608528,-0.0012096551537795046,0.09593843566046822,-1.3829412753789643,,
test,30618_33bec73f,6c14a991a8c27e9b,rover,baseline_v2,23324,0.9905716469888728,0.05499416787910464,0.030084442630106494,-0.003707921954577013,0.08625834223339707,-4.288074274289521,,
test,30618_33bec73f,6c14a991a8c27e9b,rover,balanced_physics,23324,0.9905716469888728,0.051863109726707775,0.026812022901421387,-0.00411650834442699,0.07925972476942841,-4.769660543119576,,
test,30618_33bec73f,6c14a991a8c27e9b,rover,front_scaled,23321,0.9904442368130468,0.05797688183828593,0.032296379102609477,-0.005095766214702961,0.09682340833875891,-5.8998157990423525,,
test,30618_33bec73f,6c14a991a8c27e9b,rover,mean_scaled,23321,0.9904442368130468,0.08892925847653721,0.035107729477353605,-0.0017565404969238083,0.09660557937622016,-2.008665191832272,,
test,30618_3b36e5cd,35ee9bf21f6c5472,master,baseline_v2,24672,0.9827524397530373,0.0438862325645433,0.030527837786098234,-0.010480585779608462,0.08149157248574598,-12.9403364609855,,
test,30618_3b36e5cd,35ee9bf21f6c5472,master,balanced_physics,24672,0.9827524397530373,0.0406116738099298,0.02822177290732806,-0.010514095263026175,0.07623985661935873,-12.966171061639091,,
test,30618_3b36e5cd,35ee9bf21f6c5472,master,front_scaled,24670,0.9826727743477395,0.044794538177353606,0.03321381223594286,-0.010540017014627912,0.09183574892679858,-12.993698113453936,,
test,30618_3b36e5cd,35ee9bf21f6c5472,master,mean_scaled,24670,0.9826727743477395,0.04405273060097465,0.0326817770400076,-0.010365114644259314,0.0902106569078236,-12.77705407728427,,
test,30618_3b36e5cd,35ee9bf21f6c5472,rover,baseline_v2,23990,0.9555865365465047,0.044410390347589125,0.03132695400954592,-0.01079052150328124,0.08214647896560291,-12.794409125652697,,
test,30618_3b36e5cd,35ee9bf21f6c5472,rover,balanced_physics,23990,0.9555865365465047,0.04119456274007508,0.02904516034564543,-0.011058045598165252,0.077684162354316,-13.128221764424342,,
test,30618_3b36e5cd,35ee9bf21f6c5472,rover,front_scaled,23988,0.9555068711412069,0.04494521623270394,0.033674143194738174,-0.010737346507635361,0.09261449347602024,-12.686346069869295,,
test,30618_3b36e5cd,35ee9bf21f6c5472,rover,mean_scaled,23988,0.9555068711412069,0.044365145757547714,0.033304665600166386,-0.01057617441833468,0.09132278194427597,-12.495949813486636,,
test,30618_3ba2326f,62198655ad4b2bc1,master,baseline_v2,0,0.0,,,,,,,
test,30618_3ba2326f,62198655ad4b2bc1,master,balanced_physics,0,0.0,,,,,,,
test,30618_3ba2326f,62198655ad4b2bc1,master,front_scaled,0,0.0,,,,,,,
test,30618_3ba2326f,62198655ad4b2bc1,master,mean_scaled,0,0.0,,,,,,,
test,30618_3ba2326f,62198655ad4b2bc1,rover,baseline_v2,0,0.0,,,,,,,
test,30618_3ba2326f,62198655ad4b2bc1,rover,balanced_physics,0,0.0,,,,,,,
test,30618_3ba2326f,62198655ad4b2bc1,rover,front_scaled,0,0.0,,,,,,,
test,30618_3ba2326f,62198655ad4b2bc1,rover,mean_scaled,0,0.0,,,,,,,
test,30618_5eb8d2c9,37600efbb33c7f12,master,baseline_v2,14736,0.988131160732247,0.048995455931174596,0.03422904753358088,-0.009386859702945734,0.09623614935339278,-6.8942635439475035,,
test,30618_5eb8d2c9,37600efbb33c7f12,master,balanced_physics,14736,0.988131160732247,0.0456723893739617,0.03139253954171456,-0.009303431676977886,0.09029854893122274,-6.83240226366709,,
test,30618_5eb8d2c9,37600efbb33c7f12,master,front_scaled,14733,0.987929993964997,0.05393018809737407,0.03689520123566326,-0.008706860473118595,0.12058690414428698,-6.394811320318224,,
test,30618_5eb8d2c9,37600efbb33c7f12,master,mean_scaled,14733,0.987929993964997,0.053230721637270426,0.036423010399997686,-0.008938227851163966,0.11856429968939874,-6.563473563116565,,
test,30618_5eb8d2c9,37600efbb33c7f12,rover,baseline_v2,14778,0.9909474954737477,0.04904645906274209,0.03450188255038173,-0.010153759994875862,0.09547293730304833,-7.477268675317416,,
test,30618_5eb8d2c9,37600efbb33c7f12,rover,balanced_physics,14778,0.9909474954737477,0.045740096386680994,0.0316612101321315,-0.01004202157112711,0.08920472298381252,-7.396170389148389,,
test,30618_5eb8d2c9,37600efbb33c7f12,rover,front_scaled,14775,0.9907463287064977,0.05383319715996272,0.0370742272880244,-0.009470393188904852,0.12002112922668477,-6.975864280989553,,
test,30618_5eb8d2c9,37600efbb33c7f12,rover,mean_scaled,14775,0.9907463287064977,0.053158819338403614,0.0366008759380194,-0.00974709935927051,0.11879487920337223,-7.180638006931335,,
test,30618_6236f680,62198655ad4b2bc1,master,baseline_v2,0,0.0,,,,,,,
test,30618_6236f680,62198655ad4b2bc1,master,balanced_physics,0,0.0,,,,,,,
test,30618_6236f680,62198655ad4b2bc1,master,front_scaled,0,0.0,,,,,,,
test,30618_6236f680,62198655ad4b2bc1,master,mean_scaled,0,0.0,,,,,,,
test,30618_6236f680,62198655ad4b2bc1,rover,baseline_v2,0,0.0,,,,,,,
test,30618_6236f680,62198655ad4b2bc1,rover,balanced_physics,0,0.0,,,,,,,
test,30618_6236f680,62198655ad4b2bc1,rover,front_scaled,0,0.0,,,,,,,
test,30618_6236f680,62198655ad4b2bc1,rover,mean_scaled,0,0.0,,,,,,,
test,30618_6cb3280a,35ee9bf21f6c5472,master,baseline_v2,23222,0.9485723622401045,0.054722441981887845,0.03883701013257431,-0.008106317058590688,0.11187767408699045,-9.292643633972201,,
test,30618_6cb3280a,35ee9bf21f6c5472,master,balanced_physics,23222,0.9485723622401045,0.050334010609377415,0.03511954691987087,-0.008455330863296294,0.10390839494709156,-9.708116979501558,,
test,30618_6cb3280a,35ee9bf21f6c5472,master,front_scaled,23215,0.9482864262080797,0.06078407655514985,0.041471196642113024,-0.00805426861858774,0.13633720724317752,-9.22710858772011,,
test,30618_6cb3280a,35ee9bf21f6c5472,master,mean_scaled,23215,0.9482864262080797,0.06006305691808196,0.040983284027421484,-0.008025333119822151,0.1348931299527482,-9.18678395947051,,
test,30618_6cb3280a,35ee9bf21f6c5472,rover,baseline_v2,23934,0.9776561414974878,0.054159301107837336,0.037862419253820466,-0.007868265152497094,0.110901854833276,-9.327759293770713,,
test,30618_6cb3280a,35ee9bf21f6c5472,rover,balanced_physics,23934,0.9776561414974878,0.049885638727130185,0.034315489933214524,-0.008216971171398343,0.10322410116065181,-9.749507427245078,,
test,30618_6cb3280a,35ee9bf21f6c5472,rover,front_scaled,23927,0.977370205465463,0.06008070710065832,0.040431891598257656,-0.007820545548221832,0.13582843708462244,-9.266619022892115,,
test,30618_6cb3280a,35ee9bf21f6c5472,rover,mean_scaled,23927,0.977370205465463,0.05937534816628851,0.03993465619547787,-0.007822354782544933,0.13373000639809407,-9.26991429517043,,
test,30618_7d88fa79,62198655ad4b2bc1,master,baseline_v2,0,0.0,,,,,,,
test,30618_7d88fa79,62198655ad4b2bc1,master,balanced_physics,0,0.0,,,,,,,
test,30618_7d88fa79,62198655ad4b2bc1,master,front_scaled,0,0.0,,,,,,,
test,30618_7d88fa79,62198655ad4b2bc1,master,mean_scaled,0,0.0,,,,,,,
test,30618_7d88fa79,62198655ad4b2bc1,rover,baseline_v2,0,0.0,,,,,,,
test,30618_7d88fa79,62198655ad4b2bc1,rover,balanced_physics,0,0.0,,,,,,,
test,30618_7d88fa79,62198655ad4b2bc1,rover,front_scaled,0,0.0,,,,,,,
test,30618_7d88fa79,62198655ad4b2bc1,rover,mean_scaled,0,0.0,,,,,,,
test,30618_a869780d,c339c586fdba3f7b,master,baseline_v2,21146,0.975909174820011,0.03815595038016873,0.02862327349402079,-0.0048655972638607095,0.07955098405070693,-5.091006806854221,,
test,30618_a869780d,c339c586fdba3f7b,master,balanced_physics,21146,0.975909174820011,0.03377408723699311,0.025226624145706984,-0.005054693445403122,0.07032467156669475,-5.3007014485913615,,
test,30618_a869780d,c339c586fdba3f7b,master,front_scaled,21143,0.9757707218017353,0.04928267206779961,0.03466739064288549,-0.006520678491094403,0.10639617645078339,-6.861114756425299,,
test,30618_a869780d,c339c586fdba3f7b,master,mean_scaled,21143,0.9757707218017353,0.048581790187428225,0.03417507899508705,-0.0062999614356133975,0.10459161991543153,-6.630362285211772,,
test,30618_a869780d,c339c586fdba3f7b,rover,baseline_v2,21050,0.9714786782351855,0.03939377174179698,0.02928690834210867,-0.004902808803440101,0.0830702945917216,-5.144252267008366,,
test,30618_a869780d,c339c586fdba3f7b,rover,balanced_physics,21050,0.9714786782351855,0.03494976082994562,0.0258706119002745,-0.0049114763479628926,0.07397348342494298,-5.141020946024144,,
test,30618_a869780d,c339c586fdba3f7b,rover,front_scaled,21047,0.9713402252169098,0.050245509716686454,0.03507600927679402,-0.0063296887490739235,0.10951608725653782,-6.622662355346229,,
test,30618_a869780d,c339c586fdba3f7b,rover,mean_scaled,21047,0.9713402252169098,0.049636930862098506,0.0347242102633502,-0.006104114887653437,0.10764302321540048,-6.387432625774961,,
test,30618_ae4eb346,35ee9bf21f6c5472,master,baseline_v2,24672,0.9827524397530373,0.0438862325645433,0.030527837786098234,-0.010480585779608462,0.08149157248574598,-12.9403364609855,,
test,30618_ae4eb346,35ee9bf21f6c5472,master,balanced_physics,24672,0.9827524397530373,0.0406116738099298,0.02822177290732806,-0.010514095263026175,0.07623985661935873,-12.966171061639091,,
test,30618_ae4eb346,35ee9bf21f6c5472,master,front_scaled,24670,0.9826727743477395,0.044794538177353606,0.03321381223594286,-0.010540017014627912,0.09183574892679858,-12.993698113453936,,
test,30618_ae4eb346,35ee9bf21f6c5472,master,mean_scaled,24670,0.9826727743477395,0.04405273060097465,0.0326817770400076,-0.010365114644259314,0.0902106569078236,-12.77705407728427,,
test,30618_ae4eb346,35ee9bf21f6c5472,rover,baseline_v2,23990,0.9555865365465047,0.044410390347589125,0.03132695400954592,-0.01079052150328124,0.08214647896560291,-12.794409125652697,,
test,30618_ae4eb346,35ee9bf21f6c5472,rover,balanced_physics,23990,0.9555865365465047,0.04119456274007508,0.02904516034564543,-0.011058045598165252,0.077684162354316,-13.128221764424342,,
test,30618_ae4eb346,35ee9bf21f6c5472,rover,front_scaled,23988,0.9555068711412069,0.04494521623270394,0.033674143194738174,-0.010737346507635361,0.09261449347602024,-12.686346069869295,,
test,30618_ae4eb346,35ee9bf21f6c5472,rover,mean_scaled,23988,0.9555068711412069,0.044365145757547714,0.033304665600166386,-0.01057617441833468,0.09132278194427597,-12.495949813486636,,
test,30618_af7496f0,37600efbb33c7f12,master,baseline_v2,5238,0.9965753424657534,0.17866913476565222,0.06273360692713717,0.014259429030698224,0.2449140579920535,3.728032440275136,,
test,30618_af7496f0,37600efbb33c7f12,master,balanced_physics,5238,0.9965753424657534,0.17795520925598393,0.06188610992299119,0.01570794613674438,0.2522679411630871,4.109843743448527,,
test,30618_af7496f0,37600efbb33c7f12,master,front_scaled,5236,0.9961948249619482,0.18377046274002937,0.06468525923609825,0.011846956371704468,0.23723830615149621,3.107769646761146,,
test,30618_af7496f0,37600efbb33c7f12,master,mean_scaled,5236,0.9961948249619482,0.1834952654224545,0.06400387167635009,0.012627388161636048,0.23373470028903737,3.3116025117294585,,
test,30618_af7496f0,37600efbb33c7f12,rover,baseline_v2,5221,0.9933409436834094,0.17939962269391174,0.06433425998118655,0.014975868336792174,0.2319030599400791,3.887597562841764,,
test,30618_af7496f0,37600efbb33c7f12,rover,balanced_physics,5221,0.9933409436834094,0.17859863881972907,0.06351180865492731,0.01639864103355317,0.2311331431631869,4.2569046916676125,,
test,30618_af7496f0,37600efbb33c7f12,rover,front_scaled,5219,0.9929604261796042,0.1841776090204513,0.06548911558769364,0.012607618059832473,0.22282592434353268,3.279952408757479,,
test,30618_af7496f0,37600efbb33c7f12,rover,mean_scaled,5219,0.9929604261796042,0.18413580759127246,0.06544135872502432,0.013398226855036948,0.2164356938865448,3.486097138800557,,
test,30618_b1098bdb,62198655ad4b2bc1,master,baseline_v2,0,0.0,,,,,,,
test,30618_b1098bdb,62198655ad4b2bc1,master,balanced_physics,0,0.0,,,,,,,
test,30618_b1098bdb,62198655ad4b2bc1,master,front_scaled,0,0.0,,,,,,,
test,30618_b1098bdb,62198655ad4b2bc1,master,mean_scaled,0,0.0,,,,,,,
test,30618_b1098bdb,62198655ad4b2bc1,rover,baseline_v2,0,0.0,,,,,,,
test,30618_b1098bdb,62198655ad4b2bc1,rover,balanced_physics,0,0.0,,,,,,,
test,30618_b1098bdb,62198655ad4b2bc1,rover,front_scaled,0,0.0,,,,,,,
test,30618_b1098bdb,62198655ad4b2bc1,rover,mean_scaled,0,0.0,,,,,,,
test,30618_dd8d0741,6c14a991a8c27e9b,master,baseline_v2,24820,0.9807563124827123,0.06122808527771544,0.03694509018191619,-0.0066864158375267956,0.10162535326773774,-8.306575070145243,,
test,30618_dd8d0741,6c14a991a8c27e9b,master,balanced_physics,24820,0.9807563124827123,0.057646785698256944,0.03317882491337957,-0.00687674144751761,0.09435619346792186,-8.540176497698829,,
test,30618_dd8d0741,6c14a991a8c27e9b,master,front_scaled,24784,0.979333781167266,0.06839413986948224,0.04116923518986347,-0.007853094025683545,0.12760779524909147,-9.706680971570773,,
test,30618_dd8d0741,6c14a991a8c27e9b,master,mean_scaled,24781,0.9792152368909788,0.06808019684389138,0.04091663491772826,-0.0077381624882605264,0.12693545722961463,-9.560141204436292,,
test,30618_dd8d0741,6c14a991a8c27e9b,rover,baseline_v2,24384,0.9635278776623069,0.26039013720963133,0.039305750469140435,-0.011673939564500345,0.10116410828371503,-14.20474250921537,,
test,30618_dd8d0741,6c14a991a8c27e9b,rover,balanced_physics,24384,0.9635278776623069,0.2596589919306496,0.03553232668864493,-0.011825538266337181,0.09394450637712767,-14.374435557463407,,
test,30618_dd8d0741,6c14a991a8c27e9b,rover,front_scaled,24348,0.9621053463468605,0.2624935510559725,0.04323194333420277,-0.012780409487024049,0.12593490261501739,-15.494021246096185,,
test,30618_dd8d0741,6c14a991a8c27e9b,rover,mean_scaled,24345,0.9619868020705734,0.26245410548861403,0.04323006678886878,-0.01264542467280798,0.12475142834981166,-15.32228393278857,,
test,30618_e9a34502,0999e24918f3cc33,master,baseline_v2,23750,0.988512444851411,0.0450875006007596,0.030480439095030513,-0.006001693086376785,0.09414869791167269,-7.107317117195757,,
test,30618_e9a34502,0999e24918f3cc33,master,balanced_physics,23750,0.988512444851411,0.040450082550714805,0.026688107804696187,-0.006372903270492624,0.08511410171295405,-7.5479770300535485,,
test,30618_e9a34502,0999e24918f3cc33,master,front_scaled,23734,0.9878464996254058,0.0493416675550069,0.032357916427167836,-0.006169975280481669,0.10964566591050895,-7.3002366677537065,,
test,30618_e9a34502,0999e24918f3cc33,master,mean_scaled,23734,0.9878464996254058,0.0486179631941929,0.03189037755761139,-0.00572147473993612,0.10728234349356766,-6.770398556398634,,
test,30618_e9a34502,0999e24918f3cc33,rover,baseline_v2,23572,0.9811038042121035,0.044763802680615854,0.03041963144498561,-0.005923090899437389,0.09345210815023128,-6.930764382965187,,
test,30618_e9a34502,0999e24918f3cc33,rover,balanced_physics,23572,0.9811038042121035,0.040102242062305594,0.026551432147996757,-0.0063756145680916925,0.08360116060183952,-7.479869183343864,,
test,30618_e9a34502,0999e24918f3cc33,rover,front_scaled,23557,0.9804794805627237,0.04893339759422415,0.032184390136692054,-0.006022028824498593,0.10904866494072785,-7.001424943090223,,
test,30618_e9a34502,0999e24918f3cc33,rover,mean_scaled,23557,0.9804794805627237,0.048211861456622936,0.031653577584483575,-0.005589832505845308,0.10669853057861317,-6.494975864880528,,
test,30618_f3a0694d,35ee9bf21f6c5472,master,baseline_v2,23222,0.9485723622401045,0.054722441981887845,0.03883701013257431,-0.008106317058590688,0.11187767408699045,-9.292643633972201,,
test,30618_f3a0694d,35ee9bf21f6c5472,master,balanced_physics,23222,0.9485723622401045,0.050334010609377415,0.03511954691987087,-0.008455330863296294,0.10390839494709156,-9.708116979501558,,
test,30618_f3a0694d,35ee9bf21f6c5472,master,front_scaled,23215,0.9482864262080797,0.06078407655514985,0.041471196642113024,-0.00805426861858774,0.13633720724317752,-9.22710858772011,,
test,30618_f3a0694d,35ee9bf21f6c5472,master,mean_scaled,23215,0.9482864262080797,0.06006305691808196,0.040983284027421484,-0.008025333119822151,0.1348931299527482,-9.18678395947051,,
test,30618_f3a0694d,35ee9bf21f6c5472,rover,baseline_v2,23934,0.9776561414974878,0.054159301107837336,0.037862419253820466,-0.007868265152497094,0.110901854833276,-9.327759293770713,,
test,30618_f3a0694d,35ee9bf21f6c5472,rover,balanced_physics,23934,0.9776561414974878,0.049885638727130185,0.034315489933214524,-0.008216971171398343,0.10322410116065181,-9.749507427245078,,
test,30618_f3a0694d,35ee9bf21f6c5472,rover,front_scaled,23927,0.977370205465463,0.06008070710065832,0.040431891598257656,-0.007820545548221832,0.13582843708462244,-9.266619022892115,,
test,30618_f3a0694d,35ee9bf21f6c5472,rover,mean_scaled,23927,0.977370205465463,0.05937534816628851,0.03993465619547787,-0.007822354782544933,0.13373000639809407,-9.26991429517043,,
test,30639_253671cc,d8b9dc5bbf262a1b,master,baseline_v2,21588,0.9988895058300944,0.06201253376600441,0.0473180952267662,0.026772409204496587,0.1276657250968759,28.89690506681876,,
test,30639_253671cc,d8b9dc5bbf262a1b,master,balanced_physics,21588,0.9988895058300944,0.056329086427545666,0.04345388653750586,0.026140255004962816,0.11493952122595441,28.21330480130051,,
test,30639_253671cc,d8b9dc5bbf262a1b,master,front_scaled,21562,0.9976864704793633,0.06576620523021724,0.05040193638037511,0.024791690849698695,0.13377828702926642,26.69482506559496,,
test,30639_253671cc,d8b9dc5bbf262a1b,master,mean_scaled,21562,0.9976864704793633,0.06549236255402663,0.050110307562376985,0.02498606996739703,0.1338609911176886,26.907012421082676,,
test,30639_253671cc,d8b9dc5bbf262a1b,rover,baseline_v2,21574,0.9982417175643161,0.06162451894713167,0.04711989446663475,0.02588985376136492,0.12412497264114276,27.92243728266332,,
test,30639_253671cc,d8b9dc5bbf262a1b,rover,balanced_physics,21574,0.9982417175643161,0.05601756319385891,0.0432808212505207,0.02526762917074671,0.11230488356030115,27.25417990892629,,
test,30639_253671cc,d8b9dc5bbf262a1b,rover,front_scaled,21548,0.997038682213585,0.06531728264160078,0.05012589719734578,0.023907252055410944,0.13363922439151363,25.72635541107728,,
test,30639_253671cc,d8b9dc5bbf262a1b,rover,mean_scaled,21548,0.997038682213585,0.06506668176056087,0.049834792430374975,0.02409360912583346,0.13340911317401488,25.927530566712793,,
test,30639_584b6e32,cd3814ab60c72b6b,master,baseline_v2,18649,0.8194121007074124,0.09659567239124271,0.042098437320536065,-0.022000294789754144,0.10816145413308662,-20.16678925323832,,
test,30639_584b6e32,cd3814ab60c72b6b,master,balanced_physics,18649,0.8194121007074124,0.09365875330376508,0.03722139897460723,-0.021756735020311047,0.09878026924914902,-19.906989406081436,,
test,30639_584b6e32,cd3814ab60c72b6b,master,front_scaled,18649,0.8194121007074124,0.09785367124190374,0.04311579428669132,-0.02404392884211216,0.11400912977854405,-22.033582786022485,,
test,30639_584b6e32,cd3814ab60c72b6b,master,mean_scaled,18328,0.8053077903247067,0.098037154909502,0.0425469557597106,-0.023161393801697124,0.11261436663733622,-20.839657698728423,,
test,30639_584b6e32,cd3814ab60c72b6b,rover,baseline_v2,22757,0.9999121226767432,0.05455341232862023,0.04244689247050284,-0.020412868353167583,0.1075563627676372,-23.22045909894561,,
test,30639_584b6e32,cd3814ab60c72b6b,rover,balanced_physics,22757,0.9999121226767432,0.04927829443504624,0.03767838747749154,-0.02060251122568557,0.09900822790187432,-23.437365887280485,,
test,30639_584b6e32,cd3814ab60c72b6b,rover,front_scaled,22757,0.9999121226767432,0.05671988442842998,0.04360336120606038,-0.022482196141598305,0.11471341959635417,-25.575319641945097,,
test,30639_584b6e32,cd3814ab60c72b6b,rover,mean_scaled,22436,0.9858078122940376,0.056308942381099604,0.04321409912210014,-0.021791045225494878,0.11338834444681845,-24.431184046129374,,
test,30639_d927f360,cd3814ab60c72b6b,master,baseline_v2,17937,0.8196024674434544,0.059933983187965695,0.044118449974432816,-0.017115644722602616,0.11975891629652295,-15.028669093912729,,
test,30639_d927f360,cd3814ab60c72b6b,master,balanced_physics,17937,0.8196024674434544,0.053686200459381835,0.03826672498136945,-0.017000627995414016,0.10806221271764578,-14.899259553951397,,
test,30639_d927f360,cd3814ab60c72b6b,master,front_scaled,17936,0.8195567740461503,0.05758806841246825,0.04241699672454325,-0.01760499719512927,0.1222370315127912,-15.430500665259242,,
test,30639_d927f360,cd3814ab60c72b6b,master,mean_scaled,17190,0.7854694996572995,0.05655999038117782,0.041025029946742425,-0.015274077372457923,0.11944384341769787,-12.780487523393205,,
test,30639_d927f360,cd3814ab60c72b6b,rover,baseline_v2,21881,0.9998172264107836,0.05964048008238732,0.044719652510445344,-0.01617076523105189,0.11673981485452778,-17.686972550983153,,
test,30639_d927f360,cd3814ab60c72b6b,rover,balanced_physics,21881,0.9998172264107836,0.05308976400314292,0.03842316011322748,-0.016529613941451513,0.10714903010229217,-18.080100085189628,,
test,30639_d927f360,cd3814ab60c72b6b,rover,front_scaled,21879,0.9997258396161754,0.05739708030833182,0.04289166529324427,-0.01698002909720156,0.11897644212510805,-18.56660336612808,,
test,30639_d927f360,cd3814ab60c72b6b,rover,mean_scaled,21133,0.9656385652273246,0.0563955424513458,0.04171126246797652,-0.01495154814751735,0.11727765172322642,-15.774127311778551,,
