mode,repeat,order,model,cpu_s,wall_s,outputs,cpu_us_per_output,wall_us_per_output,outputs_sha256
step,0,AB,main,0.029719262000000413,0.029716860999997152,1200,24.76605166666701,24.76405083333096,32b892aef7d2ab1ed124c7d07352a510068ea4449054e2b0e3e1d0824e3fd219
step,0,AB,candidate,0.03429479999999785,0.03436046499999179,1200,28.578999999998207,28.633720833326493,529902963a8e309dc4b6a626a37884c83fadf430df01ad5c30893ff20ef1798f
step,1,BA,candidate,0.0348768960000001,0.034877843999993274,1200,29.064080000000086,29.064869999994396,529902963a8e309dc4b6a626a37884c83fadf430df01ad5c30893ff20ef1798f
step,1,BA,main,0.02951255299998934,0.029523840999985396,1200,24.593794166657784,24.603200833321164,32b892aef7d2ab1ed124c7d07352a510068ea4449054e2b0e3e1d0824e3fd219
step,2,AB,main,0.029742506000005164,0.02976668700000573,1200,24.78542166667097,24.805572500004775,32b892aef7d2ab1ed124c7d07352a510068ea4449054e2b0e3e1d0824e3fd219
step,2,AB,candidate,0.034029033000010145,0.03402992699997753,1200,28.357527500008455,28.35827249998128,529902963a8e309dc4b6a626a37884c83fadf430df01ad5c30893ff20ef1798f
step,3,BA,candidate,0.03449216399999955,0.034493445000009615,1200,28.743469999999622,28.744537500008008,529902963a8e309dc4b6a626a37884c83fadf430df01ad5c30893ff20ef1798f
step,3,BA,main,0.029507246000008536,0.029507816999995384,1200,24.589371666673777,24.589847499996154,32b892aef7d2ab1ed124c7d07352a510068ea4449054e2b0e3e1d0824e3fd219
step,4,AB,main,0.02947271499999715,0.029471953000012263,1200,24.56059583333096,24.559960833343553,32b892aef7d2ab1ed124c7d07352a510068ea4449054e2b0e3e1d0824e3fd219
step,4,AB,candidate,0.034120119000007776,0.03412102500001879,1200,28.433432500006482,28.434187500015657,529902963a8e309dc4b6a626a37884c83fadf430df01ad5c30893ff20ef1798f
step,5,BA,candidate,0.03403433100000086,0.034047533999995494,1200,28.36194250000072,28.372944999996246,529902963a8e309dc4b6a626a37884c83fadf430df01ad5c30893ff20ef1798f
step,5,BA,main,0.02965992300001119,0.029660586999995076,1200,24.716602500009323,24.71715583332923,32b892aef7d2ab1ed124c7d07352a510068ea4449054e2b0e3e1d0824e3fd219
replay,0,AB,main,0.0391856960000041,0.03918599099998232,1200,32.654746666670086,32.65499249998527,32b892aef7d2ab1ed124c7d07352a510068ea4449054e2b0e3e1d0824e3fd219
replay,0,AB,candidate,0.044860532000001285,0.04486165900001993,1200,37.38377666666774,37.384715833349944,529902963a8e309dc4b6a626a37884c83fadf430df01ad5c30893ff20ef1798f
replay,1,BA,candidate,0.044252826999994,0.04425346299998978,1200,36.87735583332834,36.87788583332482,529902963a8e309dc4b6a626a37884c83fadf430df01ad5c30893ff20ef1798f
replay,1,BA,main,0.039486624999995,0.03948749500000304,1200,32.90552083332917,32.906245833335866,32b892aef7d2ab1ed124c7d07352a510068ea4449054e2b0e3e1d0824e3fd219
replay,2,AB,main,0.0395399249999997,0.039540746000000127,1200,32.94993749999975,32.95062166666678,32b892aef7d2ab1ed124c7d07352a510068ea4449054e2b0e3e1d0824e3fd219
replay,2,AB,candidate,0.044241820000010534,0.04424305699998854,1200,36.86818333334211,36.869214166657116,529902963a8e309dc4b6a626a37884c83fadf430df01ad5c30893ff20ef1798f
replay,3,BA,candidate,0.04405024499999399,0.04405166900002655,1200,36.708537499994996,36.709724166688794,529902963a8e309dc4b6a626a37884c83fadf430df01ad5c30893ff20ef1798f
replay,3,BA,main,0.043418583000004674,0.04345835600000214,1200,36.182152500003895,36.21529666666845,32b892aef7d2ab1ed124c7d07352a510068ea4449054e2b0e3e1d0824e3fd219
replay,4,AB,main,0.0394052040000048,0.03940629299998477,1200,32.837670000004,32.83857749998731,32b892aef7d2ab1ed124c7d07352a510068ea4449054e2b0e3e1d0824e3fd219
replay,4,AB,candidate,0.04421810399999515,0.04427948200000742,1200,36.84841999999596,36.899568333339516,529902963a8e309dc4b6a626a37884c83fadf430df01ad5c30893ff20ef1798f
replay,5,BA,candidate,0.0447091270000044,0.04470990100000449,1200,37.257605833337,37.25825083333708,529902963a8e309dc4b6a626a37884c83fadf430df01ad5c30893ff20ef1798f
replay,5,BA,main,0.03942187899998828,0.0394231189999914,1200,32.85156583332357,32.8525991666595,32b892aef7d2ab1ed124c7d07352a510068ea4449054e2b0e3e1d0824e3fd219
