bag,group,receiver,role,kind,fault,start,end,main_rmse,candidate_rmse,main_mae,candidate_mae,main_bias,candidate_bias,main_p95,candidate_p95,main_event_rmse,candidate_event_rmse,main_n,candidate_n,main_coverage,candidate_coverage,main_false_stop_samples,candidate_false_stop_samples,main_recovery_s,candidate_recovery_s,main_distance,candidate_distance
30618_0652866c,8269991eafa82c45,master,development,clean,,,,0.03581761396605538,0.03581212428368469,0.025328524151279418,0.025326331694405426,-0.011421300051586581,-0.01141966209468235,0.07223971684486141,0.07223971684486141,,,28586,28586,0.9787379737734104,0.9787379737734104,0,0,,,0.3470724769444702,0.3469864473868525
30618_0652866c,8269991eafa82c45,rover,development,clean,,,,0.03639643781273983,0.03639293812683724,0.025289953323253747,0.025287264585212327,-0.011361611597974101,-0.011359922103997616,0.07483102095709845,0.07482689814599643,,,27714,27714,0.9488821173006471,0.9488821173006471,0,0,,,0.4759879524296647,0.47589246021847104
30618_073f08d1,8269991eafa82c45,master,development,clean,,,,0.03348245154291824,0.033482197077985526,0.023108869787608212,0.02310827393277473,-0.006070035787324373,-0.006068933677149068,0.06937720395129368,0.06937720395129368,,,24724,24724,0.9720081773863815,0.9720081773863815,0,0,,,0.22510198625126168,0.22498330175382775
30618_073f08d1,8269991eafa82c45,rover,development,clean,,,,0.03438795608244706,0.034387318197197,0.024009384607715595,0.024008810521086676,-0.006689857347010079,-0.006688746520615428,0.0719216728809112,0.0719216728809112,,,24530,24530,0.9643811920113226,0.9643811920113226,0,0,,,0.5466859334919867,0.5466762946299567
30618_117c2d02,664cca45aeb0db23,master,development,clean,,,,,,,,,,,,,,0,0,0.0,0.0,0,0,,,,
30618_117c2d02,664cca45aeb0db23,rover,development,clean,,,,,,,,,,,,,,0,0,0.0,0.0,0,0,,,,
30618_1551d0a9,8269991eafa82c45,master,development,clean,,,,0.003942772444036626,0.003942772444036626,0.003545454545454546,0.003545454545454546,-0.003545454545454546,-0.003545454545454546,0.00695,0.00695,,,22,22,0.9565217391304348,0.9565217391304348,0,0,,,0.0022139408508153715,0.0022139408508153715
30618_1551d0a9,8269991eafa82c45,rover,development,clean,,,,0.004033946860424326,0.004033946860424326,0.0033636363636363647,0.0033636363636363647,-0.0033636363636363647,-0.0033636363636363647,0.007,0.007,,,22,22,0.9565217391304348,0.9565217391304348,0,0,,,0.002231565899460818,0.002231565899460818
30618_27e994fc,711abb923942f9fe,master,development,clean,,,,0.16363254547951553,0.1636324142451022,0.042800840605809985,0.042800408633841124,-0.026264077712623596,-0.026263645501771446,0.12450286937004977,0.12450286937004977,,,37199,37199,0.9803399657398867,0.9803399657398867,0,0,,,1.6812826250370876,1.681225166122878
30618_27e994fc,711abb923942f9fe,rover,development,clean,,,,0.15909625801028546,0.1590961297899529,0.04155353317847114,0.041553100908378236,-0.028081437516887502,-0.028081004657985714,0.12327414179729806,0.12327414179729806,,,37143,37143,0.9788641454737119,0.9788641454737119,0,0,,,1.116948628798278,1.1169415052109115
30618_3e012faf,664cca45aeb0db23,master,development,clean,,,,,,,,,,,,,,0,0,0.0,0.0,0,0,,,,
30618_3e012faf,664cca45aeb0db23,rover,development,clean,,,,,,,,,,,,,,0,0,0.0,0.0,0,0,,,,
30618_46e21b9b,664cca45aeb0db23,master,development,clean,,,,,,,,,,,,,,0,0,0.0,0.0,0,0,,,,
30618_46e21b9b,664cca45aeb0db23,rover,development,clean,,,,,,,,,,,,,,0,0,0.0,0.0,0,0,,,,
30618_5036aa78,664cca45aeb0db23,master,development,clean,,,,,,,,,,,,,,0,0,0.0,0.0,0,0,,,,
30618_5036aa78,664cca45aeb0db23,rover,development,clean,,,,,,,,,,,,,,0,0,0.0,0.0,0,0,,,,
30618_74559c73,664cca45aeb0db23,master,development,clean,,,,,,,,,,,,,,0,0,0.0,0.0,0,0,,,,
30618_74559c73,664cca45aeb0db23,rover,development,clean,,,,,,,,,,,,,,0,0,0.0,0.0,0,0,,,,
30618_88548b02,711abb923942f9fe,master,development,clean,,,,0.050336406717138904,0.05033717868718659,0.03654137905188038,0.036542061209942994,-0.030652837222753776,-0.03065355029931454,0.10232414189425944,0.10232414189425944,,,24833,24833,0.9909021986353298,0.9909021986353298,0,0,,,2.8397907385231904,2.8398020083514126
30618_88548b02,711abb923942f9fe,rover,development,clean,,,,0.05086529861779218,0.05086603321337874,0.03695173712221383,0.036952442704899495,-0.03100029830590161,-0.031001016006636566,0.1037368000021362,0.1037368000021362,,,24673,24673,0.9845177766250349,0.9845177766250349,0,0,,,1.9392125883370643,1.9392160649955679
30618_bcc9e7a2,664cca45aeb0db23,master,development,clean,,,,,,,,,,,,,,0,0,0.0,0.0,0,0,,,,
30618_bcc9e7a2,664cca45aeb0db23,rover,development,clean,,,,,,,,,,,,,,0,0,0.0,0.0,0,0,,,,
30618_e151d6e4,664cca45aeb0db23,master,development,clean,,,,,,,,,,,,,,0,0,0.0,0.0,0,0,,,,
30618_e151d6e4,664cca45aeb0db23,rover,development,clean,,,,,,,,,,,,,,0,0,0.0,0.0,0,0,,,,
30639_0ab96c59,2cd82bc27dbad052,master,development,clean,,,,0.018981005982407435,0.018981005982407435,0.006284063129902641,0.006284063129902641,-0.002179024853688053,-0.002179024853688053,0.013528623835174438,0.013528623835174438,,,1592,1592,0.9993722536095417,0.9993722536095417,0,0,,,0.11011468379779153,0.11011468379779153
30639_0ab96c59,2cd82bc27dbad052,rover,development,clean,,,,0.019389049497011826,0.019389049497011826,0.006765810322137451,0.006765810322137451,-0.0025772660597182034,-0.0025772660597182034,0.015999999999999997,0.015999999999999997,,,1592,1592,0.9993722536095417,0.9993722536095417,0,0,,,0.13322449416239673,0.13322449416239673
30639_9c362687,a8a4c11ebcc1dde2,master,development,clean,,,,0.07832969221186231,0.07832776947647142,0.04530803814455253,0.04530644215014801,0.01955911724427634,0.01955761472892013,0.11421708881508164,0.11421708874268621,,,27156,27156,0.9988230101515374,0.9988230101515374,0,0,,,16.067518821165372,16.067425631946417
30639_9c362687,a8a4c11ebcc1dde2,rover,development,clean,,,,0.16237357481214673,0.16237272194060087,0.05247213454195867,0.05247067982297014,0.01978766358173068,0.019786157739281128,0.12219023038955679,0.12219002311247285,,,27096,27096,0.9966161541856702,0.9966161541856702,0,0,,,19.212920562989922,19.212803198018914
30639_c31df386,70bb14d1c90f301f,master,development,clean,,,,0.06253184971146651,0.06253032936502968,0.046091496620704005,0.04609021670187105,0.028717676524354117,0.028717949852334626,0.1276898592840081,0.1276898592840081,,,24006,24006,0.8811158010644154,0.8811158010644154,0,0,,,4.058011804137411,4.0582196768865515
30639_c31df386,70bb14d1c90f301f,rover,development,clean,,,,0.06488326117957367,0.06488233618116283,0.04730059884625296,0.04729980584018986,0.03258407515642759,0.032584268960636896,0.13204690067272268,0.13204690067272268,,,27162,27162,0.9969535694622866,0.9969535694622866,0,0,,,28.322408034794446,28.322823439611458
30639_dce52be4,70bb14d1c90f301f,master,development,clean,,,,0.3600590120977054,0.3600591203155635,0.061033525620136996,0.06103407748143032,0.047715848332589975,0.047715994448065464,0.12187388870653612,0.12187388870653612,,,21963,21963,0.9580788693072763,0.9580788693072763,0,0,,,11.266619291972654,11.266655019689916
30639_dce52be4,70bb14d1c90f301f,rover,development,clean,,,,0.10320819551241453,0.10320850713074312,0.053495927559678,0.05349651684956191,0.03982032099672915,0.03982046176057633,0.12686949016965424,0.12686949016965424,,,22798,22798,0.9945035770371663,0.9945035770371663,0,0,,,3.9919015095513934,3.991973704260591
30639_e4379d7f,a0c46036cc19092a,master,development,clean,,,,,,,,,,,,,,0,0,0.0,0.0,0,0,,,,
30639_e4379d7f,a0c46036cc19092a,rover,development,clean,,,,0.13814212669565956,0.13814201649473462,0.04530186424414684,0.045301716684532624,0.019914317950860905,0.019914671132598306,0.11662264361818621,0.1166432629330666,,,11410,11410,0.3966764010568766,0.3966764010568766,0,0,,,0.02928796648509978,0.02928796648522136
30618_0652866c,8269991eafa82c45,master,development,fault,bias,156.9,161.9,0.03272535079417663,0.03272535079417663,0.02492969588341831,0.02492969588341831,-0.006788001148673842,-0.006788001148673842,0.06935872162869577,0.06935872162869577,0.046062129388877174,0.046062129388877174,300,300,0.4291845493562232,0.4291845493562232,0,0,0.006544645999980503,0.006544645999980503,,
30618_0652866c,8269991eafa82c45,rover,development,fault,bias,156.9,161.9,0.03676987861681634,0.03676987861681634,0.028762094182646827,0.028762094182646827,-0.00672133448200718,-0.00672133448200718,0.0746185757748848,0.0746185757748848,0.049277182132701,0.049277182132701,300,300,0.4291845493562232,0.4291845493562232,0,0,0.006544645999980503,0.006544645999980503,,
30618_0652866c,8269991eafa82c45,master,development,fault,dropout,156.9,161.9,0.060735492283645706,0.06073485615863249,0.03871130266178159,0.03870963280985827,-0.028266980066455137,-0.028265310214531814,0.15125532413407242,0.15125532413407242,0.09999648347634237,0.09999648347634237,300,300,0.4291845493562232,0.4291845493562232,0,0,0.006544645999980503,0.006544645999980503,,
30618_0652866c,8269991eafa82c45,rover,development,fault,dropout,156.9,161.9,0.06378728804192392,0.06378681125609195,0.042706669651826165,0.042704999799902846,-0.02820031339978847,-0.028198643547865155,0.1566413773566227,0.1566413773566227,0.10298372524688669,0.10298372524688669,300,300,0.4291845493562232,0.4291845493562232,0,0,0.006544645999980503,0.006544645999980503,,
30618_0652866c,8269991eafa82c45,master,development,fault,dropout,156.9,166.9,0.14278282541009035,0.14279142425946445,0.09794992338239354,0.09798968000893897,-0.09071652905036885,-0.09080016722965813,0.32837830710219545,0.32837830710219545,0.15780494520013125,0.15780494520013125,400,400,0.5,0.5,0,0,1.2565446459999805,1.2565446459999805,,
30618_0652866c,8269991eafa82c45,rover,development,fault,dropout,156.9,166.9,0.1448776244264721,0.14488368775918084,0.10157153848913819,0.10159164686033838,-0.08643152905036883,-0.0865151672296581,0.3303845266293857,0.3303845266293857,0.1604127348839681,0.1604127348839681,400,400,0.5,0.5,0,0,1.2565446459999805,1.2565446459999805,,
30618_0652866c,8269991eafa82c45,master,development,fault,lock,156.9,159.9,0.032723406564617336,0.03272378591676769,0.024876491227769155,0.024875163733048062,-0.012854301665481875,-0.012787402406099808,0.0641047904467125,0.06411740037757437,0.04609706040210767,0.04609706040210767,260,260,0.3945371775417299,0.3945371775417299,0,0,0.006544645999980503,0.006544645999980503,,
30618_0652866c,8269991eafa82c45,rover,development,fault,lock,156.9,159.9,0.03751089853930301,0.03755019171573787,0.02921382728148195,0.02923502832611485,-0.013815840127020335,-0.013748940867638266,0.07895312783187086,0.07895312783187086,0.046350605584348885,0.046350605584348885,260,260,0.3945371775417299,0.3945371775417299,0,0,0.006544645999980503,0.006544645999980503,,
30618_073f08d1,8269991eafa82c45,master,development,fault,bias,127.60000000000001,132.60000000000002,0.0719475947465785,0.0719475947465785,0.05889268165063283,0.05889268165063283,-0.056196096470605736,-0.056196096470605736,0.13832764441102985,0.13832764441102985,0.08876829296488531,0.08876829296488531,296,296,0.4222539229671897,0.4222539229671897,0,0,0.015782163999972454,0.015782163999972454,,
30618_073f08d1,8269991eafa82c45,rover,development,fault,bias,127.60000000000001,132.60000000000002,0.06770508521405613,0.06770508521405613,0.055731847870782246,0.055731847870782246,-0.05234431895582459,-0.05234431895582459,0.12995352136420435,0.12995352136420435,0.08549924140752002,0.08549924140752002,270,270,0.38516405135520687,0.38516405135520687,0,0,0.015782163999972454,0.015782163999972454,,
30618_073f08d1,8269991eafa82c45,master,development,fault,dropout,127.60000000000001,132.60000000000002,0.4383886653479657,0.43831640068639266,0.266062361201065,0.26551523028465657,-0.26336581556990035,-0.2628186491986717,0.9976150616236689,0.9976150616236689,0.7644039095639792,0.7644039095639792,296,296,0.4222539229671897,0.4222539229671897,0,0,0.015782163999972454,0.015782163999972454,,
30618_073f08d1,8269991eafa82c45,rover,development,fault,dropout,127.60000000000001,132.60000000000002,0.3848142665552842,0.38474370923232426,0.21313721653478915,0.21253736040355392,-0.20974968799318608,-0.20914983152695024,0.9946232326365136,0.9946232326365136,0.7487385273836106,0.7487385273836106,270,270,0.38516405135520687,0.38516405135520687,0,0,0.015782163999972454,0.015782163999972454,,
30618_073f08d1,8269991eafa82c45,master,development,fault,dropout,127.60000000000001,137.60000000000002,1.6052568690353133,1.605173664012646,1.082916113052812,1.0817970074497611,-1.0685287848928657,-1.0673268624269534,3.513288028621289,3.513288028621289,1.5693744405944205,1.5693744405944205,388,388,0.484394506866417,0.484394506866417,0,0,2.165782163999978,2.165782163999978,,
30618_073f08d1,8269991eafa82c45,rover,development,fault,dropout,127.60000000000001,137.60000000000002,1.6700724718700863,1.669985071109137,1.132961278710576,1.131823051804245,-1.1183682668592612,-1.1170434205047894,3.5301412307808184,3.5301412307808184,1.6565414833891217,1.6565414833891217,352,352,0.4394506866416979,0.4394506866416979,0,0,2.165782163999978,2.165782163999978,,
30618_073f08d1,8269991eafa82c45,master,development,fault,lock,127.60000000000001,130.60000000000002,0.2928063488775902,0.2926796575986315,0.1705611488426664,0.16999631702559256,-0.1701161591982193,-0.16955132738114484,0.7275292927100316,0.7275292927100316,0.5925587417854886,0.5925587417854886,256,256,0.3878787878787879,0.3878787878787879,0,0,0.11578216399996677,0.11578216399996677,,
30618_073f08d1,8269991eafa82c45,rover,development,fault,lock,127.60000000000001,130.60000000000002,0.2212343035082436,0.2211780162002872,0.12545343762540176,0.1252282145190102,-0.12483928531126667,-0.1246140622048751,0.6735219926446587,0.6735219926446587,0.5012545337439237,0.5012545337439237,230,230,0.3484848484848485,0.3484848484848485,0,0,0.5657821639999838,0.5657821639999838,,
30618_117c2d02,664cca45aeb0db23,master,development,fault,bias,141.4,146.4,,,,,,,,,,,0,0,0.0,0.0,0,0,,,,
30618_117c2d02,664cca45aeb0db23,rover,development,fault,bias,141.4,146.4,,,,,,,,,,,0,0,0.0,0.0,0,0,,,,
30618_117c2d02,664cca45aeb0db23,master,development,fault,dropout,141.4,146.4,,,,,,,,,,,0,0,0.0,0.0,0,0,,,,
30618_117c2d02,664cca45aeb0db23,rover,development,fault,dropout,141.4,146.4,,,,,,,,,,,0,0,0.0,0.0,0,0,,,,
30618_117c2d02,664cca45aeb0db23,master,development,fault,dropout,141.4,151.4,,,,,,,,,,,0,0,0.0,0.0,0,0,,,,
30618_117c2d02,664cca45aeb0db23,rover,development,fault,dropout,141.4,151.4,,,,,,,,,,,0,0,0.0,0.0,0,0,,,,
30618_117c2d02,664cca45aeb0db23,master,development,fault,lock,141.4,144.4,,,,,,,,,,,0,0,0.0,0.0,0,0,,,,
30618_117c2d02,664cca45aeb0db23,rover,development,fault,lock,141.4,144.4,,,,,,,,,,,0,0,0.0,0.0,0,0,,,,
30618_27e994fc,711abb923942f9fe,master,development,fault,bias,190.10000000000002,195.10000000000002,0.39988033691045693,0.39988033691045693,0.2882549108117785,0.2882549108117785,0.2708093846525646,0.2708093846525646,0.940785138727716,0.940785138727716,0.11560710653848347,0.11560710653848347,300,300,0.42857142857142855,0.42857142857142855,0,0,7.450035174999982,7.450035174999982,,
30618_27e994fc,711abb923942f9fe,rover,development,fault,bias,190.10000000000002,195.10000000000002,0.40527258519419707,0.40527258519419707,0.2927562781863184,0.2927562781863184,0.27801214901713434,0.27801214901713434,0.9679023561569751,0.9679023561569751,0.12083156481938344,0.12083156481938344,292,292,0.41714285714285715,0.41714285714285715,0,0,7.450035174999982,7.450035174999982,,
30618_27e994fc,711abb923942f9fe,master,development,fault,dropout,190.10000000000002,195.10000000000002,0.39700639311017694,0.39701755089523527,0.28095699216458636,0.28097263201209527,0.2635081477371991,0.263523787584708,0.9407851585469458,0.9407851585469458,0.08948210461103095,0.08948210461103095,300,300,0.42857142857142855,0.42857142857142855,0,0,7.450035174999982,7.450035174999982,,
30618_27e994fc,711abb923942f9fe,rover,development,fault,dropout,190.10000000000002,195.10000000000002,0.4024149764759493,0.4024266239469107,0.28600470660332816,0.2860206301000155,0.2709076151734396,0.2709235386701269,0.9679023707615844,0.9679023707615844,0.09357727528727404,0.09357727528727404,292,292,0.41714285714285715,0.41714285714285715,0,0,7.450035174999982,7.450035174999982,,
30618_27e994fc,711abb923942f9fe,master,development,fault,dropout,190.10000000000002,200.10000000000002,0.3247641192561688,0.32482997991616014,0.19715493967057682,0.19719362765699494,0.1781395605967476,0.17817824858315262,0.863931559838356,0.863931764170225,0.24443268632171536,0.24443268632171536,400,400,0.5,0.5,0,0,2.4500351749999822,2.4500351749999822,,
30618_27e994fc,711abb923942f9fe,rover,development,fault,dropout,190.10000000000002,200.10000000000002,0.32980573198571733,0.3298742575752513,0.20115928129117444,0.2011991658132523,0.18364519981975655,0.1836850843418236,0.8367273894292997,0.8367374767654866,0.24515450546543252,0.24515450546543252,388,388,0.485,0.485,0,0,2.400035174999971,2.400035174999971,,
30618_27e994fc,711abb923942f9fe,master,development,fault,lock,190.10000000000002,193.10000000000002,0.4246722489278812,0.42467287953420274,0.3177646811326069,0.3177669290556709,0.3047157868959055,0.3047180348189695,0.9719125810815643,0.9719125810815643,0.0429475732570077,0.0429475732570077,260,260,0.3945371775417299,0.3945371775417299,0,0,3.517499999361462e-05,3.517499999361462e-05,,
30618_27e994fc,711abb923942f9fe,rover,development,fault,lock,190.10000000000002,193.10000000000002,0.4313427008886167,0.4313417572628093,0.32461325011807307,0.3246088383271372,0.31438146493354446,0.31437705314260855,0.9832520031484692,0.9832520031484692,0.038466047613189294,0.038466047613189294,252,252,0.38239757207890746,0.38239757207890746,0,0,0.30003517499997656,0.30003517499997656,,
30618_3e012faf,664cca45aeb0db23,master,development,fault,bias,102.7,107.7,,,,,,,,,,,0,0,0.0,0.0,0,0,,,,
30618_3e012faf,664cca45aeb0db23,rover,development,fault,bias,102.7,107.7,,,,,,,,,,,0,0,0.0,0.0,0,0,,,,
30618_3e012faf,664cca45aeb0db23,master,development,fault,dropout,102.7,107.7,,,,,,,,,,,0,0,0.0,0.0,0,0,,,,
30618_3e012faf,664cca45aeb0db23,rover,development,fault,dropout,102.7,107.7,,,,,,,,,,,0,0,0.0,0.0,0,0,,,,
30618_3e012faf,664cca45aeb0db23,master,development,fault,dropout,102.7,112.7,,,,,,,,,,,0,0,0.0,0.0,0,0,,,,
30618_3e012faf,664cca45aeb0db23,rover,development,fault,dropout,102.7,112.7,,,,,,,,,,,0,0,0.0,0.0,0,0,,,,
30618_3e012faf,664cca45aeb0db23,master,development,fault,lock,102.7,105.7,,,,,,,,,,,0,0,0.0,0.0,0,0,,,,
30618_3e012faf,664cca45aeb0db23,rover,development,fault,lock,102.7,105.7,,,,,,,,,,,0,0,0.0,0.0,0,0,,,,
30618_46e21b9b,664cca45aeb0db23,master,development,fault,bias,141.4,146.4,,,,,,,,,,,0,0,0.0,0.0,0,0,,,,
30618_46e21b9b,664cca45aeb0db23,rover,development,fault,bias,141.4,146.4,,,,,,,,,,,0,0,0.0,0.0,0,0,,,,
30618_46e21b9b,664cca45aeb0db23,master,development,fault,dropout,141.4,146.4,,,,,,,,,,,0,0,0.0,0.0,0,0,,,,
30618_46e21b9b,664cca45aeb0db23,rover,development,fault,dropout,141.4,146.4,,,,,,,,,,,0,0,0.0,0.0,0,0,,,,
30618_46e21b9b,664cca45aeb0db23,master,development,fault,dropout,141.4,151.4,,,,,,,,,,,0,0,0.0,0.0,0,0,,,,
30618_46e21b9b,664cca45aeb0db23,rover,development,fault,dropout,141.4,151.4,,,,,,,,,,,0,0,0.0,0.0,0,0,,,,
30618_46e21b9b,664cca45aeb0db23,master,development,fault,lock,141.4,144.4,,,,,,,,,,,0,0,0.0,0.0,0,0,,,,
30618_46e21b9b,664cca45aeb0db23,rover,development,fault,lock,141.4,144.4,,,,,,,,,,,0,0,0.0,0.0,0,0,,,,
30618_5036aa78,664cca45aeb0db23,master,development,fault,bias,25.1,30.1,,,,,,,,,,,0,0,0.0,0.0,0,0,,,,
30618_5036aa78,664cca45aeb0db23,rover,development,fault,bias,25.1,30.1,,,,,,,,,,,0,0,0.0,0.0,0,0,,,,
30618_5036aa78,664cca45aeb0db23,master,development,fault,dropout,25.1,30.1,,,,,,,,,,,0,0,0.0,0.0,0,0,,,,
30618_5036aa78,664cca45aeb0db23,rover,development,fault,dropout,25.1,30.1,,,,,,,,,,,0,0,0.0,0.0,0,0,,,,
30618_5036aa78,664cca45aeb0db23,master,development,fault,dropout,25.1,35.1,,,,,,,,,,,0,0,0.0,0.0,0,0,,,,
30618_5036aa78,664cca45aeb0db23,rover,development,fault,dropout,25.1,35.1,,,,,,,,,,,0,0,0.0,0.0,0,0,,,,
30618_5036aa78,664cca45aeb0db23,master,development,fault,lock,25.1,28.1,,,,,,,,,,,0,0,0.0,0.0,0,0,,,,
30618_5036aa78,664cca45aeb0db23,rover,development,fault,lock,25.1,28.1,,,,,,,,,,,0,0,0.0,0.0,0,0,,,,
30618_74559c73,664cca45aeb0db23,master,development,fault,bias,62.800000000000004,67.80000000000001,,,,,,,,,,,0,0,0.0,0.0,0,0,,,,
30618_74559c73,664cca45aeb0db23,rover,development,fault,bias,62.800000000000004,67.80000000000001,,,,,,,,,,,0,0,0.0,0.0,0,0,,,,
30618_74559c73,664cca45aeb0db23,master,development,fault,dropout,62.800000000000004,67.80000000000001,,,,,,,,,,,0,0,0.0,0.0,0,0,,,,
30618_74559c73,664cca45aeb0db23,rover,development,fault,dropout,62.800000000000004,67.80000000000001,,,,,,,,,,,0,0,0.0,0.0,0,0,,,,
30618_74559c73,664cca45aeb0db23,master,development,fault,dropout,62.800000000000004,72.80000000000001,,,,,,,,,,,0,0,0.0,0.0,0,0,,,,
30618_74559c73,664cca45aeb0db23,rover,development,fault,dropout,62.800000000000004,72.80000000000001,,,,,,,,,,,0,0,0.0,0.0,0,0,,,,
30618_74559c73,664cca45aeb0db23,master,development,fault,lock,62.800000000000004,65.80000000000001,,,,,,,,,,,0,0,0.0,0.0,0,0,,,,
30618_74559c73,664cca45aeb0db23,rover,development,fault,lock,62.800000000000004,65.80000000000001,,,,,,,,,,,0,0,0.0,0.0,0,0,,,,
30618_88548b02,711abb923942f9fe,master,development,fault,bias,125.60000000000001,130.60000000000002,0.06671141272809533,0.06671141272809533,0.06199188610123585,0.06199188610123585,-0.061947522104790535,-0.061947522104790535,0.10225298009011742,0.10225298009011742,0.0636638314255101,0.0636638314255101,288,288,0.4114285714285714,0.4114285714285714,0,0,2.8616999998121173e-05,2.8616999998121173e-05,,
30618_88548b02,711abb923942f9fe,rover,development,fault,bias,125.60000000000001,130.60000000000002,0.06660171318414883,0.06660171318414883,0.06152261056382374,0.06152261056382374,-0.06150056211768996,-0.06150056211768996,0.10637018426666867,0.10637018426666867,0.06448460284544086,0.06448460284544086,296,296,0.4228571428571429,0.4228571428571429,0,0,2.8616999998121173e-05,2.8616999998121173e-05,,
30618_88548b02,711abb923942f9fe,master,development,fault,dropout,125.60000000000001,130.60000000000002,0.07730107010200392,0.07732344892384206,0.07078329392628271,0.07081515061056563,-0.06749663833332875,-0.06752849501761261,0.12423702273615796,0.12423702273615796,0.0915249403113225,0.0915249403113225,288,288,0.4114285714285714,0.4114285714285714,0,0,2.8616999998121173e-05,2.8616999998121173e-05,,
30618_88548b02,711abb923942f9fe,rover,development,fault,dropout,125.60000000000001,130.60000000000002,0.07716716671050516,0.07719132697218573,0.07049288212922929,0.07052387827260914,-0.06714979902203926,-0.06718079516541972,0.12435717907374011,0.12435717907374011,0.09230433785587162,0.09230433785587162,296,296,0.4228571428571429,0.4228571428571429,0,0,2.8616999998121173e-05,2.8616999998121173e-05,,
30618_88548b02,711abb923942f9fe,master,development,fault,dropout,125.60000000000001,135.60000000000002,0.18343513842796064,0.18344560091012646,0.1266472595387177,0.1267007491229029,0.03636986428909961,0.03628093596110323,0.45845770321236884,0.45845770321236884,0.2445533483108201,0.2445533483108201,388,388,0.4856070087609512,0.4856070087609512,0,0,1.4000286169999754,1.4000286169999754,,
30618_88548b02,711abb923942f9fe,rover,development,fault,dropout,125.60000000000001,135.60000000000002,0.18330005084928697,0.1833080731156074,0.12666687552396452,0.12668864702137803,0.03631703895691187,0.036229447016214195,0.4502049740198859,0.4502049740198859,0.24490005792309696,0.24490005792309696,396,396,0.4956195244055069,0.4956195244055069,0,0,0.10002861699999244,0.10002861699999244,,
30618_88548b02,711abb923942f9fe,master,development,fault,lock,125.60000000000001,128.60000000000002,0.0788318223418887,0.07882475104737532,0.07364645501950455,0.07363810412535932,-0.07364645501950455,-0.07363810412535932,0.1263443382282318,0.1263443382282318,0.10456199135055094,0.10456199135055094,248,248,0.37575757575757573,0.37575757575757573,0,0,0.4000286169999754,0.4000286169999754,,
30618_88548b02,711abb923942f9fe,rover,development,fault,lock,125.60000000000001,128.60000000000002,0.07813731289315479,0.07812693528291284,0.07264716715202177,0.07263504500847891,-0.072646364608578,-0.07263424246503512,0.12492018297463828,0.12492018297419268,0.10413054533409423,0.10413054533409423,260,260,0.3939393939393939,0.3939393939393939,0,0,2.8616999998121173e-05,2.8616999998121173e-05,,
30618_bcc9e7a2,664cca45aeb0db23,master,development,fault,bias,102.7,107.7,,,,,,,,,,,0,0,0.0,0.0,0,0,,,,
30618_bcc9e7a2,664cca45aeb0db23,rover,development,fault,bias,102.7,107.7,,,,,,,,,,,0,0,0.0,0.0,0,0,,,,
30618_bcc9e7a2,664cca45aeb0db23,master,development,fault,dropout,102.7,107.7,,,,,,,,,,,0,0,0.0,0.0,0,0,,,,
30618_bcc9e7a2,664cca45aeb0db23,rover,development,fault,dropout,102.7,107.7,,,,,,,,,,,0,0,0.0,0.0,0,0,,,,
30618_bcc9e7a2,664cca45aeb0db23,master,development,fault,dropout,102.7,112.7,,,,,,,,,,,0,0,0.0,0.0,0,0,,,,
30618_bcc9e7a2,664cca45aeb0db23,rover,development,fault,dropout,102.7,112.7,,,,,,,,,,,0,0,0.0,0.0,0,0,,,,
30618_bcc9e7a2,664cca45aeb0db23,master,development,fault,lock,102.7,105.7,,,,,,,,,,,0,0,0.0,0.0,0,0,,,,
30618_bcc9e7a2,664cca45aeb0db23,rover,development,fault,lock,102.7,105.7,,,,,,,,,,,0,0,0.0,0.0,0,0,,,,
30639_9c362687,a8a4c11ebcc1dde2,master,development,fault,bias,136.0,141.0,0.08202798371390896,0.08202798371390896,0.06933874948138961,0.06933874948138961,0.06860856530970348,0.06860856530970348,0.15706250064317145,0.15706250064317145,0.10930527522193631,0.10930527522193631,300,300,0.42796005706134094,0.42796005706134094,0,0,0.007980078999992202,0.007980078999992202,,
30639_9c362687,a8a4c11ebcc1dde2,rover,development,fault,bias,136.0,141.0,0.32276076046300284,0.32276076046300284,0.10874277431322227,0.10874277431322227,0.1079285653097034,0.1079285653097034,0.1773517623485552,0.1773517623485552,0.11621717661814171,0.11621717661814171,300,300,0.42796005706134094,0.42796005706134094,0,0,0.007980078999992202,0.007980078999992202,,
30639_9c362687,a8a4c11ebcc1dde2,master,development,fault,dropout,136.0,141.0,0.09586884795996535,0.09587208372623766,0.07350239087530977,0.07350561543520608,0.009751053437327798,0.009754277997224116,0.21846015868483273,0.21846015868483273,0.14009505232412092,0.14009505232412092,300,300,0.42796005706134094,0.42796005706134094,0,0,0.007980078999992202,0.007980078999992202,,
30639_9c362687,a8a4c11ebcc1dde2,rover,development,fault,dropout,136.0,141.0,0.325315294850015,0.3253163510799499,0.11081562531499393,0.11081884987489024,0.04907105343732776,0.049074277997224074,0.23813896675008084,0.23813896675008084,0.13688365830250557,0.13688365830250557,300,300,0.42796005706134094,0.42796005706134094,0,0,0.007980078999992202,0.007980078999992202,,
30639_9c362687,a8a4c11ebcc1dde2,master,development,fault,dropout,136.0,146.0,0.18639874652847596,0.18636815332426135,0.12503420075812094,0.12495465315076608,0.07211068288157464,0.07203111595229268,0.4401533756239941,0.4401533756239941,0.2570956101757153,0.2570956101757153,400,400,0.5,0.5,0,0,0.05798007900000357,0.05798007900000357,,
30639_9c362687,a8a4c11ebcc1dde2,rover,development,fault,dropout,136.0,146.0,0.4391685850167858,0.4391511930332171,0.189294868844474,0.18921532360555474,0.1351031828815746,0.13502361595229265,0.458248074675193,0.458248074675193,0.258670138631096,0.258670138631096,400,400,0.5,0.5,0,0,0.05798007900000357,0.05798007900000357,,
30639_9c362687,a8a4c11ebcc1dde2,master,development,fault,lock,136.0,139.0,0.10226095415480102,0.10235993563488233,0.08221590304285555,0.08230348085131299,0.025943224658920124,0.026030802467377573,0.2280444193689353,0.2280444193689353,0.16024774427260532,0.16024774427260532,260,260,0.3939393939393939,0.3939393939393939,0,0,0.007980078999992202,0.007980078999992202,,
30639_9c362687,a8a4c11ebcc1dde2,rover,development,fault,lock,136.0,139.0,0.10908745157027513,0.10920981249793264,0.09153769012344137,0.09162526793189883,0.03579322465892009,0.035880802467377536,0.2328510726146013,0.2328510726146013,0.154943595630792,0.154943595630792,260,260,0.3939393939393939,0.3939393939393939,0,0,0.15798007899999789,0.15798007899999789,,
30639_c31df386,70bb14d1c90f301f,master,development,fault,bias,142.4,147.4,0.08937720365346748,0.08937720365346748,0.07823199324990117,0.07823199324990117,0.060501049178339567,0.060501049178339567,0.1382249811426105,0.1382249811426105,0.043808469218313204,0.043808469218313204,300,300,0.42857142857142855,0.42857142857142855,0,0,0.04167189599999688,0.04167189599999688,,
30639_c31df386,70bb14d1c90f301f,rover,development,fault,bias,142.4,147.4,0.08981576057618769,0.08981576057618769,0.07858577073276668,0.07858577073276668,0.060391049178339505,0.060391049178339505,0.14908392345686022,0.14908392345686022,0.04499047423512338,0.04499047423512338,300,300,0.42857142857142855,0.42857142857142855,0,0,0.04167189599999688,0.04167189599999688,,
30639_c31df386,70bb14d1c90f301f,master,development,fault,dropout,142.4,147.4,0.23197930700445596,0.2320439221561517,0.18297832972279238,0.1831536235209868,-0.04954729946696169,-0.04937200566876731,0.4735192495458594,0.4735192495458594,0.37335518171707316,0.37335518171707316,300,300,0.42857142857142855,0.42857142857142855,0,0,0.04167189599999688,0.04167189599999688,,
30639_c31df386,70bb14d1c90f301f,rover,development,fault,dropout,142.4,147.4,0.2315164917629049,0.23156782325470862,0.18275165844493554,0.18291147582613468,-0.04965729946696174,-0.04948200566876734,0.4715396823889536,0.4715396823889536,0.3723425838884605,0.3723425838884605,300,300,0.42857142857142855,0.42857142857142855,0,0,0.04167189599999688,0.04167189599999688,,
30639_c31df386,70bb14d1c90f301f,master,development,fault,dropout,142.4,152.4,0.3384095963550736,0.3384301632777287,0.2789869279265642,0.2790534234170061,-0.20139916161540922,-0.20133266612496728,0.5428105768508479,0.5428105768508479,0.4413995048875248,0.4413995048875248,355,355,0.4431960049937578,0.4431960049937578,0,0,0.09167189600000825,0.09167189600000825,,
30639_c31df386,70bb14d1c90f301f,rover,development,fault,dropout,142.4,152.4,0.31952427478616574,0.3195390549003471,0.25662150379055954,0.2566805185383267,-0.16934607743578456,-0.1692870626880174,0.5380091431926686,0.5380091431926686,0.4406594935280277,0.4406594935280277,400,400,0.4993757802746567,0.4993757802746567,0,0,0.09167189600000825,0.09167189600000825,,
30639_c31df386,70bb14d1c90f301f,master,development,fault,lock,142.4,145.4,0.1741371721761973,0.17415285054176347,0.14128712727712864,0.14130970611792526,0.0073895100225264115,0.007585653090448283,0.3874028124093728,0.3874028124093728,0.2994322130804756,0.2994322130804756,260,260,0.3939393939393939,0.3939393939393939,0,0,0.1416718959999912,0.1416718959999912,,
30639_c31df386,70bb14d1c90f301f,rover,development,fault,lock,142.4,145.4,0.17458313005303022,0.17460960299145567,0.1416822310488033,0.1417563009324293,0.0073010484840648196,0.007497191551986684,0.391896815921939,0.391896815921939,0.30036140509334913,0.30036140509334913,260,260,0.3939393939393939,0.3939393939393939,0,0,0.1416718959999912,0.1416718959999912,,
30639_dce52be4,70bb14d1c90f301f,master,development,fault,bias,114.9,119.9,0.06244364261522036,0.06244364261522036,0.0472332778553839,0.0472332778553839,0.03234324541462102,0.03234324541462102,0.137214973985645,0.137214973985645,0.0799638014420416,0.0799638014420416,300,300,0.42796005706134094,0.42796005706134094,0,0,0.014843622999990203,0.014843622999990203,,
30639_dce52be4,70bb14d1c90f301f,rover,development,fault,bias,114.9,119.9,0.059802553050799165,0.059802553050799165,0.04545792064140924,0.04545792064140924,0.027929912081287683,0.027929912081287683,0.12083097569893553,0.12083097569893553,0.07964387341988126,0.07964387341988126,300,300,0.42796005706134094,0.42796005706134094,0,0,0.014843622999990203,0.014843622999990203,,
30639_dce52be4,70bb14d1c90f301f,master,development,fault,dropout,114.9,119.9,0.15818167656294072,0.15823351752941522,0.10470408309210333,0.10477381833987912,-0.05461795108002675,-0.05454820582842616,0.35456653231763025,0.35456653231763025,0.2646800279422154,0.2646800279422154,300,300,0.42796005706134094,0.42796005706134094,0,0,0.014843622999990203,0.014843622999990203,,
30639_dce52be4,70bb14d1c90f301f,rover,development,fault,dropout,114.9,119.9,0.16100877799084384,0.16104103406431053,0.10438630879288023,0.10445604667075817,-0.05903128441336007,-0.058961539161759474,0.3713547841310758,0.3713547841310758,0.27116437513893255,0.27116437513893255,300,300,0.42796005706134094,0.42796005706134094,0,0,0.014843622999990203,0.014843622999990203,,
30639_dce52be4,70bb14d1c90f301f,master,development,fault,dropout,114.9,124.9,0.16495249431640233,0.16493909224828304,0.11388710612813199,0.11385256169227784,-0.03625383722758159,-0.036290708991280264,0.35352513510877515,0.35352513510877515,0.22795906454340564,0.22795906454340564,400,400,0.5,0.5,0,0,0.06484362299998736,0.06484362299998736,,
30639_dce52be4,70bb14d1c90f301f,rover,development,fault,dropout,114.9,124.9,0.1690396015487569,0.1690260167128753,0.11598100756223681,0.11594716994990543,-0.03948883722758158,-0.03952570899128026,0.3656950858294407,0.3656950858294407,0.23422860540305324,0.23422860540305324,400,400,0.5,0.5,0,0,0.06484362299998736,0.06484362299998736,,
30639_dce52be4,70bb14d1c90f301f,master,development,fault,lock,114.9,117.9,0.1275517992073352,0.12766291501426344,0.08474402735218793,0.08491365098504865,-0.008640219918261942,-0.008470596285399236,0.340072126036577,0.340072126036577,0.2261360595716466,0.2261360595716466,260,260,0.3939393939393939,0.3939393939393939,0,0,0.21484362299999304,0.21484362299999304,,
30639_dce52be4,70bb14d1c90f301f,rover,development,fault,lock,114.9,117.9,0.12821074319389306,0.12831501492979636,0.08274757084776008,0.08289694490433476,-0.013355604533646554,-0.01318598090078385,0.35490985725280955,0.35490985725280955,0.22919062151453962,0.22919062151453962,260,260,0.3939393939393939,0.3939393939393939,0,0,0.21484362299999304,0.21484362299999304,,
30639_e4379d7f,a0c46036cc19092a,master,development,fault,bias,165.5,170.5,,,,,,,,,,,0,0,0.0,0.0,0,0,,,,
30639_e4379d7f,a0c46036cc19092a,rover,development,fault,bias,165.5,170.5,0.09691170545430397,0.09691170545430397,0.0830014364560184,0.0830014364560184,0.05473588549175669,0.05473588549175669,0.16540547848235843,0.16540547848235843,0.07437063789617557,0.07437063789617557,116,116,0.1657142857142857,0.1657142857142857,0,0,,,,
30639_e4379d7f,a0c46036cc19092a,master,development,fault,dropout,165.5,170.5,,,,,,,,,,,0,0,0.0,0.0,0,0,,,,
30639_e4379d7f,a0c46036cc19092a,rover,development,fault,dropout,165.5,170.5,0.21325647752245103,0.21328903910825203,0.15643809018861574,0.15657509327083916,0.1445778165967107,0.1443216685773035,0.5083867434338583,0.5083867434338583,0.34011946552944894,0.34011946552944894,116,116,0.1657142857142857,0.1657142857142857,0,0,,,,
30639_e4379d7f,a0c46036cc19092a,master,development,fault,dropout,165.5,175.5,,,,,,,,,,,0,0,0.0,0.0,0,0,,,,
30639_e4379d7f,a0c46036cc19092a,rover,development,fault,dropout,165.5,175.5,0.2621641060383793,0.2621627829570122,0.21592306113842596,0.21591615198295377,0.2097055298683478,0.20969862071287562,0.5051663280522861,0.5051663280522861,0.3504594682056353,0.3504594682056353,154,154,0.1925,0.1925,0,0,,,,
30639_e4379d7f,a0c46036cc19092a,master,development,fault,lock,165.5,168.5,,,,,,,,,,,0,0,0.0,0.0,0,0,,,,
30639_e4379d7f,a0c46036cc19092a,rover,development,fault,lock,165.5,168.5,0.12186167910499171,0.12184848578179805,0.09838491179439326,0.09827478415886294,0.0848236816388249,0.08467744139705548,0.24437122371621567,0.24437122371621567,0.15777796614564962,0.15777796614564962,100,100,0.15151515151515152,0.15151515151515152,0,0,,,,
