metric,baseline,candidate,absolute_delta,percent_delta
macro_rmse,0.09266814298282507,0.09270419920529231,3.60562224672456e-05,0.038908972713436185
fault_macro,0.2375486120563008,0.2364976802392506,-0.0010509318170501825,-0.4424070542669023
pooled_rmse,0.1293056944774334,0.12930721850985144,1.5240324180432196e-06,0.0011786274565883659
distance_macro,5.310295004801444,5.308221262650749,-0.0020737421506948905,-0.039051354940167204
mean_recovery_s,0.8222337428571304,0.8284837428571302,0.006249999999999867,0.7601244845878208
low_speed_event_rmse,0.3685456733063761,0.372882745940232,0.00433707263385591,1.1768073668987133
common_mode_event_rmse,0.10063227230134311,0.10016120672992346,-0.00047106557141965433,-0.46810586767737083
diagnostic_event_rmse,0.11966840438354671,0.1207759261987725,0.0011075218152257899,0.9254922558139089
full_faulted_distance,6.269376947281123,6.281890128750183,0.012513181469059553,0.1995921057910799
