elapsed_s,rss_bytes,cpu_seconds
4e-07,83574784,0.46
1.000944455,83836928,0.61
2.001652101,84099072,0.71
3.001852215,84099072,0.8
4.002896379,84099072,0.9
5.00380952,84099072,1.0
6.003932098,84099072,1.1
7.004120702,84099072,1.2
8.004972115,84099072,1.29
9.00508703,84099072,1.39
10.005088696,84099072,1.48
11.005313318,84099072,1.58
12.006215108,84099072,1.67
13.007034914,84230144,1.76
14.007617763,84230144,1.85
15.008498253,84230144,1.95
16.009638306,84230144,2.05
17.009671839,84230144,2.15
18.010753426,84230144,2.25
19.010920075,84230144,2.34
20.01164992,84230144,2.44
21.011770471,84230144,2.54
22.011783983,84230144,2.64
23.012787054,84230144,2.75
24.013113498,84230144,2.85
25.013214803,84230144,2.94
26.014121174,84230144,3.05
27.0152057,84230144,3.15
28.015222422,84230144,3.24
29.016361179,84230144,3.35
30.016681133,84230144,3.44
31.017508141,84230144,3.55
32.017643852,84230144,3.65
33.017683795,84230144,3.74
34.017691556,84230144,3.84
35.018787558,84230144,3.93
36.019658965,84230144,4.03
37.020781811,84230144,4.12
38.02091224,84230144,4.22
39.022035074,84230144,4.31
40.02311114,84230144,4.41
41.023373994,84361216,4.5
42.024387039,84361216,4.6
43.025527647,84361216,4.7
44.025546671,84361216,4.79
45.026668919,84361216,4.88
46.027656602,84361216,4.98
47.02782861,84361216,5.09
48.028795467,84361216,5.18
49.028820783,84361216,5.27
50.028973325,84361216,5.37
51.029950246,84361216,5.46
52.031089381,84361216,5.55
53.031271546,84361216,5.65
54.03146693,84361216,5.74
55.031474919,84361216,5.84
56.031908739,84361216,5.93
57.032625465,84361216,6.02
58.032762458,84361216,6.13
59.032783624,84361216,6.24
60.033666935,84361216,6.35
61.034189836,84361216,6.45
62.03467831,84361216,6.55
63.035674111,84361216,6.64
64.036470059,84361216,6.74
65.037006872,84361216,6.84
66.037340739,84361216,6.94
67.038092356,84361216,7.04
68.038922894,84361216,7.13
69.03922793,84361216,7.23
70.039549541,84361216,7.32
71.040534683,84361216,7.42
72.041122517,84361216,7.51
73.041141694,84361216,7.62
74.041463857,84361216,7.71
75.041866362,84361216,7.81
76.042995694,84361216,7.9
77.043791831,84361216,7.99
78.044410233,84361216,8.09
79.04481926,84361216,8.18
80.044880202,84361216,8.27
81.045100501,84361216,8.37
82.045178709,84361216,8.46
83.045323575,84361216,8.56
84.046473503,84361216,8.65
85.047332748,84361216,8.75
86.047337164,84361216,8.84
87.047522238,84361216,8.93
88.048606973,84361216,9.03
89.049493891,84361216,9.12
90.049667966,84361216,9.21
91.049978428,84361216,9.31
92.049994091,84361216,9.4
93.050957035,84361216,9.49
94.051179151,84361216,9.59
95.052236971,84361216,9.69
96.053200664,84361216,9.79
97.054204898,84361216,9.88
98.054215024,84361216,9.98
99.05451441,84361216,10.08
100.055536536,84361216,10.18
101.056506587,84361216,10.27
102.056646454,84361216,10.37
103.056668765,84361216,10.47
104.057805764,84361216,10.57
105.058776949,84361216,10.66
106.059101901,84361216,10.77
107.059931543,84361216,10.86
108.060033889,84361216,10.96
109.06107928,84361216,11.06
110.06221626,84361216,11.16
111.06320783,84361216,11.25
112.06356053,84361216,11.34
113.064379011,84361216,11.45
114.064558411,84361216,11.54
115.064562172,84361216,11.63
116.064722526,84361216,11.73
117.06535576,84361216,11.83
118.065876756,84361216,11.93
119.066676718,84361216,12.02
120.066856459,84361216,12.12
121.067037123,84361216,12.22
122.068134333,84361216,12.31
123.068636147,84361216,12.41
124.06913979,84361216,12.51
125.069159087,84361216,12.61
126.069302622,84361216,12.71
127.070111483,84361216,12.81
128.070465002,84361216,12.91
129.071475408,84361216,13.01
130.071513109,84361216,13.11
131.072616466,84361216,13.21
132.073725033,84361216,13.31
133.074573006,84361216,13.41
134.074857011,84361216,13.51
135.075975895,84361216,13.61
136.07607631,84361216,13.7
137.077115946,84361216,13.8
138.078031221,84361216,13.89
139.078031465,84361216,13.99
140.078357027,84361216,14.08
141.078361127,84361216,14.18
142.079312183,84361216,14.27
143.079485748,84361216,14.37
144.080506343,84361216,14.46
145.080671483,84361216,14.55
146.080784794,84361216,14.65
147.08120141,84361216,14.74
148.081369079,84361216,14.83
149.081642717,84361216,14.93
150.081652677,84361216,15.02
151.08180117,84361216,15.12
152.082929638,84361216,15.21
153.082964432,84361216,15.31
154.084087378,84361216,15.4
155.085105679,84361216,15.5
156.085971866,84361216,15.59
157.086241014,84361216,15.68
158.087268121,84361216,15.77
159.087371884,84361216,15.87
160.087511059,84361216,15.96
161.088468487,84361216,16.05
162.089518132,84361216,16.15
163.089805737,84361216,16.24
164.090498497,84361216,16.34
165.091639369,84361216,16.44
166.092056303,84361216,16.53
167.092099826,84361216,16.63
168.093332967,84361216,16.73
169.093835412,84361216,16.82
170.094472304,84361216,16.91
171.094721887,84361216,17.01
172.094744398,84361216,17.1
173.095875849,84361216,17.2
174.095923366,84361216,17.3
175.095977786,84361216,17.39
176.097058567,84361216,17.48
177.098019854,84361216,17.57
178.098296595,84361216,17.67
179.099262065,84361216,17.77
180.099903715,84361216,17.85
