bag,group,receiver,n,baseline_rmse_mps,candidate_rmse_mps,delta_percent,baseline_distance_m,candidate_distance_m
30618_0652866c,8269991eafa82c45,master,28586,0.03581761396605538,0.03576507121469067,-0.146695286331755,0.3470724769444702,0.3500191124286811
30618_0652866c,8269991eafa82c45,rover,27714,0.03639643781273983,0.036347745403299325,-0.13378344796001196,0.4759879524296647,0.4787365091550201
30618_073f08d1,8269991eafa82c45,master,24724,0.03348245154291824,0.03342812982132025,-0.16223937942048128,0.22510198625126168,0.22754181852400912
30618_073f08d1,8269991eafa82c45,rover,24530,0.03438795608244706,0.0343392560266427,-0.14161951262121608,0.5466859334919867,0.5505316792101306
30618_117c2d02,664cca45aeb0db23,master,0,,,,,
30618_117c2d02,664cca45aeb0db23,rover,0,,,,,
30618_1551d0a9,8269991eafa82c45,master,22,0.003942772444036626,0.003942772444036626,0.0,0.0022139408508153715,0.0022139408508153715
30618_1551d0a9,8269991eafa82c45,rover,22,0.004033946860424326,0.004033946860424326,0.0,0.002231565899460818,0.002231565899460818
30618_27e994fc,711abb923942f9fe,master,37199,0.16363254547951553,0.16363761590437725,0.0030986652727715835,1.6812826250370876,1.6835803169782904
30618_27e994fc,711abb923942f9fe,rover,37143,0.15909625801028546,0.15910228564256734,0.0037886700525069372,1.116948628798278,1.1193496963734229
30618_3e012faf,664cca45aeb0db23,master,0,,,,,
30618_3e012faf,664cca45aeb0db23,rover,0,,,,,
30618_46e21b9b,664cca45aeb0db23,master,0,,,,,
30618_46e21b9b,664cca45aeb0db23,rover,0,,,,,
30618_5036aa78,664cca45aeb0db23,master,0,,,,,
30618_5036aa78,664cca45aeb0db23,rover,0,,,,,
30618_74559c73,664cca45aeb0db23,master,0,,,,,
30618_74559c73,664cca45aeb0db23,rover,0,,,,,
30618_88548b02,711abb923942f9fe,master,24833,0.050336406717138904,0.050245155935813204,-0.18128187385022532,2.8397907385231904,2.845440741108369
30618_88548b02,711abb923942f9fe,rover,24673,0.05086529861779218,0.0507801334196261,-0.16743280877208333,1.9392125883370643,1.940956769451285
30618_bcc9e7a2,664cca45aeb0db23,master,0,,,,,
30618_bcc9e7a2,664cca45aeb0db23,rover,0,,,,,
30618_e151d6e4,664cca45aeb0db23,master,0,,,,,
30618_e151d6e4,664cca45aeb0db23,rover,0,,,,,
30639_0ab96c59,2cd82bc27dbad052,master,1592,0.018981005982407435,0.018876350405025437,-0.5513700247447351,0.11011468379779153,0.11344673608248423
30639_0ab96c59,2cd82bc27dbad052,rover,1592,0.019389049497011826,0.0192457106858132,-0.7392771431148137,0.13322449416239673,0.13664609522498705
30639_9c362687,a8a4c11ebcc1dde2,master,27156,0.07832969221186231,0.07832988482823582,0.00024590467300189545,16.067518821165372,15.992327269638508
30639_9c362687,a8a4c11ebcc1dde2,rover,27096,0.16237357481214673,0.16237904265752734,0.0033674478048029144,19.212920562989922,19.128688764913996
30639_c31df386,70bb14d1c90f301f,master,24006,0.06253184971146651,0.06250663001637743,-0.04033095967166389,4.058011804137411,4.039033284825161
30639_c31df386,70bb14d1c90f301f,rover,27162,0.06488326117957367,0.06485037368940097,-0.05068717196825556,28.322408034794446,28.24645655200308
30639_dce52be4,70bb14d1c90f301f,master,21963,0.3600590120977054,0.36005029774469816,-0.002420256878588045,11.266619291972654,11.24805923268624
30639_dce52be4,70bb14d1c90f301f,rover,22798,0.10320819551241453,0.10318358575407902,-0.023844771447447978363,3.9919015095513934,3.9785828911070724
30639_e4379d7f,a0c46036cc19092a,master,0,,,,,
30639_e4379d7f,a0c46036cc19092a,rover,11410,0.13814212669565956,0.13813253923002078,-0.0069402910380156335,0.02928796648509978,0.029047694165211954
