suite,bag,group,receiver,model,fault,start,end,n,coverage,rmse,mae,bias,p95,event_rmse,recovery_s,false_stop_samples,distance_rmse
clean,30618_0652866c,8269991eafa82c45,master,v7_baseline,,,,28586,0.9787379737734104,0.03581761396605538,0.025328524151279418,-0.011421300051586581,0.07223971684486141,,,0,0.3470724769444702
clean,30618_0652866c,8269991eafa82c45,master,H14_async_pairs,,,,28586,0.9787379737734104,0.03581761396605538,0.025328524151279418,-0.011421300051586581,0.07223971684486141,,,0,0.3470724769444702
clean,30618_0652866c,8269991eafa82c45,master,H14_off,,,,28586,0.9787379737734104,0.03581761396605538,0.025328524151279418,-0.011421300051586581,0.07223971684486141,,,0,0.3470724769444702
clean,30618_0652866c,8269991eafa82c45,master,v7_hook,,,,28586,0.9787379737734104,0.03581761396605538,0.025328524151279418,-0.011421300051586581,0.07223971684486141,,,0,0.3470724769444702
clean,30618_0652866c,8269991eafa82c45,rover,v7_baseline,,,,27714,0.9488821173006471,0.03639643781273983,0.025289953323253747,-0.011361611597974101,0.07483102095709845,,,0,0.4759879524296647
clean,30618_0652866c,8269991eafa82c45,rover,H14_async_pairs,,,,27714,0.9488821173006471,0.03639643781273983,0.025289953323253747,-0.011361611597974101,0.07483102095709845,,,0,0.4759879524296647
clean,30618_0652866c,8269991eafa82c45,rover,H14_off,,,,27714,0.9488821173006471,0.03639643781273983,0.025289953323253747,-0.011361611597974101,0.07483102095709845,,,0,0.4759879524296647
clean,30618_0652866c,8269991eafa82c45,rover,v7_hook,,,,27714,0.9488821173006471,0.03639643781273983,0.025289953323253747,-0.011361611597974101,0.07483102095709845,,,0,0.4759879524296647
clean,30618_073f08d1,8269991eafa82c45,master,v7_baseline,,,,24724,0.9720081773863815,0.03348245154291824,0.023108869787608212,-0.006070035787324373,0.06937720395129368,,,0,0.22510198625126168
clean,30618_073f08d1,8269991eafa82c45,master,H14_async_pairs,,,,24724,0.9720081773863815,0.03348245154291824,0.023108869787608212,-0.006070035787324373,0.06937720395129368,,,0,0.22510198625126168
clean,30618_073f08d1,8269991eafa82c45,master,H14_off,,,,24724,0.9720081773863815,0.03348245154291824,0.023108869787608212,-0.006070035787324373,0.06937720395129368,,,0,0.22510198625126168
clean,30618_073f08d1,8269991eafa82c45,master,v7_hook,,,,24724,0.9720081773863815,0.03348245154291824,0.023108869787608212,-0.006070035787324373,0.06937720395129368,,,0,0.22510198625126168
clean,30618_073f08d1,8269991eafa82c45,rover,v7_baseline,,,,24530,0.9643811920113226,0.03438795608244706,0.024009384607715595,-0.006689857347010079,0.0719216728809112,,,0,0.5466859334919867
clean,30618_073f08d1,8269991eafa82c45,rover,H14_async_pairs,,,,24530,0.9643811920113226,0.03438795608244706,0.024009384607715595,-0.006689857347010079,0.0719216728809112,,,0,0.5466859334919867
clean,30618_073f08d1,8269991eafa82c45,rover,H14_off,,,,24530,0.9643811920113226,0.03438795608244706,0.024009384607715595,-0.006689857347010079,0.0719216728809112,,,0,0.5466859334919867
clean,30618_073f08d1,8269991eafa82c45,rover,v7_hook,,,,24530,0.9643811920113226,0.03438795608244706,0.024009384607715595,-0.006689857347010079,0.0719216728809112,,,0,0.5466859334919867
clean,30618_117c2d02,664cca45aeb0db23,master,v7_baseline,,,,0,0.0,,,,,,,0,
clean,30618_117c2d02,664cca45aeb0db23,master,H14_async_pairs,,,,0,0.0,,,,,,,0,
clean,30618_117c2d02,664cca45aeb0db23,master,H14_off,,,,0,0.0,,,,,,,0,
clean,30618_117c2d02,664cca45aeb0db23,master,v7_hook,,,,0,0.0,,,,,,,0,
clean,30618_117c2d02,664cca45aeb0db23,rover,v7_baseline,,,,0,0.0,,,,,,,0,
clean,30618_117c2d02,664cca45aeb0db23,rover,H14_async_pairs,,,,0,0.0,,,,,,,0,
clean,30618_117c2d02,664cca45aeb0db23,rover,H14_off,,,,0,0.0,,,,,,,0,
clean,30618_117c2d02,664cca45aeb0db23,rover,v7_hook,,,,0,0.0,,,,,,,0,
clean,30618_1551d0a9,8269991eafa82c45,master,v7_baseline,,,,22,0.9565217391304348,0.003942772444036626,0.003545454545454546,-0.003545454545454546,0.00695,,,0,0.0022139408508153715
clean,30618_1551d0a9,8269991eafa82c45,master,H14_async_pairs,,,,22,0.9565217391304348,0.003942772444036626,0.003545454545454546,-0.003545454545454546,0.00695,,,0,0.0022139408508153715
clean,30618_1551d0a9,8269991eafa82c45,master,H14_off,,,,22,0.9565217391304348,0.003942772444036626,0.003545454545454546,-0.003545454545454546,0.00695,,,0,0.0022139408508153715
clean,30618_1551d0a9,8269991eafa82c45,master,v7_hook,,,,22,0.9565217391304348,0.003942772444036626,0.003545454545454546,-0.003545454545454546,0.00695,,,0,0.0022139408508153715
clean,30618_1551d0a9,8269991eafa82c45,rover,v7_baseline,,,,22,0.9565217391304348,0.004033946860424326,0.0033636363636363647,-0.0033636363636363647,0.007,,,0,0.002231565899460818
clean,30618_1551d0a9,8269991eafa82c45,rover,H14_async_pairs,,,,22,0.9565217391304348,0.004033946860424326,0.0033636363636363647,-0.0033636363636363647,0.007,,,0,0.002231565899460818
clean,30618_1551d0a9,8269991eafa82c45,rover,H14_off,,,,22,0.9565217391304348,0.004033946860424326,0.0033636363636363647,-0.0033636363636363647,0.007,,,0,0.002231565899460818
clean,30618_1551d0a9,8269991eafa82c45,rover,v7_hook,,,,22,0.9565217391304348,0.004033946860424326,0.0033636363636363647,-0.0033636363636363647,0.007,,,0,0.002231565899460818
clean,30618_27e994fc,711abb923942f9fe,master,v7_baseline,,,,37199,0.9803399657398867,0.16363254547951553,0.042800840605809985,-0.026264077712623596,0.12450286937004977,,,0,1.6812826250370876
clean,30618_27e994fc,711abb923942f9fe,master,H14_async_pairs,,,,37199,0.9803399657398867,0.16363254547951553,0.042800840605809985,-0.026264077712623596,0.12450286937004977,,,0,1.6812826250370876
clean,30618_27e994fc,711abb923942f9fe,master,H14_off,,,,37199,0.9803399657398867,0.16363254547951553,0.042800840605809985,-0.026264077712623596,0.12450286937004977,,,0,1.6812826250370876
clean,30618_27e994fc,711abb923942f9fe,master,v7_hook,,,,37199,0.9803399657398867,0.16363254547951553,0.042800840605809985,-0.026264077712623596,0.12450286937004977,,,0,1.6812826250370876
clean,30618_27e994fc,711abb923942f9fe,rover,v7_baseline,,,,37143,0.9788641454737119,0.15909625801028546,0.04155353317847114,-0.028081437516887502,0.12327414179729806,,,0,1.116948628798278
clean,30618_27e994fc,711abb923942f9fe,rover,H14_async_pairs,,,,37143,0.9788641454737119,0.15909625801028546,0.04155353317847114,-0.028081437516887502,0.12327414179729806,,,0,1.116948628798278
clean,30618_27e994fc,711abb923942f9fe,rover,H14_off,,,,37143,0.9788641454737119,0.15909625801028546,0.04155353317847114,-0.028081437516887502,0.12327414179729806,,,0,1.116948628798278
clean,30618_27e994fc,711abb923942f9fe,rover,v7_hook,,,,37143,0.9788641454737119,0.15909625801028546,0.04155353317847114,-0.028081437516887502,0.12327414179729806,,,0,1.116948628798278
clean,30618_3e012faf,664cca45aeb0db23,master,v7_baseline,,,,0,0.0,,,,,,,0,
clean,30618_3e012faf,664cca45aeb0db23,master,H14_async_pairs,,,,0,0.0,,,,,,,0,
clean,30618_3e012faf,664cca45aeb0db23,master,H14_off,,,,0,0.0,,,,,,,0,
clean,30618_3e012faf,664cca45aeb0db23,master,v7_hook,,,,0,0.0,,,,,,,0,
clean,30618_3e012faf,664cca45aeb0db23,rover,v7_baseline,,,,0,0.0,,,,,,,0,
clean,30618_3e012faf,664cca45aeb0db23,rover,H14_async_pairs,,,,0,0.0,,,,,,,0,
clean,30618_3e012faf,664cca45aeb0db23,rover,H14_off,,,,0,0.0,,,,,,,0,
clean,30618_3e012faf,664cca45aeb0db23,rover,v7_hook,,,,0,0.0,,,,,,,0,
clean,30618_46e21b9b,664cca45aeb0db23,master,v7_baseline,,,,0,0.0,,,,,,,0,
clean,30618_46e21b9b,664cca45aeb0db23,master,H14_async_pairs,,,,0,0.0,,,,,,,0,
clean,30618_46e21b9b,664cca45aeb0db23,master,H14_off,,,,0,0.0,,,,,,,0,
clean,30618_46e21b9b,664cca45aeb0db23,master,v7_hook,,,,0,0.0,,,,,,,0,
clean,30618_46e21b9b,664cca45aeb0db23,rover,v7_baseline,,,,0,0.0,,,,,,,0,
clean,30618_46e21b9b,664cca45aeb0db23,rover,H14_async_pairs,,,,0,0.0,,,,,,,0,
clean,30618_46e21b9b,664cca45aeb0db23,rover,H14_off,,,,0,0.0,,,,,,,0,
clean,30618_46e21b9b,664cca45aeb0db23,rover,v7_hook,,,,0,0.0,,,,,,,0,
clean,30618_5036aa78,664cca45aeb0db23,master,v7_baseline,,,,0,0.0,,,,,,,0,
clean,30618_5036aa78,664cca45aeb0db23,master,H14_async_pairs,,,,0,0.0,,,,,,,0,
clean,30618_5036aa78,664cca45aeb0db23,master,H14_off,,,,0,0.0,,,,,,,0,
clean,30618_5036aa78,664cca45aeb0db23,master,v7_hook,,,,0,0.0,,,,,,,0,
clean,30618_5036aa78,664cca45aeb0db23,rover,v7_baseline,,,,0,0.0,,,,,,,0,
clean,30618_5036aa78,664cca45aeb0db23,rover,H14_async_pairs,,,,0,0.0,,,,,,,0,
clean,30618_5036aa78,664cca45aeb0db23,rover,H14_off,,,,0,0.0,,,,,,,0,
clean,30618_5036aa78,664cca45aeb0db23,rover,v7_hook,,,,0,0.0,,,,,,,0,
clean,30618_74559c73,664cca45aeb0db23,master,v7_baseline,,,,0,0.0,,,,,,,0,
clean,30618_74559c73,664cca45aeb0db23,master,H14_async_pairs,,,,0,0.0,,,,,,,0,
clean,30618_74559c73,664cca45aeb0db23,master,H14_off,,,,0,0.0,,,,,,,0,
clean,30618_74559c73,664cca45aeb0db23,master,v7_hook,,,,0,0.0,,,,,,,0,
clean,30618_74559c73,664cca45aeb0db23,rover,v7_baseline,,,,0,0.0,,,,,,,0,
clean,30618_74559c73,664cca45aeb0db23,rover,H14_async_pairs,,,,0,0.0,,,,,,,0,
clean,30618_74559c73,664cca45aeb0db23,rover,H14_off,,,,0,0.0,,,,,,,0,
clean,30618_74559c73,664cca45aeb0db23,rover,v7_hook,,,,0,0.0,,,,,,,0,
clean,30618_88548b02,711abb923942f9fe,master,v7_baseline,,,,24833,0.9909021986353298,0.050336406717138904,0.03654137905188038,-0.030652837222753776,0.10232414189425944,,,0,2.8397907385231904
clean,30618_88548b02,711abb923942f9fe,master,H14_async_pairs,,,,24833,0.9909021986353298,0.050336406717138904,0.03654137905188038,-0.030652837222753776,0.10232414189425944,,,0,2.8397907385231904
clean,30618_88548b02,711abb923942f9fe,master,H14_off,,,,24833,0.9909021986353298,0.050336406717138904,0.03654137905188038,-0.030652837222753776,0.10232414189425944,,,0,2.8397907385231904
clean,30618_88548b02,711abb923942f9fe,master,v7_hook,,,,24833,0.9909021986353298,0.050336406717138904,0.03654137905188038,-0.030652837222753776,0.10232414189425944,,,0,2.8397907385231904
clean,30618_88548b02,711abb923942f9fe,rover,v7_baseline,,,,24673,0.9845177766250349,0.05086529861779218,0.03695173712221383,-0.03100029830590161,0.1037368000021362,,,0,1.9392125883370643
clean,30618_88548b02,711abb923942f9fe,rover,H14_async_pairs,,,,24673,0.9845177766250349,0.05086529861779218,0.03695173712221383,-0.03100029830590161,0.1037368000021362,,,0,1.9392125883370643
clean,30618_88548b02,711abb923942f9fe,rover,H14_off,,,,24673,0.9845177766250349,0.05086529861779218,0.03695173712221383,-0.03100029830590161,0.1037368000021362,,,0,1.9392125883370643
clean,30618_88548b02,711abb923942f9fe,rover,v7_hook,,,,24673,0.9845177766250349,0.05086529861779218,0.03695173712221383,-0.03100029830590161,0.1037368000021362,,,0,1.9392125883370643
clean,30618_bcc9e7a2,664cca45aeb0db23,master,v7_baseline,,,,0,0.0,,,,,,,0,
clean,30618_bcc9e7a2,664cca45aeb0db23,master,H14_async_pairs,,,,0,0.0,,,,,,,0,
clean,30618_bcc9e7a2,664cca45aeb0db23,master,H14_off,,,,0,0.0,,,,,,,0,
clean,30618_bcc9e7a2,664cca45aeb0db23,master,v7_hook,,,,0,0.0,,,,,,,0,
clean,30618_bcc9e7a2,664cca45aeb0db23,rover,v7_baseline,,,,0,0.0,,,,,,,0,
clean,30618_bcc9e7a2,664cca45aeb0db23,rover,H14_async_pairs,,,,0,0.0,,,,,,,0,
clean,30618_bcc9e7a2,664cca45aeb0db23,rover,H14_off,,,,0,0.0,,,,,,,0,
clean,30618_bcc9e7a2,664cca45aeb0db23,rover,v7_hook,,,,0,0.0,,,,,,,0,
clean,30618_e151d6e4,664cca45aeb0db23,master,v7_baseline,,,,0,0.0,,,,,,,0,
clean,30618_e151d6e4,664cca45aeb0db23,master,H14_async_pairs,,,,0,0.0,,,,,,,0,
clean,30618_e151d6e4,664cca45aeb0db23,master,H14_off,,,,0,0.0,,,,,,,0,
clean,30618_e151d6e4,664cca45aeb0db23,master,v7_hook,,,,0,0.0,,,,,,,0,
clean,30618_e151d6e4,664cca45aeb0db23,rover,v7_baseline,,,,0,0.0,,,,,,,0,
clean,30618_e151d6e4,664cca45aeb0db23,rover,H14_async_pairs,,,,0,0.0,,,,,,,0,
clean,30618_e151d6e4,664cca45aeb0db23,rover,H14_off,,,,0,0.0,,,,,,,0,
clean,30618_e151d6e4,664cca45aeb0db23,rover,v7_hook,,,,0,0.0,,,,,,,0,
clean,30639_0ab96c59,2cd82bc27dbad052,master,v7_baseline,,,,1592,0.9993722536095417,0.018981005982407435,0.006284063129902641,-0.002179024853688053,0.013528623835174438,,,0,0.11011468379779153
clean,30639_0ab96c59,2cd82bc27dbad052,master,H14_async_pairs,,,,1592,0.9993722536095417,0.018981005982407435,0.006284063129902641,-0.002179024853688053,0.013528623835174438,,,0,0.11011468379779153
clean,30639_0ab96c59,2cd82bc27dbad052,master,H14_off,,,,1592,0.9993722536095417,0.018981005982407435,0.006284063129902641,-0.002179024853688053,0.013528623835174438,,,0,0.11011468379779153
clean,30639_0ab96c59,2cd82bc27dbad052,master,v7_hook,,,,1592,0.9993722536095417,0.018981005982407435,0.006284063129902641,-0.002179024853688053,0.013528623835174438,,,0,0.11011468379779153
clean,30639_0ab96c59,2cd82bc27dbad052,rover,v7_baseline,,,,1592,0.9993722536095417,0.019389049497011826,0.006765810322137451,-0.0025772660597182034,0.015999999999999997,,,0,0.13322449416239673
clean,30639_0ab96c59,2cd82bc27dbad052,rover,H14_async_pairs,,,,1592,0.9993722536095417,0.019389049497011826,0.006765810322137451,-0.0025772660597182034,0.015999999999999997,,,0,0.13322449416239673
clean,30639_0ab96c59,2cd82bc27dbad052,rover,H14_off,,,,1592,0.9993722536095417,0.019389049497011826,0.006765810322137451,-0.0025772660597182034,0.015999999999999997,,,0,0.13322449416239673
clean,30639_0ab96c59,2cd82bc27dbad052,rover,v7_hook,,,,1592,0.9993722536095417,0.019389049497011826,0.006765810322137451,-0.0025772660597182034,0.015999999999999997,,,0,0.13322449416239673
clean,30639_9c362687,a8a4c11ebcc1dde2,master,v7_baseline,,,,27156,0.9988230101515374,0.07832969221186231,0.04530803814455253,0.01955911724427634,0.11421708881508164,,,0,16.067518821165372
clean,30639_9c362687,a8a4c11ebcc1dde2,master,H14_async_pairs,,,,27156,0.9988230101515374,0.07832969221186231,0.04530803814455253,0.01955911724427634,0.11421708881508164,,,0,16.067518821165372
clean,30639_9c362687,a8a4c11ebcc1dde2,master,H14_off,,,,27156,0.9988230101515374,0.07832969221186231,0.04530803814455253,0.01955911724427634,0.11421708881508164,,,0,16.067518821165372
clean,30639_9c362687,a8a4c11ebcc1dde2,master,v7_hook,,,,27156,0.9988230101515374,0.07832969221186231,0.04530803814455253,0.01955911724427634,0.11421708881508164,,,0,16.067518821165372
clean,30639_9c362687,a8a4c11ebcc1dde2,rover,v7_baseline,,,,27096,0.9966161541856702,0.16237357481214673,0.05247213454195867,0.01978766358173068,0.12219023038955679,,,0,19.212920562989922
clean,30639_9c362687,a8a4c11ebcc1dde2,rover,H14_async_pairs,,,,27096,0.9966161541856702,0.16237357481214673,0.05247213454195867,0.01978766358173068,0.12219023038955679,,,0,19.212920562989922
clean,30639_9c362687,a8a4c11ebcc1dde2,rover,H14_off,,,,27096,0.9966161541856702,0.16237357481214673,0.05247213454195867,0.01978766358173068,0.12219023038955679,,,0,19.212920562989922
clean,30639_9c362687,a8a4c11ebcc1dde2,rover,v7_hook,,,,27096,0.9966161541856702,0.16237357481214673,0.05247213454195867,0.01978766358173068,0.12219023038955679,,,0,19.212920562989922
clean,30639_c31df386,70bb14d1c90f301f,master,v7_baseline,,,,24006,0.8811158010644154,0.06253184971146651,0.046091496620704005,0.028717676524354117,0.1276898592840081,,,0,4.058011804137411
clean,30639_c31df386,70bb14d1c90f301f,master,H14_async_pairs,,,,24006,0.8811158010644154,0.06253184971146651,0.046091496620704005,0.028717676524354117,0.1276898592840081,,,0,4.058011804137411
clean,30639_c31df386,70bb14d1c90f301f,master,H14_off,,,,24006,0.8811158010644154,0.06253184971146651,0.046091496620704005,0.028717676524354117,0.1276898592840081,,,0,4.058011804137411
clean,30639_c31df386,70bb14d1c90f301f,master,v7_hook,,,,24006,0.8811158010644154,0.06253184971146651,0.046091496620704005,0.028717676524354117,0.1276898592840081,,,0,4.058011804137411
clean,30639_c31df386,70bb14d1c90f301f,rover,v7_baseline,,,,27162,0.9969535694622866,0.06488326117957367,0.04730059884625296,0.03258407515642759,0.13204690067272268,,,0,28.322408034794446
clean,30639_c31df386,70bb14d1c90f301f,rover,H14_async_pairs,,,,27162,0.9969535694622866,0.06488326117957367,0.04730059884625296,0.03258407515642759,0.13204690067272268,,,0,28.322408034794446
clean,30639_c31df386,70bb14d1c90f301f,rover,H14_off,,,,27162,0.9969535694622866,0.06488326117957367,0.04730059884625296,0.03258407515642759,0.13204690067272268,,,0,28.322408034794446
clean,30639_c31df386,70bb14d1c90f301f,rover,v7_hook,,,,27162,0.9969535694622866,0.06488326117957367,0.04730059884625296,0.03258407515642759,0.13204690067272268,,,0,28.322408034794446
clean,30639_dce52be4,70bb14d1c90f301f,master,v7_baseline,,,,21963,0.9580788693072763,0.3600590120977054,0.061033525620136996,0.047715848332589975,0.12187388870653612,,,0,11.266619291972654
clean,30639_dce52be4,70bb14d1c90f301f,master,H14_async_pairs,,,,21963,0.9580788693072763,0.3600590120977054,0.061033525620136996,0.047715848332589975,0.12187388870653612,,,0,11.266619291972654
clean,30639_dce52be4,70bb14d1c90f301f,master,H14_off,,,,21963,0.9580788693072763,0.3600590120977054,0.061033525620136996,0.047715848332589975,0.12187388870653612,,,0,11.266619291972654
clean,30639_dce52be4,70bb14d1c90f301f,master,v7_hook,,,,21963,0.9580788693072763,0.3600590120977054,0.061033525620136996,0.047715848332589975,0.12187388870653612,,,0,11.266619291972654
clean,30639_dce52be4,70bb14d1c90f301f,rover,v7_baseline,,,,22798,0.9945035770371663,0.10320819551241453,0.053495927559678,0.03982032099672915,0.12686949016965424,,,0,3.9919015095513934
clean,30639_dce52be4,70bb14d1c90f301f,rover,H14_async_pairs,,,,22798,0.9945035770371663,0.10320819551241453,0.053495927559678,0.03982032099672915,0.12686949016965424,,,0,3.9919015095513934
clean,30639_dce52be4,70bb14d1c90f301f,rover,H14_off,,,,22798,0.9945035770371663,0.10320819551241453,0.053495927559678,0.03982032099672915,0.12686949016965424,,,0,3.9919015095513934
clean,30639_dce52be4,70bb14d1c90f301f,rover,v7_hook,,,,22798,0.9945035770371663,0.10320819551241453,0.053495927559678,0.03982032099672915,0.12686949016965424,,,0,3.9919015095513934
clean,30639_e4379d7f,a0c46036cc19092a,master,v7_baseline,,,,0,0.0,,,,,,,0,
clean,30639_e4379d7f,a0c46036cc19092a,master,H14_async_pairs,,,,0,0.0,,,,,,,0,
clean,30639_e4379d7f,a0c46036cc19092a,master,H14_off,,,,0,0.0,,,,,,,0,
clean,30639_e4379d7f,a0c46036cc19092a,master,v7_hook,,,,0,0.0,,,,,,,0,
clean,30639_e4379d7f,a0c46036cc19092a,rover,v7_baseline,,,,11410,0.3966764010568766,0.13814212669565956,0.04530186424414684,0.019914317950860905,0.11662264361818621,,,0,0.02928796648509978
clean,30639_e4379d7f,a0c46036cc19092a,rover,H14_async_pairs,,,,11410,0.3966764010568766,0.13814212669565956,0.04530186424414684,0.019914317950860905,0.11662264361818621,,,0,0.02928796648509978
clean,30639_e4379d7f,a0c46036cc19092a,rover,H14_off,,,,11410,0.3966764010568766,0.13814212669565956,0.04530186424414684,0.019914317950860905,0.11662264361818621,,,0,0.02928796648509978
clean,30639_e4379d7f,a0c46036cc19092a,rover,v7_hook,,,,11410,0.3966764010568766,0.13814212669565956,0.04530186424414684,0.019914317950860905,0.11662264361818621,,,0,0.02928796648509978
original_fault,30618_0652866c,8269991eafa82c45,master,v7_baseline,bias,156.9,161.9,300,0.4291845493562232,0.03272535079417663,0.02492969588341831,-0.006788001148673842,0.06935872162869577,0.046062129388877174,0.006544645999980503,0,
original_fault,30618_0652866c,8269991eafa82c45,master,H14_async_pairs,bias,156.9,161.9,300,0.4291845493562232,0.03272535079417663,0.02492969588341831,-0.006788001148673842,0.06935872162869577,0.046062129388877174,0.006544645999980503,0,
original_fault,30618_0652866c,8269991eafa82c45,master,H14_off,bias,156.9,161.9,300,0.4291845493562232,0.03272535079417663,0.02492969588341831,-0.006788001148673842,0.06935872162869577,0.046062129388877174,0.006544645999980503,0,
original_fault,30618_0652866c,8269991eafa82c45,master,v7_hook,bias,156.9,161.9,300,0.4291845493562232,0.03272535079417663,0.02492969588341831,-0.006788001148673842,0.06935872162869577,0.046062129388877174,0.006544645999980503,0,
original_fault,30618_0652866c,8269991eafa82c45,rover,v7_baseline,bias,156.9,161.9,300,0.4291845493562232,0.03676987861681634,0.028762094182646827,-0.00672133448200718,0.0746185757748848,0.049277182132701,0.006544645999980503,0,
original_fault,30618_0652866c,8269991eafa82c45,rover,H14_async_pairs,bias,156.9,161.9,300,0.4291845493562232,0.03676987861681634,0.028762094182646827,-0.00672133448200718,0.0746185757748848,0.049277182132701,0.006544645999980503,0,
original_fault,30618_0652866c,8269991eafa82c45,rover,H14_off,bias,156.9,161.9,300,0.4291845493562232,0.03676987861681634,0.028762094182646827,-0.00672133448200718,0.0746185757748848,0.049277182132701,0.006544645999980503,0,
original_fault,30618_0652866c,8269991eafa82c45,rover,v7_hook,bias,156.9,161.9,300,0.4291845493562232,0.03676987861681634,0.028762094182646827,-0.00672133448200718,0.0746185757748848,0.049277182132701,0.006544645999980503,0,
original_fault,30618_0652866c,8269991eafa82c45,master,v7_baseline,dropout,156.9,161.9,300,0.4291845493562232,0.060735492283645706,0.03871130266178159,-0.028266980066455137,0.15125532413407242,0.09999648347634237,0.006544645999980503,0,
original_fault,30618_0652866c,8269991eafa82c45,master,H14_async_pairs,dropout,156.9,161.9,300,0.4291845493562232,0.060735492283645706,0.03871130266178159,-0.028266980066455137,0.15125532413407242,0.09999648347634237,0.006544645999980503,0,
original_fault,30618_0652866c,8269991eafa82c45,master,H14_off,dropout,156.9,161.9,300,0.4291845493562232,0.060735492283645706,0.03871130266178159,-0.028266980066455137,0.15125532413407242,0.09999648347634237,0.006544645999980503,0,
original_fault,30618_0652866c,8269991eafa82c45,master,v7_hook,dropout,156.9,161.9,300,0.4291845493562232,0.060735492283645706,0.03871130266178159,-0.028266980066455137,0.15125532413407242,0.09999648347634237,0.006544645999980503,0,
original_fault,30618_0652866c,8269991eafa82c45,rover,v7_baseline,dropout,156.9,161.9,300,0.4291845493562232,0.06378728804192392,0.042706669651826165,-0.02820031339978847,0.1566413773566227,0.10298372524688669,0.006544645999980503,0,
original_fault,30618_0652866c,8269991eafa82c45,rover,H14_async_pairs,dropout,156.9,161.9,300,0.4291845493562232,0.06378728804192392,0.042706669651826165,-0.02820031339978847,0.1566413773566227,0.10298372524688669,0.006544645999980503,0,
original_fault,30618_0652866c,8269991eafa82c45,rover,H14_off,dropout,156.9,161.9,300,0.4291845493562232,0.06378728804192392,0.042706669651826165,-0.02820031339978847,0.1566413773566227,0.10298372524688669,0.006544645999980503,0,
original_fault,30618_0652866c,8269991eafa82c45,rover,v7_hook,dropout,156.9,161.9,300,0.4291845493562232,0.06378728804192392,0.042706669651826165,-0.02820031339978847,0.1566413773566227,0.10298372524688669,0.006544645999980503,0,
original_fault,30618_0652866c,8269991eafa82c45,master,v7_baseline,dropout,156.9,166.9,400,0.5,0.14278282541009035,0.09794992338239354,-0.09071652905036885,0.32837830710219545,0.15780494520013125,1.2565446459999805,0,
original_fault,30618_0652866c,8269991eafa82c45,master,H14_async_pairs,dropout,156.9,166.9,400,0.5,0.14278282541009035,0.09794992338239354,-0.09071652905036885,0.32837830710219545,0.15780494520013125,1.2565446459999805,0,
original_fault,30618_0652866c,8269991eafa82c45,master,H14_off,dropout,156.9,166.9,400,0.5,0.14278282541009035,0.09794992338239354,-0.09071652905036885,0.32837830710219545,0.15780494520013125,1.2565446459999805,0,
original_fault,30618_0652866c,8269991eafa82c45,master,v7_hook,dropout,156.9,166.9,400,0.5,0.14278282541009035,0.09794992338239354,-0.09071652905036885,0.32837830710219545,0.15780494520013125,1.2565446459999805,0,
original_fault,30618_0652866c,8269991eafa82c45,rover,v7_baseline,dropout,156.9,166.9,400,0.5,0.1448776244264721,0.10157153848913819,-0.08643152905036883,0.3303845266293857,0.1604127348839681,1.2565446459999805,0,
original_fault,30618_0652866c,8269991eafa82c45,rover,H14_async_pairs,dropout,156.9,166.9,400,0.5,0.1448776244264721,0.10157153848913819,-0.08643152905036883,0.3303845266293857,0.1604127348839681,1.2565446459999805,0,
original_fault,30618_0652866c,8269991eafa82c45,rover,H14_off,dropout,156.9,166.9,400,0.5,0.1448776244264721,0.10157153848913819,-0.08643152905036883,0.3303845266293857,0.1604127348839681,1.2565446459999805,0,
original_fault,30618_0652866c,8269991eafa82c45,rover,v7_hook,dropout,156.9,166.9,400,0.5,0.1448776244264721,0.10157153848913819,-0.08643152905036883,0.3303845266293857,0.1604127348839681,1.2565446459999805,0,
original_fault,30618_0652866c,8269991eafa82c45,master,v7_baseline,lock,156.9,159.9,260,0.3945371775417299,0.032723406564617336,0.024876491227769155,-0.012854301665481875,0.0641047904467125,0.04609706040210767,0.006544645999980503,0,
original_fault,30618_0652866c,8269991eafa82c45,master,H14_async_pairs,lock,156.9,159.9,260,0.3945371775417299,0.032723406564617336,0.024876491227769155,-0.012854301665481875,0.0641047904467125,0.04609706040210767,0.006544645999980503,0,
original_fault,30618_0652866c,8269991eafa82c45,master,H14_off,lock,156.9,159.9,260,0.3945371775417299,0.032723406564617336,0.024876491227769155,-0.012854301665481875,0.0641047904467125,0.04609706040210767,0.006544645999980503,0,
original_fault,30618_0652866c,8269991eafa82c45,master,v7_hook,lock,156.9,159.9,260,0.3945371775417299,0.032723406564617336,0.024876491227769155,-0.012854301665481875,0.0641047904467125,0.04609706040210767,0.006544645999980503,0,
original_fault,30618_0652866c,8269991eafa82c45,rover,v7_baseline,lock,156.9,159.9,260,0.3945371775417299,0.03751089853930301,0.02921382728148195,-0.013815840127020335,0.07895312783187086,0.046350605584348885,0.006544645999980503,0,
original_fault,30618_0652866c,8269991eafa82c45,rover,H14_async_pairs,lock,156.9,159.9,260,0.3945371775417299,0.03751089853930301,0.02921382728148195,-0.013815840127020335,0.07895312783187086,0.046350605584348885,0.006544645999980503,0,
original_fault,30618_0652866c,8269991eafa82c45,rover,H14_off,lock,156.9,159.9,260,0.3945371775417299,0.03751089853930301,0.02921382728148195,-0.013815840127020335,0.07895312783187086,0.046350605584348885,0.006544645999980503,0,
original_fault,30618_0652866c,8269991eafa82c45,rover,v7_hook,lock,156.9,159.9,260,0.3945371775417299,0.03751089853930301,0.02921382728148195,-0.013815840127020335,0.07895312783187086,0.046350605584348885,0.006544645999980503,0,
original_fault,30618_073f08d1,8269991eafa82c45,master,v7_baseline,bias,127.60000000000001,132.60000000000002,296,0.4222539229671897,0.0719475947465785,0.05889268165063283,-0.056196096470605736,0.13832764441102985,0.08876829296488531,0.015782163999972454,0,
original_fault,30618_073f08d1,8269991eafa82c45,master,H14_async_pairs,bias,127.60000000000001,132.60000000000002,296,0.4222539229671897,0.0719475947465785,0.05889268165063283,-0.056196096470605736,0.13832764441102985,0.08876829296488531,0.015782163999972454,0,
original_fault,30618_073f08d1,8269991eafa82c45,master,H14_off,bias,127.60000000000001,132.60000000000002,296,0.4222539229671897,0.0719475947465785,0.05889268165063283,-0.056196096470605736,0.13832764441102985,0.08876829296488531,0.015782163999972454,0,
original_fault,30618_073f08d1,8269991eafa82c45,master,v7_hook,bias,127.60000000000001,132.60000000000002,296,0.4222539229671897,0.0719475947465785,0.05889268165063283,-0.056196096470605736,0.13832764441102985,0.08876829296488531,0.015782163999972454,0,
original_fault,30618_073f08d1,8269991eafa82c45,rover,v7_baseline,bias,127.60000000000001,132.60000000000002,270,0.38516405135520687,0.06770508521405613,0.055731847870782246,-0.05234431895582459,0.12995352136420435,0.08549924140752002,0.015782163999972454,0,
original_fault,30618_073f08d1,8269991eafa82c45,rover,H14_async_pairs,bias,127.60000000000001,132.60000000000002,270,0.38516405135520687,0.06770508521405613,0.055731847870782246,-0.05234431895582459,0.12995352136420435,0.08549924140752002,0.015782163999972454,0,
original_fault,30618_073f08d1,8269991eafa82c45,rover,H14_off,bias,127.60000000000001,132.60000000000002,270,0.38516405135520687,0.06770508521405613,0.055731847870782246,-0.05234431895582459,0.12995352136420435,0.08549924140752002,0.015782163999972454,0,
original_fault,30618_073f08d1,8269991eafa82c45,rover,v7_hook,bias,127.60000000000001,132.60000000000002,270,0.38516405135520687,0.06770508521405613,0.055731847870782246,-0.05234431895582459,0.12995352136420435,0.08549924140752002,0.015782163999972454,0,
original_fault,30618_073f08d1,8269991eafa82c45,master,v7_baseline,dropout,127.60000000000001,132.60000000000002,296,0.4222539229671897,0.4383886653479657,0.266062361201065,-0.26336581556990035,0.9976150616236689,0.7644039095639792,0.015782163999972454,0,
original_fault,30618_073f08d1,8269991eafa82c45,master,H14_async_pairs,dropout,127.60000000000001,132.60000000000002,296,0.4222539229671897,0.4383886653479657,0.266062361201065,-0.26336581556990035,0.9976150616236689,0.7644039095639792,0.015782163999972454,0,
original_fault,30618_073f08d1,8269991eafa82c45,master,H14_off,dropout,127.60000000000001,132.60000000000002,296,0.4222539229671897,0.4383886653479657,0.266062361201065,-0.26336581556990035,0.9976150616236689,0.7644039095639792,0.015782163999972454,0,
original_fault,30618_073f08d1,8269991eafa82c45,master,v7_hook,dropout,127.60000000000001,132.60000000000002,296,0.4222539229671897,0.4383886653479657,0.266062361201065,-0.26336581556990035,0.9976150616236689,0.7644039095639792,0.015782163999972454,0,
original_fault,30618_073f08d1,8269991eafa82c45,rover,v7_baseline,dropout,127.60000000000001,132.60000000000002,270,0.38516405135520687,0.3848142665552842,0.21313721653478915,-0.20974968799318608,0.9946232326365136,0.7487385273836106,0.015782163999972454,0,
original_fault,30618_073f08d1,8269991eafa82c45,rover,H14_async_pairs,dropout,127.60000000000001,132.60000000000002,270,0.38516405135520687,0.3848142665552842,0.21313721653478915,-0.20974968799318608,0.9946232326365136,0.7487385273836106,0.015782163999972454,0,
original_fault,30618_073f08d1,8269991eafa82c45,rover,H14_off,dropout,127.60000000000001,132.60000000000002,270,0.38516405135520687,0.3848142665552842,0.21313721653478915,-0.20974968799318608,0.9946232326365136,0.7487385273836106,0.015782163999972454,0,
original_fault,30618_073f08d1,8269991eafa82c45,rover,v7_hook,dropout,127.60000000000001,132.60000000000002,270,0.38516405135520687,0.3848142665552842,0.21313721653478915,-0.20974968799318608,0.9946232326365136,0.7487385273836106,0.015782163999972454,0,
original_fault,30618_073f08d1,8269991eafa82c45,master,v7_baseline,dropout,127.60000000000001,137.60000000000002,388,0.484394506866417,1.6052568690353133,1.082916113052812,-1.0685287848928657,3.513288028621289,1.5693744405944205,2.165782163999978,0,
original_fault,30618_073f08d1,8269991eafa82c45,master,H14_async_pairs,dropout,127.60000000000001,137.60000000000002,388,0.484394506866417,1.6052568690353133,1.082916113052812,-1.0685287848928657,3.513288028621289,1.5693744405944205,2.165782163999978,0,
original_fault,30618_073f08d1,8269991eafa82c45,master,H14_off,dropout,127.60000000000001,137.60000000000002,388,0.484394506866417,1.6052568690353133,1.082916113052812,-1.0685287848928657,3.513288028621289,1.5693744405944205,2.165782163999978,0,
original_fault,30618_073f08d1,8269991eafa82c45,master,v7_hook,dropout,127.60000000000001,137.60000000000002,388,0.484394506866417,1.6052568690353133,1.082916113052812,-1.0685287848928657,3.513288028621289,1.5693744405944205,2.165782163999978,0,
original_fault,30618_073f08d1,8269991eafa82c45,rover,v7_baseline,dropout,127.60000000000001,137.60000000000002,352,0.4394506866416979,1.6700724718700863,1.132961278710576,-1.1183682668592612,3.5301412307808184,1.6565414833891217,2.165782163999978,0,
original_fault,30618_073f08d1,8269991eafa82c45,rover,H14_async_pairs,dropout,127.60000000000001,137.60000000000002,352,0.4394506866416979,1.6700724718700863,1.132961278710576,-1.1183682668592612,3.5301412307808184,1.6565414833891217,2.165782163999978,0,
original_fault,30618_073f08d1,8269991eafa82c45,rover,H14_off,dropout,127.60000000000001,137.60000000000002,352,0.4394506866416979,1.6700724718700863,1.132961278710576,-1.1183682668592612,3.5301412307808184,1.6565414833891217,2.165782163999978,0,
original_fault,30618_073f08d1,8269991eafa82c45,rover,v7_hook,dropout,127.60000000000001,137.60000000000002,352,0.4394506866416979,1.6700724718700863,1.132961278710576,-1.1183682668592612,3.5301412307808184,1.6565414833891217,2.165782163999978,0,
original_fault,30618_073f08d1,8269991eafa82c45,master,v7_baseline,lock,127.60000000000001,130.60000000000002,256,0.3878787878787879,0.2928063488775902,0.1705611488426664,-0.1701161591982193,0.7275292927100316,0.5925587417854886,0.11578216399996677,0,
original_fault,30618_073f08d1,8269991eafa82c45,master,H14_async_pairs,lock,127.60000000000001,130.60000000000002,256,0.3878787878787879,0.2928063488775902,0.1705611488426664,-0.1701161591982193,0.7275292927100316,0.5925587417854886,0.11578216399996677,0,
original_fault,30618_073f08d1,8269991eafa82c45,master,H14_off,lock,127.60000000000001,130.60000000000002,256,0.3878787878787879,0.2928063488775902,0.1705611488426664,-0.1701161591982193,0.7275292927100316,0.5925587417854886,0.11578216399996677,0,
original_fault,30618_073f08d1,8269991eafa82c45,master,v7_hook,lock,127.60000000000001,130.60000000000002,256,0.3878787878787879,0.2928063488775902,0.1705611488426664,-0.1701161591982193,0.7275292927100316,0.5925587417854886,0.11578216399996677,0,
original_fault,30618_073f08d1,8269991eafa82c45,rover,v7_baseline,lock,127.60000000000001,130.60000000000002,230,0.3484848484848485,0.2212343035082436,0.12545343762540176,-0.12483928531126667,0.6735219926446587,0.5012545337439237,0.5657821639999838,0,
original_fault,30618_073f08d1,8269991eafa82c45,rover,H14_async_pairs,lock,127.60000000000001,130.60000000000002,230,0.3484848484848485,0.2212343035082436,0.12545343762540176,-0.12483928531126667,0.6735219926446587,0.5012545337439237,0.5657821639999838,0,
original_fault,30618_073f08d1,8269991eafa82c45,rover,H14_off,lock,127.60000000000001,130.60000000000002,230,0.3484848484848485,0.2212343035082436,0.12545343762540176,-0.12483928531126667,0.6735219926446587,0.5012545337439237,0.5657821639999838,0,
original_fault,30618_073f08d1,8269991eafa82c45,rover,v7_hook,lock,127.60000000000001,130.60000000000002,230,0.3484848484848485,0.2212343035082436,0.12545343762540176,-0.12483928531126667,0.6735219926446587,0.5012545337439237,0.5657821639999838,0,
original_fault,30618_117c2d02,664cca45aeb0db23,master,v7_baseline,bias,141.4,146.4,0,0.0,,,,,,,0,
original_fault,30618_117c2d02,664cca45aeb0db23,master,H14_async_pairs,bias,141.4,146.4,0,0.0,,,,,,,0,
original_fault,30618_117c2d02,664cca45aeb0db23,master,H14_off,bias,141.4,146.4,0,0.0,,,,,,,0,
original_fault,30618_117c2d02,664cca45aeb0db23,master,v7_hook,bias,141.4,146.4,0,0.0,,,,,,,0,
original_fault,30618_117c2d02,664cca45aeb0db23,rover,v7_baseline,bias,141.4,146.4,0,0.0,,,,,,,0,
original_fault,30618_117c2d02,664cca45aeb0db23,rover,H14_async_pairs,bias,141.4,146.4,0,0.0,,,,,,,0,
original_fault,30618_117c2d02,664cca45aeb0db23,rover,H14_off,bias,141.4,146.4,0,0.0,,,,,,,0,
original_fault,30618_117c2d02,664cca45aeb0db23,rover,v7_hook,bias,141.4,146.4,0,0.0,,,,,,,0,
original_fault,30618_117c2d02,664cca45aeb0db23,master,v7_baseline,dropout,141.4,146.4,0,0.0,,,,,,,0,
original_fault,30618_117c2d02,664cca45aeb0db23,master,H14_async_pairs,dropout,141.4,146.4,0,0.0,,,,,,,0,
original_fault,30618_117c2d02,664cca45aeb0db23,master,H14_off,dropout,141.4,146.4,0,0.0,,,,,,,0,
original_fault,30618_117c2d02,664cca45aeb0db23,master,v7_hook,dropout,141.4,146.4,0,0.0,,,,,,,0,
original_fault,30618_117c2d02,664cca45aeb0db23,rover,v7_baseline,dropout,141.4,146.4,0,0.0,,,,,,,0,
original_fault,30618_117c2d02,664cca45aeb0db23,rover,H14_async_pairs,dropout,141.4,146.4,0,0.0,,,,,,,0,
original_fault,30618_117c2d02,664cca45aeb0db23,rover,H14_off,dropout,141.4,146.4,0,0.0,,,,,,,0,
original_fault,30618_117c2d02,664cca45aeb0db23,rover,v7_hook,dropout,141.4,146.4,0,0.0,,,,,,,0,
original_fault,30618_117c2d02,664cca45aeb0db23,master,v7_baseline,dropout,141.4,151.4,0,0.0,,,,,,,0,
original_fault,30618_117c2d02,664cca45aeb0db23,master,H14_async_pairs,dropout,141.4,151.4,0,0.0,,,,,,,0,
original_fault,30618_117c2d02,664cca45aeb0db23,master,H14_off,dropout,141.4,151.4,0,0.0,,,,,,,0,
original_fault,30618_117c2d02,664cca45aeb0db23,master,v7_hook,dropout,141.4,151.4,0,0.0,,,,,,,0,
original_fault,30618_117c2d02,664cca45aeb0db23,rover,v7_baseline,dropout,141.4,151.4,0,0.0,,,,,,,0,
original_fault,30618_117c2d02,664cca45aeb0db23,rover,H14_async_pairs,dropout,141.4,151.4,0,0.0,,,,,,,0,
original_fault,30618_117c2d02,664cca45aeb0db23,rover,H14_off,dropout,141.4,151.4,0,0.0,,,,,,,0,
original_fault,30618_117c2d02,664cca45aeb0db23,rover,v7_hook,dropout,141.4,151.4,0,0.0,,,,,,,0,
original_fault,30618_117c2d02,664cca45aeb0db23,master,v7_baseline,lock,141.4,144.4,0,0.0,,,,,,,0,
original_fault,30618_117c2d02,664cca45aeb0db23,master,H14_async_pairs,lock,141.4,144.4,0,0.0,,,,,,,0,
original_fault,30618_117c2d02,664cca45aeb0db23,master,H14_off,lock,141.4,144.4,0,0.0,,,,,,,0,
original_fault,30618_117c2d02,664cca45aeb0db23,master,v7_hook,lock,141.4,144.4,0,0.0,,,,,,,0,
original_fault,30618_117c2d02,664cca45aeb0db23,rover,v7_baseline,lock,141.4,144.4,0,0.0,,,,,,,0,
original_fault,30618_117c2d02,664cca45aeb0db23,rover,H14_async_pairs,lock,141.4,144.4,0,0.0,,,,,,,0,
original_fault,30618_117c2d02,664cca45aeb0db23,rover,H14_off,lock,141.4,144.4,0,0.0,,,,,,,0,
original_fault,30618_117c2d02,664cca45aeb0db23,rover,v7_hook,lock,141.4,144.4,0,0.0,,,,,,,0,
original_fault,30618_27e994fc,711abb923942f9fe,master,v7_baseline,bias,190.10000000000002,195.10000000000002,300,0.42857142857142855,0.39988033691045693,0.2882549108117785,0.2708093846525646,0.940785138727716,0.11560710653848347,7.450035174999982,0,
original_fault,30618_27e994fc,711abb923942f9fe,master,H14_async_pairs,bias,190.10000000000002,195.10000000000002,300,0.42857142857142855,0.39988033691045693,0.2882549108117785,0.2708093846525646,0.940785138727716,0.11560710653848347,7.450035174999982,0,
original_fault,30618_27e994fc,711abb923942f9fe,master,H14_off,bias,190.10000000000002,195.10000000000002,300,0.42857142857142855,0.39988033691045693,0.2882549108117785,0.2708093846525646,0.940785138727716,0.11560710653848347,7.450035174999982,0,
original_fault,30618_27e994fc,711abb923942f9fe,master,v7_hook,bias,190.10000000000002,195.10000000000002,300,0.42857142857142855,0.39988033691045693,0.2882549108117785,0.2708093846525646,0.940785138727716,0.11560710653848347,7.450035174999982,0,
original_fault,30618_27e994fc,711abb923942f9fe,rover,v7_baseline,bias,190.10000000000002,195.10000000000002,292,0.41714285714285715,0.40527258519419707,0.2927562781863184,0.27801214901713434,0.9679023561569751,0.12083156481938344,7.450035174999982,0,
original_fault,30618_27e994fc,711abb923942f9fe,rover,H14_async_pairs,bias,190.10000000000002,195.10000000000002,292,0.41714285714285715,0.40527258519419707,0.2927562781863184,0.27801214901713434,0.9679023561569751,0.12083156481938344,7.450035174999982,0,
original_fault,30618_27e994fc,711abb923942f9fe,rover,H14_off,bias,190.10000000000002,195.10000000000002,292,0.41714285714285715,0.40527258519419707,0.2927562781863184,0.27801214901713434,0.9679023561569751,0.12083156481938344,7.450035174999982,0,
original_fault,30618_27e994fc,711abb923942f9fe,rover,v7_hook,bias,190.10000000000002,195.10000000000002,292,0.41714285714285715,0.40527258519419707,0.2927562781863184,0.27801214901713434,0.9679023561569751,0.12083156481938344,7.450035174999982,0,
original_fault,30618_27e994fc,711abb923942f9fe,master,v7_baseline,dropout,190.10000000000002,195.10000000000002,300,0.42857142857142855,0.39700639311017694,0.28095699216458636,0.2635081477371991,0.9407851585469458,0.08948210461103095,7.450035174999982,0,
original_fault,30618_27e994fc,711abb923942f9fe,master,H14_async_pairs,dropout,190.10000000000002,195.10000000000002,300,0.42857142857142855,0.39700639311017694,0.28095699216458636,0.2635081477371991,0.9407851585469458,0.08948210461103095,7.450035174999982,0,
original_fault,30618_27e994fc,711abb923942f9fe,master,H14_off,dropout,190.10000000000002,195.10000000000002,300,0.42857142857142855,0.39700639311017694,0.28095699216458636,0.2635081477371991,0.9407851585469458,0.08948210461103095,7.450035174999982,0,
original_fault,30618_27e994fc,711abb923942f9fe,master,v7_hook,dropout,190.10000000000002,195.10000000000002,300,0.42857142857142855,0.39700639311017694,0.28095699216458636,0.2635081477371991,0.9407851585469458,0.08948210461103095,7.450035174999982,0,
original_fault,30618_27e994fc,711abb923942f9fe,rover,v7_baseline,dropout,190.10000000000002,195.10000000000002,292,0.41714285714285715,0.4024149764759493,0.28600470660332816,0.2709076151734396,0.9679023707615844,0.09357727528727404,7.450035174999982,0,
original_fault,30618_27e994fc,711abb923942f9fe,rover,H14_async_pairs,dropout,190.10000000000002,195.10000000000002,292,0.41714285714285715,0.4024149764759493,0.28600470660332816,0.2709076151734396,0.9679023707615844,0.09357727528727404,7.450035174999982,0,
original_fault,30618_27e994fc,711abb923942f9fe,rover,H14_off,dropout,190.10000000000002,195.10000000000002,292,0.41714285714285715,0.4024149764759493,0.28600470660332816,0.2709076151734396,0.9679023707615844,0.09357727528727404,7.450035174999982,0,
original_fault,30618_27e994fc,711abb923942f9fe,rover,v7_hook,dropout,190.10000000000002,195.10000000000002,292,0.41714285714285715,0.4024149764759493,0.28600470660332816,0.2709076151734396,0.9679023707615844,0.09357727528727404,7.450035174999982,0,
original_fault,30618_27e994fc,711abb923942f9fe,master,v7_baseline,dropout,190.10000000000002,200.10000000000002,400,0.5,0.3247641192561688,0.19715493967057682,0.1781395605967476,0.863931559838356,0.24443268632171536,2.4500351749999822,0,
original_fault,30618_27e994fc,711abb923942f9fe,master,H14_async_pairs,dropout,190.10000000000002,200.10000000000002,400,0.5,0.3247641192561688,0.19715493967057682,0.1781395605967476,0.863931559838356,0.24443268632171536,2.4500351749999822,0,
original_fault,30618_27e994fc,711abb923942f9fe,master,H14_off,dropout,190.10000000000002,200.10000000000002,400,0.5,0.3247641192561688,0.19715493967057682,0.1781395605967476,0.863931559838356,0.24443268632171536,2.4500351749999822,0,
original_fault,30618_27e994fc,711abb923942f9fe,master,v7_hook,dropout,190.10000000000002,200.10000000000002,400,0.5,0.3247641192561688,0.19715493967057682,0.1781395605967476,0.863931559838356,0.24443268632171536,2.4500351749999822,0,
original_fault,30618_27e994fc,711abb923942f9fe,rover,v7_baseline,dropout,190.10000000000002,200.10000000000002,388,0.485,0.32980573198571733,0.20115928129117444,0.18364519981975655,0.8367273894292997,0.24515450546543252,2.400035174999971,0,
original_fault,30618_27e994fc,711abb923942f9fe,rover,H14_async_pairs,dropout,190.10000000000002,200.10000000000002,388,0.485,0.32980573198571733,0.20115928129117444,0.18364519981975655,0.8367273894292997,0.24515450546543252,2.400035174999971,0,
original_fault,30618_27e994fc,711abb923942f9fe,rover,H14_off,dropout,190.10000000000002,200.10000000000002,388,0.485,0.32980573198571733,0.20115928129117444,0.18364519981975655,0.8367273894292997,0.24515450546543252,2.400035174999971,0,
original_fault,30618_27e994fc,711abb923942f9fe,rover,v7_hook,dropout,190.10000000000002,200.10000000000002,388,0.485,0.32980573198571733,0.20115928129117444,0.18364519981975655,0.8367273894292997,0.24515450546543252,2.400035174999971,0,
original_fault,30618_27e994fc,711abb923942f9fe,master,v7_baseline,lock,190.10000000000002,193.10000000000002,260,0.3945371775417299,0.4246722489278812,0.3177646811326069,0.3047157868959055,0.9719125810815643,0.0429475732570077,3.517499999361462e-05,0,
original_fault,30618_27e994fc,711abb923942f9fe,master,H14_async_pairs,lock,190.10000000000002,193.10000000000002,260,0.3945371775417299,0.4246722489278812,0.3177646811326069,0.3047157868959055,0.9719125810815643,0.0429475732570077,3.517499999361462e-05,0,
original_fault,30618_27e994fc,711abb923942f9fe,master,H14_off,lock,190.10000000000002,193.10000000000002,260,0.3945371775417299,0.4246722489278812,0.3177646811326069,0.3047157868959055,0.9719125810815643,0.0429475732570077,3.517499999361462e-05,0,
original_fault,30618_27e994fc,711abb923942f9fe,master,v7_hook,lock,190.10000000000002,193.10000000000002,260,0.3945371775417299,0.4246722489278812,0.3177646811326069,0.3047157868959055,0.9719125810815643,0.0429475732570077,3.517499999361462e-05,0,
original_fault,30618_27e994fc,711abb923942f9fe,rover,v7_baseline,lock,190.10000000000002,193.10000000000002,252,0.38239757207890746,0.4313427008886167,0.32461325011807307,0.31438146493354446,0.9832520031484692,0.038466047613189294,0.30003517499997656,0,
original_fault,30618_27e994fc,711abb923942f9fe,rover,H14_async_pairs,lock,190.10000000000002,193.10000000000002,252,0.38239757207890746,0.4313427008886167,0.32461325011807307,0.31438146493354446,0.9832520031484692,0.038466047613189294,0.30003517499997656,0,
original_fault,30618_27e994fc,711abb923942f9fe,rover,H14_off,lock,190.10000000000002,193.10000000000002,252,0.38239757207890746,0.4313427008886167,0.32461325011807307,0.31438146493354446,0.9832520031484692,0.038466047613189294,0.30003517499997656,0,
original_fault,30618_27e994fc,711abb923942f9fe,rover,v7_hook,lock,190.10000000000002,193.10000000000002,252,0.38239757207890746,0.4313427008886167,0.32461325011807307,0.31438146493354446,0.9832520031484692,0.038466047613189294,0.30003517499997656,0,
original_fault,30618_3e012faf,664cca45aeb0db23,master,v7_baseline,bias,102.7,107.7,0,0.0,,,,,,,0,
original_fault,30618_3e012faf,664cca45aeb0db23,master,H14_async_pairs,bias,102.7,107.7,0,0.0,,,,,,,0,
original_fault,30618_3e012faf,664cca45aeb0db23,master,H14_off,bias,102.7,107.7,0,0.0,,,,,,,0,
original_fault,30618_3e012faf,664cca45aeb0db23,master,v7_hook,bias,102.7,107.7,0,0.0,,,,,,,0,
original_fault,30618_3e012faf,664cca45aeb0db23,rover,v7_baseline,bias,102.7,107.7,0,0.0,,,,,,,0,
original_fault,30618_3e012faf,664cca45aeb0db23,rover,H14_async_pairs,bias,102.7,107.7,0,0.0,,,,,,,0,
original_fault,30618_3e012faf,664cca45aeb0db23,rover,H14_off,bias,102.7,107.7,0,0.0,,,,,,,0,
original_fault,30618_3e012faf,664cca45aeb0db23,rover,v7_hook,bias,102.7,107.7,0,0.0,,,,,,,0,
original_fault,30618_3e012faf,664cca45aeb0db23,master,v7_baseline,dropout,102.7,107.7,0,0.0,,,,,,,0,
original_fault,30618_3e012faf,664cca45aeb0db23,master,H14_async_pairs,dropout,102.7,107.7,0,0.0,,,,,,,0,
original_fault,30618_3e012faf,664cca45aeb0db23,master,H14_off,dropout,102.7,107.7,0,0.0,,,,,,,0,
original_fault,30618_3e012faf,664cca45aeb0db23,master,v7_hook,dropout,102.7,107.7,0,0.0,,,,,,,0,
original_fault,30618_3e012faf,664cca45aeb0db23,rover,v7_baseline,dropout,102.7,107.7,0,0.0,,,,,,,0,
original_fault,30618_3e012faf,664cca45aeb0db23,rover,H14_async_pairs,dropout,102.7,107.7,0,0.0,,,,,,,0,
original_fault,30618_3e012faf,664cca45aeb0db23,rover,H14_off,dropout,102.7,107.7,0,0.0,,,,,,,0,
original_fault,30618_3e012faf,664cca45aeb0db23,rover,v7_hook,dropout,102.7,107.7,0,0.0,,,,,,,0,
original_fault,30618_3e012faf,664cca45aeb0db23,master,v7_baseline,dropout,102.7,112.7,0,0.0,,,,,,,0,
original_fault,30618_3e012faf,664cca45aeb0db23,master,H14_async_pairs,dropout,102.7,112.7,0,0.0,,,,,,,0,
original_fault,30618_3e012faf,664cca45aeb0db23,master,H14_off,dropout,102.7,112.7,0,0.0,,,,,,,0,
original_fault,30618_3e012faf,664cca45aeb0db23,master,v7_hook,dropout,102.7,112.7,0,0.0,,,,,,,0,
original_fault,30618_3e012faf,664cca45aeb0db23,rover,v7_baseline,dropout,102.7,112.7,0,0.0,,,,,,,0,
original_fault,30618_3e012faf,664cca45aeb0db23,rover,H14_async_pairs,dropout,102.7,112.7,0,0.0,,,,,,,0,
original_fault,30618_3e012faf,664cca45aeb0db23,rover,H14_off,dropout,102.7,112.7,0,0.0,,,,,,,0,
original_fault,30618_3e012faf,664cca45aeb0db23,rover,v7_hook,dropout,102.7,112.7,0,0.0,,,,,,,0,
original_fault,30618_3e012faf,664cca45aeb0db23,master,v7_baseline,lock,102.7,105.7,0,0.0,,,,,,,0,
original_fault,30618_3e012faf,664cca45aeb0db23,master,H14_async_pairs,lock,102.7,105.7,0,0.0,,,,,,,0,
original_fault,30618_3e012faf,664cca45aeb0db23,master,H14_off,lock,102.7,105.7,0,0.0,,,,,,,0,
original_fault,30618_3e012faf,664cca45aeb0db23,master,v7_hook,lock,102.7,105.7,0,0.0,,,,,,,0,
original_fault,30618_3e012faf,664cca45aeb0db23,rover,v7_baseline,lock,102.7,105.7,0,0.0,,,,,,,0,
original_fault,30618_3e012faf,664cca45aeb0db23,rover,H14_async_pairs,lock,102.7,105.7,0,0.0,,,,,,,0,
original_fault,30618_3e012faf,664cca45aeb0db23,rover,H14_off,lock,102.7,105.7,0,0.0,,,,,,,0,
original_fault,30618_3e012faf,664cca45aeb0db23,rover,v7_hook,lock,102.7,105.7,0,0.0,,,,,,,0,
original_fault,30618_46e21b9b,664cca45aeb0db23,master,v7_baseline,bias,141.4,146.4,0,0.0,,,,,,,0,
original_fault,30618_46e21b9b,664cca45aeb0db23,master,H14_async_pairs,bias,141.4,146.4,0,0.0,,,,,,,0,
original_fault,30618_46e21b9b,664cca45aeb0db23,master,H14_off,bias,141.4,146.4,0,0.0,,,,,,,0,
original_fault,30618_46e21b9b,664cca45aeb0db23,master,v7_hook,bias,141.4,146.4,0,0.0,,,,,,,0,
original_fault,30618_46e21b9b,664cca45aeb0db23,rover,v7_baseline,bias,141.4,146.4,0,0.0,,,,,,,0,
original_fault,30618_46e21b9b,664cca45aeb0db23,rover,H14_async_pairs,bias,141.4,146.4,0,0.0,,,,,,,0,
original_fault,30618_46e21b9b,664cca45aeb0db23,rover,H14_off,bias,141.4,146.4,0,0.0,,,,,,,0,
original_fault,30618_46e21b9b,664cca45aeb0db23,rover,v7_hook,bias,141.4,146.4,0,0.0,,,,,,,0,
original_fault,30618_46e21b9b,664cca45aeb0db23,master,v7_baseline,dropout,141.4,146.4,0,0.0,,,,,,,0,
original_fault,30618_46e21b9b,664cca45aeb0db23,master,H14_async_pairs,dropout,141.4,146.4,0,0.0,,,,,,,0,
original_fault,30618_46e21b9b,664cca45aeb0db23,master,H14_off,dropout,141.4,146.4,0,0.0,,,,,,,0,
original_fault,30618_46e21b9b,664cca45aeb0db23,master,v7_hook,dropout,141.4,146.4,0,0.0,,,,,,,0,
original_fault,30618_46e21b9b,664cca45aeb0db23,rover,v7_baseline,dropout,141.4,146.4,0,0.0,,,,,,,0,
original_fault,30618_46e21b9b,664cca45aeb0db23,rover,H14_async_pairs,dropout,141.4,146.4,0,0.0,,,,,,,0,
original_fault,30618_46e21b9b,664cca45aeb0db23,rover,H14_off,dropout,141.4,146.4,0,0.0,,,,,,,0,
original_fault,30618_46e21b9b,664cca45aeb0db23,rover,v7_hook,dropout,141.4,146.4,0,0.0,,,,,,,0,
original_fault,30618_46e21b9b,664cca45aeb0db23,master,v7_baseline,dropout,141.4,151.4,0,0.0,,,,,,,0,
original_fault,30618_46e21b9b,664cca45aeb0db23,master,H14_async_pairs,dropout,141.4,151.4,0,0.0,,,,,,,0,
original_fault,30618_46e21b9b,664cca45aeb0db23,master,H14_off,dropout,141.4,151.4,0,0.0,,,,,,,0,
original_fault,30618_46e21b9b,664cca45aeb0db23,master,v7_hook,dropout,141.4,151.4,0,0.0,,,,,,,0,
original_fault,30618_46e21b9b,664cca45aeb0db23,rover,v7_baseline,dropout,141.4,151.4,0,0.0,,,,,,,0,
original_fault,30618_46e21b9b,664cca45aeb0db23,rover,H14_async_pairs,dropout,141.4,151.4,0,0.0,,,,,,,0,
original_fault,30618_46e21b9b,664cca45aeb0db23,rover,H14_off,dropout,141.4,151.4,0,0.0,,,,,,,0,
original_fault,30618_46e21b9b,664cca45aeb0db23,rover,v7_hook,dropout,141.4,151.4,0,0.0,,,,,,,0,
original_fault,30618_46e21b9b,664cca45aeb0db23,master,v7_baseline,lock,141.4,144.4,0,0.0,,,,,,,0,
original_fault,30618_46e21b9b,664cca45aeb0db23,master,H14_async_pairs,lock,141.4,144.4,0,0.0,,,,,,,0,
original_fault,30618_46e21b9b,664cca45aeb0db23,master,H14_off,lock,141.4,144.4,0,0.0,,,,,,,0,
original_fault,30618_46e21b9b,664cca45aeb0db23,master,v7_hook,lock,141.4,144.4,0,0.0,,,,,,,0,
original_fault,30618_46e21b9b,664cca45aeb0db23,rover,v7_baseline,lock,141.4,144.4,0,0.0,,,,,,,0,
original_fault,30618_46e21b9b,664cca45aeb0db23,rover,H14_async_pairs,lock,141.4,144.4,0,0.0,,,,,,,0,
original_fault,30618_46e21b9b,664cca45aeb0db23,rover,H14_off,lock,141.4,144.4,0,0.0,,,,,,,0,
original_fault,30618_46e21b9b,664cca45aeb0db23,rover,v7_hook,lock,141.4,144.4,0,0.0,,,,,,,0,
original_fault,30618_5036aa78,664cca45aeb0db23,master,v7_baseline,bias,25.1,30.1,0,0.0,,,,,,,0,
original_fault,30618_5036aa78,664cca45aeb0db23,master,H14_async_pairs,bias,25.1,30.1,0,0.0,,,,,,,0,
original_fault,30618_5036aa78,664cca45aeb0db23,master,H14_off,bias,25.1,30.1,0,0.0,,,,,,,0,
original_fault,30618_5036aa78,664cca45aeb0db23,master,v7_hook,bias,25.1,30.1,0,0.0,,,,,,,0,
original_fault,30618_5036aa78,664cca45aeb0db23,rover,v7_baseline,bias,25.1,30.1,0,0.0,,,,,,,0,
original_fault,30618_5036aa78,664cca45aeb0db23,rover,H14_async_pairs,bias,25.1,30.1,0,0.0,,,,,,,0,
original_fault,30618_5036aa78,664cca45aeb0db23,rover,H14_off,bias,25.1,30.1,0,0.0,,,,,,,0,
original_fault,30618_5036aa78,664cca45aeb0db23,rover,v7_hook,bias,25.1,30.1,0,0.0,,,,,,,0,
original_fault,30618_5036aa78,664cca45aeb0db23,master,v7_baseline,dropout,25.1,30.1,0,0.0,,,,,,,0,
original_fault,30618_5036aa78,664cca45aeb0db23,master,H14_async_pairs,dropout,25.1,30.1,0,0.0,,,,,,,0,
original_fault,30618_5036aa78,664cca45aeb0db23,master,H14_off,dropout,25.1,30.1,0,0.0,,,,,,,0,
original_fault,30618_5036aa78,664cca45aeb0db23,master,v7_hook,dropout,25.1,30.1,0,0.0,,,,,,,0,
original_fault,30618_5036aa78,664cca45aeb0db23,rover,v7_baseline,dropout,25.1,30.1,0,0.0,,,,,,,0,
original_fault,30618_5036aa78,664cca45aeb0db23,rover,H14_async_pairs,dropout,25.1,30.1,0,0.0,,,,,,,0,
original_fault,30618_5036aa78,664cca45aeb0db23,rover,H14_off,dropout,25.1,30.1,0,0.0,,,,,,,0,
original_fault,30618_5036aa78,664cca45aeb0db23,rover,v7_hook,dropout,25.1,30.1,0,0.0,,,,,,,0,
original_fault,30618_5036aa78,664cca45aeb0db23,master,v7_baseline,dropout,25.1,35.1,0,0.0,,,,,,,0,
original_fault,30618_5036aa78,664cca45aeb0db23,master,H14_async_pairs,dropout,25.1,35.1,0,0.0,,,,,,,0,
original_fault,30618_5036aa78,664cca45aeb0db23,master,H14_off,dropout,25.1,35.1,0,0.0,,,,,,,0,
original_fault,30618_5036aa78,664cca45aeb0db23,master,v7_hook,dropout,25.1,35.1,0,0.0,,,,,,,0,
original_fault,30618_5036aa78,664cca45aeb0db23,rover,v7_baseline,dropout,25.1,35.1,0,0.0,,,,,,,0,
original_fault,30618_5036aa78,664cca45aeb0db23,rover,H14_async_pairs,dropout,25.1,35.1,0,0.0,,,,,,,0,
original_fault,30618_5036aa78,664cca45aeb0db23,rover,H14_off,dropout,25.1,35.1,0,0.0,,,,,,,0,
original_fault,30618_5036aa78,664cca45aeb0db23,rover,v7_hook,dropout,25.1,35.1,0,0.0,,,,,,,0,
original_fault,30618_5036aa78,664cca45aeb0db23,master,v7_baseline,lock,25.1,28.1,0,0.0,,,,,,,0,
original_fault,30618_5036aa78,664cca45aeb0db23,master,H14_async_pairs,lock,25.1,28.1,0,0.0,,,,,,,0,
original_fault,30618_5036aa78,664cca45aeb0db23,master,H14_off,lock,25.1,28.1,0,0.0,,,,,,,0,
original_fault,30618_5036aa78,664cca45aeb0db23,master,v7_hook,lock,25.1,28.1,0,0.0,,,,,,,0,
original_fault,30618_5036aa78,664cca45aeb0db23,rover,v7_baseline,lock,25.1,28.1,0,0.0,,,,,,,0,
original_fault,30618_5036aa78,664cca45aeb0db23,rover,H14_async_pairs,lock,25.1,28.1,0,0.0,,,,,,,0,
original_fault,30618_5036aa78,664cca45aeb0db23,rover,H14_off,lock,25.1,28.1,0,0.0,,,,,,,0,
original_fault,30618_5036aa78,664cca45aeb0db23,rover,v7_hook,lock,25.1,28.1,0,0.0,,,,,,,0,
original_fault,30618_74559c73,664cca45aeb0db23,master,v7_baseline,bias,62.800000000000004,67.80000000000001,0,0.0,,,,,,,0,
original_fault,30618_74559c73,664cca45aeb0db23,master,H14_async_pairs,bias,62.800000000000004,67.80000000000001,0,0.0,,,,,,,0,
original_fault,30618_74559c73,664cca45aeb0db23,master,H14_off,bias,62.800000000000004,67.80000000000001,0,0.0,,,,,,,0,
original_fault,30618_74559c73,664cca45aeb0db23,master,v7_hook,bias,62.800000000000004,67.80000000000001,0,0.0,,,,,,,0,
original_fault,30618_74559c73,664cca45aeb0db23,rover,v7_baseline,bias,62.800000000000004,67.80000000000001,0,0.0,,,,,,,0,
original_fault,30618_74559c73,664cca45aeb0db23,rover,H14_async_pairs,bias,62.800000000000004,67.80000000000001,0,0.0,,,,,,,0,
original_fault,30618_74559c73,664cca45aeb0db23,rover,H14_off,bias,62.800000000000004,67.80000000000001,0,0.0,,,,,,,0,
original_fault,30618_74559c73,664cca45aeb0db23,rover,v7_hook,bias,62.800000000000004,67.80000000000001,0,0.0,,,,,,,0,
original_fault,30618_74559c73,664cca45aeb0db23,master,v7_baseline,dropout,62.800000000000004,67.80000000000001,0,0.0,,,,,,,0,
original_fault,30618_74559c73,664cca45aeb0db23,master,H14_async_pairs,dropout,62.800000000000004,67.80000000000001,0,0.0,,,,,,,0,
original_fault,30618_74559c73,664cca45aeb0db23,master,H14_off,dropout,62.800000000000004,67.80000000000001,0,0.0,,,,,,,0,
original_fault,30618_74559c73,664cca45aeb0db23,master,v7_hook,dropout,62.800000000000004,67.80000000000001,0,0.0,,,,,,,0,
original_fault,30618_74559c73,664cca45aeb0db23,rover,v7_baseline,dropout,62.800000000000004,67.80000000000001,0,0.0,,,,,,,0,
original_fault,30618_74559c73,664cca45aeb0db23,rover,H14_async_pairs,dropout,62.800000000000004,67.80000000000001,0,0.0,,,,,,,0,
original_fault,30618_74559c73,664cca45aeb0db23,rover,H14_off,dropout,62.800000000000004,67.80000000000001,0,0.0,,,,,,,0,
original_fault,30618_74559c73,664cca45aeb0db23,rover,v7_hook,dropout,62.800000000000004,67.80000000000001,0,0.0,,,,,,,0,
original_fault,30618_74559c73,664cca45aeb0db23,master,v7_baseline,dropout,62.800000000000004,72.80000000000001,0,0.0,,,,,,,0,
original_fault,30618_74559c73,664cca45aeb0db23,master,H14_async_pairs,dropout,62.800000000000004,72.80000000000001,0,0.0,,,,,,,0,
original_fault,30618_74559c73,664cca45aeb0db23,master,H14_off,dropout,62.800000000000004,72.80000000000001,0,0.0,,,,,,,0,
original_fault,30618_74559c73,664cca45aeb0db23,master,v7_hook,dropout,62.800000000000004,72.80000000000001,0,0.0,,,,,,,0,
original_fault,30618_74559c73,664cca45aeb0db23,rover,v7_baseline,dropout,62.800000000000004,72.80000000000001,0,0.0,,,,,,,0,
original_fault,30618_74559c73,664cca45aeb0db23,rover,H14_async_pairs,dropout,62.800000000000004,72.80000000000001,0,0.0,,,,,,,0,
original_fault,30618_74559c73,664cca45aeb0db23,rover,H14_off,dropout,62.800000000000004,72.80000000000001,0,0.0,,,,,,,0,
original_fault,30618_74559c73,664cca45aeb0db23,rover,v7_hook,dropout,62.800000000000004,72.80000000000001,0,0.0,,,,,,,0,
original_fault,30618_74559c73,664cca45aeb0db23,master,v7_baseline,lock,62.800000000000004,65.80000000000001,0,0.0,,,,,,,0,
original_fault,30618_74559c73,664cca45aeb0db23,master,H14_async_pairs,lock,62.800000000000004,65.80000000000001,0,0.0,,,,,,,0,
original_fault,30618_74559c73,664cca45aeb0db23,master,H14_off,lock,62.800000000000004,65.80000000000001,0,0.0,,,,,,,0,
original_fault,30618_74559c73,664cca45aeb0db23,master,v7_hook,lock,62.800000000000004,65.80000000000001,0,0.0,,,,,,,0,
original_fault,30618_74559c73,664cca45aeb0db23,rover,v7_baseline,lock,62.800000000000004,65.80000000000001,0,0.0,,,,,,,0,
original_fault,30618_74559c73,664cca45aeb0db23,rover,H14_async_pairs,lock,62.800000000000004,65.80000000000001,0,0.0,,,,,,,0,
original_fault,30618_74559c73,664cca45aeb0db23,rover,H14_off,lock,62.800000000000004,65.80000000000001,0,0.0,,,,,,,0,
original_fault,30618_74559c73,664cca45aeb0db23,rover,v7_hook,lock,62.800000000000004,65.80000000000001,0,0.0,,,,,,,0,
original_fault,30618_88548b02,711abb923942f9fe,master,v7_baseline,bias,125.60000000000001,130.60000000000002,288,0.4114285714285714,0.06671141272809533,0.06199188610123585,-0.061947522104790535,0.10225298009011742,0.0636638314255101,2.8616999998121173e-05,0,
original_fault,30618_88548b02,711abb923942f9fe,master,H14_async_pairs,bias,125.60000000000001,130.60000000000002,288,0.4114285714285714,0.06671141272809533,0.06199188610123585,-0.061947522104790535,0.10225298009011742,0.0636638314255101,2.8616999998121173e-05,0,
original_fault,30618_88548b02,711abb923942f9fe,master,H14_off,bias,125.60000000000001,130.60000000000002,288,0.4114285714285714,0.06671141272809533,0.06199188610123585,-0.061947522104790535,0.10225298009011742,0.0636638314255101,2.8616999998121173e-05,0,
original_fault,30618_88548b02,711abb923942f9fe,master,v7_hook,bias,125.60000000000001,130.60000000000002,288,0.4114285714285714,0.06671141272809533,0.06199188610123585,-0.061947522104790535,0.10225298009011742,0.0636638314255101,2.8616999998121173e-05,0,
original_fault,30618_88548b02,711abb923942f9fe,rover,v7_baseline,bias,125.60000000000001,130.60000000000002,296,0.4228571428571429,0.06660171318414883,0.06152261056382374,-0.06150056211768996,0.10637018426666867,0.06448460284544086,2.8616999998121173e-05,0,
original_fault,30618_88548b02,711abb923942f9fe,rover,H14_async_pairs,bias,125.60000000000001,130.60000000000002,296,0.4228571428571429,0.06660171318414883,0.06152261056382374,-0.06150056211768996,0.10637018426666867,0.06448460284544086,2.8616999998121173e-05,0,
original_fault,30618_88548b02,711abb923942f9fe,rover,H14_off,bias,125.60000000000001,130.60000000000002,296,0.4228571428571429,0.06660171318414883,0.06152261056382374,-0.06150056211768996,0.10637018426666867,0.06448460284544086,2.8616999998121173e-05,0,
original_fault,30618_88548b02,711abb923942f9fe,rover,v7_hook,bias,125.60000000000001,130.60000000000002,296,0.4228571428571429,0.06660171318414883,0.06152261056382374,-0.06150056211768996,0.10637018426666867,0.06448460284544086,2.8616999998121173e-05,0,
original_fault,30618_88548b02,711abb923942f9fe,master,v7_baseline,dropout,125.60000000000001,130.60000000000002,288,0.4114285714285714,0.07730107010200392,0.07078329392628271,-0.06749663833332875,0.12423702273615796,0.0915249403113225,2.8616999998121173e-05,0,
original_fault,30618_88548b02,711abb923942f9fe,master,H14_async_pairs,dropout,125.60000000000001,130.60000000000002,288,0.4114285714285714,0.07730107010200392,0.07078329392628271,-0.06749663833332875,0.12423702273615796,0.0915249403113225,2.8616999998121173e-05,0,
original_fault,30618_88548b02,711abb923942f9fe,master,H14_off,dropout,125.60000000000001,130.60000000000002,288,0.4114285714285714,0.07730107010200392,0.07078329392628271,-0.06749663833332875,0.12423702273615796,0.0915249403113225,2.8616999998121173e-05,0,
original_fault,30618_88548b02,711abb923942f9fe,master,v7_hook,dropout,125.60000000000001,130.60000000000002,288,0.4114285714285714,0.07730107010200392,0.07078329392628271,-0.06749663833332875,0.12423702273615796,0.0915249403113225,2.8616999998121173e-05,0,
original_fault,30618_88548b02,711abb923942f9fe,rover,v7_baseline,dropout,125.60000000000001,130.60000000000002,296,0.4228571428571429,0.07716716671050516,0.07049288212922929,-0.06714979902203926,0.12435717907374011,0.09230433785587162,2.8616999998121173e-05,0,
original_fault,30618_88548b02,711abb923942f9fe,rover,H14_async_pairs,dropout,125.60000000000001,130.60000000000002,296,0.4228571428571429,0.07716716671050516,0.07049288212922929,-0.06714979902203926,0.12435717907374011,0.09230433785587162,2.8616999998121173e-05,0,
original_fault,30618_88548b02,711abb923942f9fe,rover,H14_off,dropout,125.60000000000001,130.60000000000002,296,0.4228571428571429,0.07716716671050516,0.07049288212922929,-0.06714979902203926,0.12435717907374011,0.09230433785587162,2.8616999998121173e-05,0,
original_fault,30618_88548b02,711abb923942f9fe,rover,v7_hook,dropout,125.60000000000001,130.60000000000002,296,0.4228571428571429,0.07716716671050516,0.07049288212922929,-0.06714979902203926,0.12435717907374011,0.09230433785587162,2.8616999998121173e-05,0,
original_fault,30618_88548b02,711abb923942f9fe,master,v7_baseline,dropout,125.60000000000001,135.60000000000002,388,0.4856070087609512,0.18343513842796064,0.1266472595387177,0.03636986428909961,0.45845770321236884,0.2445533483108201,1.4000286169999754,0,
original_fault,30618_88548b02,711abb923942f9fe,master,H14_async_pairs,dropout,125.60000000000001,135.60000000000002,388,0.4856070087609512,0.18343513842796064,0.1266472595387177,0.03636986428909961,0.45845770321236884,0.2445533483108201,1.4000286169999754,0,
original_fault,30618_88548b02,711abb923942f9fe,master,H14_off,dropout,125.60000000000001,135.60000000000002,388,0.4856070087609512,0.18343513842796064,0.1266472595387177,0.03636986428909961,0.45845770321236884,0.2445533483108201,1.4000286169999754,0,
original_fault,30618_88548b02,711abb923942f9fe,master,v7_hook,dropout,125.60000000000001,135.60000000000002,388,0.4856070087609512,0.18343513842796064,0.1266472595387177,0.03636986428909961,0.45845770321236884,0.2445533483108201,1.4000286169999754,0,
original_fault,30618_88548b02,711abb923942f9fe,rover,v7_baseline,dropout,125.60000000000001,135.60000000000002,396,0.4956195244055069,0.18330005084928697,0.12666687552396452,0.03631703895691187,0.4502049740198859,0.24490005792309696,0.10002861699999244,0,
original_fault,30618_88548b02,711abb923942f9fe,rover,H14_async_pairs,dropout,125.60000000000001,135.60000000000002,396,0.4956195244055069,0.18330005084928697,0.12666687552396452,0.03631703895691187,0.4502049740198859,0.24490005792309696,0.10002861699999244,0,
original_fault,30618_88548b02,711abb923942f9fe,rover,H14_off,dropout,125.60000000000001,135.60000000000002,396,0.4956195244055069,0.18330005084928697,0.12666687552396452,0.03631703895691187,0.4502049740198859,0.24490005792309696,0.10002861699999244,0,
original_fault,30618_88548b02,711abb923942f9fe,rover,v7_hook,dropout,125.60000000000001,135.60000000000002,396,0.4956195244055069,0.18330005084928697,0.12666687552396452,0.03631703895691187,0.4502049740198859,0.24490005792309696,0.10002861699999244,0,
original_fault,30618_88548b02,711abb923942f9fe,master,v7_baseline,lock,125.60000000000001,128.60000000000002,248,0.37575757575757573,0.0788318223418887,0.07364645501950455,-0.07364645501950455,0.1263443382282318,0.10456199135055094,0.4000286169999754,0,
original_fault,30618_88548b02,711abb923942f9fe,master,H14_async_pairs,lock,125.60000000000001,128.60000000000002,248,0.37575757575757573,0.0788318223418887,0.07364645501950455,-0.07364645501950455,0.1263443382282318,0.10456199135055094,0.4000286169999754,0,
original_fault,30618_88548b02,711abb923942f9fe,master,H14_off,lock,125.60000000000001,128.60000000000002,248,0.37575757575757573,0.0788318223418887,0.07364645501950455,-0.07364645501950455,0.1263443382282318,0.10456199135055094,0.4000286169999754,0,
original_fault,30618_88548b02,711abb923942f9fe,master,v7_hook,lock,125.60000000000001,128.60000000000002,248,0.37575757575757573,0.0788318223418887,0.07364645501950455,-0.07364645501950455,0.1263443382282318,0.10456199135055094,0.4000286169999754,0,
original_fault,30618_88548b02,711abb923942f9fe,rover,v7_baseline,lock,125.60000000000001,128.60000000000002,260,0.3939393939393939,0.07813731289315479,0.07264716715202177,-0.072646364608578,0.12492018297463828,0.10413054533409423,2.8616999998121173e-05,0,
original_fault,30618_88548b02,711abb923942f9fe,rover,H14_async_pairs,lock,125.60000000000001,128.60000000000002,260,0.3939393939393939,0.07813731289315479,0.07264716715202177,-0.072646364608578,0.12492018297463828,0.10413054533409423,2.8616999998121173e-05,0,
original_fault,30618_88548b02,711abb923942f9fe,rover,H14_off,lock,125.60000000000001,128.60000000000002,260,0.3939393939393939,0.07813731289315479,0.07264716715202177,-0.072646364608578,0.12492018297463828,0.10413054533409423,2.8616999998121173e-05,0,
original_fault,30618_88548b02,711abb923942f9fe,rover,v7_hook,lock,125.60000000000001,128.60000000000002,260,0.3939393939393939,0.07813731289315479,0.07264716715202177,-0.072646364608578,0.12492018297463828,0.10413054533409423,2.8616999998121173e-05,0,
original_fault,30618_bcc9e7a2,664cca45aeb0db23,master,v7_baseline,bias,102.7,107.7,0,0.0,,,,,,,0,
original_fault,30618_bcc9e7a2,664cca45aeb0db23,master,H14_async_pairs,bias,102.7,107.7,0,0.0,,,,,,,0,
original_fault,30618_bcc9e7a2,664cca45aeb0db23,master,H14_off,bias,102.7,107.7,0,0.0,,,,,,,0,
original_fault,30618_bcc9e7a2,664cca45aeb0db23,master,v7_hook,bias,102.7,107.7,0,0.0,,,,,,,0,
original_fault,30618_bcc9e7a2,664cca45aeb0db23,rover,v7_baseline,bias,102.7,107.7,0,0.0,,,,,,,0,
original_fault,30618_bcc9e7a2,664cca45aeb0db23,rover,H14_async_pairs,bias,102.7,107.7,0,0.0,,,,,,,0,
original_fault,30618_bcc9e7a2,664cca45aeb0db23,rover,H14_off,bias,102.7,107.7,0,0.0,,,,,,,0,
original_fault,30618_bcc9e7a2,664cca45aeb0db23,rover,v7_hook,bias,102.7,107.7,0,0.0,,,,,,,0,
original_fault,30618_bcc9e7a2,664cca45aeb0db23,master,v7_baseline,dropout,102.7,107.7,0,0.0,,,,,,,0,
original_fault,30618_bcc9e7a2,664cca45aeb0db23,master,H14_async_pairs,dropout,102.7,107.7,0,0.0,,,,,,,0,
original_fault,30618_bcc9e7a2,664cca45aeb0db23,master,H14_off,dropout,102.7,107.7,0,0.0,,,,,,,0,
original_fault,30618_bcc9e7a2,664cca45aeb0db23,master,v7_hook,dropout,102.7,107.7,0,0.0,,,,,,,0,
original_fault,30618_bcc9e7a2,664cca45aeb0db23,rover,v7_baseline,dropout,102.7,107.7,0,0.0,,,,,,,0,
original_fault,30618_bcc9e7a2,664cca45aeb0db23,rover,H14_async_pairs,dropout,102.7,107.7,0,0.0,,,,,,,0,
original_fault,30618_bcc9e7a2,664cca45aeb0db23,rover,H14_off,dropout,102.7,107.7,0,0.0,,,,,,,0,
original_fault,30618_bcc9e7a2,664cca45aeb0db23,rover,v7_hook,dropout,102.7,107.7,0,0.0,,,,,,,0,
original_fault,30618_bcc9e7a2,664cca45aeb0db23,master,v7_baseline,dropout,102.7,112.7,0,0.0,,,,,,,0,
original_fault,30618_bcc9e7a2,664cca45aeb0db23,master,H14_async_pairs,dropout,102.7,112.7,0,0.0,,,,,,,0,
original_fault,30618_bcc9e7a2,664cca45aeb0db23,master,H14_off,dropout,102.7,112.7,0,0.0,,,,,,,0,
original_fault,30618_bcc9e7a2,664cca45aeb0db23,master,v7_hook,dropout,102.7,112.7,0,0.0,,,,,,,0,
original_fault,30618_bcc9e7a2,664cca45aeb0db23,rover,v7_baseline,dropout,102.7,112.7,0,0.0,,,,,,,0,
original_fault,30618_bcc9e7a2,664cca45aeb0db23,rover,H14_async_pairs,dropout,102.7,112.7,0,0.0,,,,,,,0,
original_fault,30618_bcc9e7a2,664cca45aeb0db23,rover,H14_off,dropout,102.7,112.7,0,0.0,,,,,,,0,
original_fault,30618_bcc9e7a2,664cca45aeb0db23,rover,v7_hook,dropout,102.7,112.7,0,0.0,,,,,,,0,
original_fault,30618_bcc9e7a2,664cca45aeb0db23,master,v7_baseline,lock,102.7,105.7,0,0.0,,,,,,,0,
original_fault,30618_bcc9e7a2,664cca45aeb0db23,master,H14_async_pairs,lock,102.7,105.7,0,0.0,,,,,,,0,
original_fault,30618_bcc9e7a2,664cca45aeb0db23,master,H14_off,lock,102.7,105.7,0,0.0,,,,,,,0,
original_fault,30618_bcc9e7a2,664cca45aeb0db23,master,v7_hook,lock,102.7,105.7,0,0.0,,,,,,,0,
original_fault,30618_bcc9e7a2,664cca45aeb0db23,rover,v7_baseline,lock,102.7,105.7,0,0.0,,,,,,,0,
original_fault,30618_bcc9e7a2,664cca45aeb0db23,rover,H14_async_pairs,lock,102.7,105.7,0,0.0,,,,,,,0,
original_fault,30618_bcc9e7a2,664cca45aeb0db23,rover,H14_off,lock,102.7,105.7,0,0.0,,,,,,,0,
original_fault,30618_bcc9e7a2,664cca45aeb0db23,rover,v7_hook,lock,102.7,105.7,0,0.0,,,,,,,0,
original_fault,30639_9c362687,a8a4c11ebcc1dde2,master,v7_baseline,bias,136.0,141.0,300,0.42796005706134094,0.08202798371390896,0.06933874948138961,0.06860856530970348,0.15706250064317145,0.10930527522193631,0.007980078999992202,0,
original_fault,30639_9c362687,a8a4c11ebcc1dde2,master,H14_async_pairs,bias,136.0,141.0,300,0.42796005706134094,0.08202798371390896,0.06933874948138961,0.06860856530970348,0.15706250064317145,0.10930527522193631,0.007980078999992202,0,
original_fault,30639_9c362687,a8a4c11ebcc1dde2,master,H14_off,bias,136.0,141.0,300,0.42796005706134094,0.08202798371390896,0.06933874948138961,0.06860856530970348,0.15706250064317145,0.10930527522193631,0.007980078999992202,0,
original_fault,30639_9c362687,a8a4c11ebcc1dde2,master,v7_hook,bias,136.0,141.0,300,0.42796005706134094,0.08202798371390896,0.06933874948138961,0.06860856530970348,0.15706250064317145,0.10930527522193631,0.007980078999992202,0,
original_fault,30639_9c362687,a8a4c11ebcc1dde2,rover,v7_baseline,bias,136.0,141.0,300,0.42796005706134094,0.32276076046300284,0.10874277431322227,0.1079285653097034,0.1773517623485552,0.11621717661814171,0.007980078999992202,0,
original_fault,30639_9c362687,a8a4c11ebcc1dde2,rover,H14_async_pairs,bias,136.0,141.0,300,0.42796005706134094,0.32276076046300284,0.10874277431322227,0.1079285653097034,0.1773517623485552,0.11621717661814171,0.007980078999992202,0,
original_fault,30639_9c362687,a8a4c11ebcc1dde2,rover,H14_off,bias,136.0,141.0,300,0.42796005706134094,0.32276076046300284,0.10874277431322227,0.1079285653097034,0.1773517623485552,0.11621717661814171,0.007980078999992202,0,
original_fault,30639_9c362687,a8a4c11ebcc1dde2,rover,v7_hook,bias,136.0,141.0,300,0.42796005706134094,0.32276076046300284,0.10874277431322227,0.1079285653097034,0.1773517623485552,0.11621717661814171,0.007980078999992202,0,
original_fault,30639_9c362687,a8a4c11ebcc1dde2,master,v7_baseline,dropout,136.0,141.0,300,0.42796005706134094,0.09586884795996535,0.07350239087530977,0.009751053437327798,0.21846015868483273,0.14009505232412092,0.007980078999992202,0,
original_fault,30639_9c362687,a8a4c11ebcc1dde2,master,H14_async_pairs,dropout,136.0,141.0,300,0.42796005706134094,0.09586884795996535,0.07350239087530977,0.009751053437327798,0.21846015868483273,0.14009505232412092,0.007980078999992202,0,
original_fault,30639_9c362687,a8a4c11ebcc1dde2,master,H14_off,dropout,136.0,141.0,300,0.42796005706134094,0.09586884795996535,0.07350239087530977,0.009751053437327798,0.21846015868483273,0.14009505232412092,0.007980078999992202,0,
original_fault,30639_9c362687,a8a4c11ebcc1dde2,master,v7_hook,dropout,136.0,141.0,300,0.42796005706134094,0.09586884795996535,0.07350239087530977,0.009751053437327798,0.21846015868483273,0.14009505232412092,0.007980078999992202,0,
original_fault,30639_9c362687,a8a4c11ebcc1dde2,rover,v7_baseline,dropout,136.0,141.0,300,0.42796005706134094,0.325315294850015,0.11081562531499393,0.04907105343732776,0.23813896675008084,0.13688365830250557,0.007980078999992202,0,
original_fault,30639_9c362687,a8a4c11ebcc1dde2,rover,H14_async_pairs,dropout,136.0,141.0,300,0.42796005706134094,0.325315294850015,0.11081562531499393,0.04907105343732776,0.23813896675008084,0.13688365830250557,0.007980078999992202,0,
original_fault,30639_9c362687,a8a4c11ebcc1dde2,rover,H14_off,dropout,136.0,141.0,300,0.42796005706134094,0.325315294850015,0.11081562531499393,0.04907105343732776,0.23813896675008084,0.13688365830250557,0.007980078999992202,0,
original_fault,30639_9c362687,a8a4c11ebcc1dde2,rover,v7_hook,dropout,136.0,141.0,300,0.42796005706134094,0.325315294850015,0.11081562531499393,0.04907105343732776,0.23813896675008084,0.13688365830250557,0.007980078999992202,0,
original_fault,30639_9c362687,a8a4c11ebcc1dde2,master,v7_baseline,dropout,136.0,146.0,400,0.5,0.18639874652847596,0.12503420075812094,0.07211068288157464,0.4401533756239941,0.2570956101757153,0.05798007900000357,0,
original_fault,30639_9c362687,a8a4c11ebcc1dde2,master,H14_async_pairs,dropout,136.0,146.0,400,0.5,0.18639874652847596,0.12503420075812094,0.07211068288157464,0.4401533756239941,0.2570956101757153,0.05798007900000357,0,
original_fault,30639_9c362687,a8a4c11ebcc1dde2,master,H14_off,dropout,136.0,146.0,400,0.5,0.18639874652847596,0.12503420075812094,0.07211068288157464,0.4401533756239941,0.2570956101757153,0.05798007900000357,0,
original_fault,30639_9c362687,a8a4c11ebcc1dde2,master,v7_hook,dropout,136.0,146.0,400,0.5,0.18639874652847596,0.12503420075812094,0.07211068288157464,0.4401533756239941,0.2570956101757153,0.05798007900000357,0,
original_fault,30639_9c362687,a8a4c11ebcc1dde2,rover,v7_baseline,dropout,136.0,146.0,400,0.5,0.4391685850167858,0.189294868844474,0.1351031828815746,0.458248074675193,0.258670138631096,0.05798007900000357,0,
original_fault,30639_9c362687,a8a4c11ebcc1dde2,rover,H14_async_pairs,dropout,136.0,146.0,400,0.5,0.4391685850167858,0.189294868844474,0.1351031828815746,0.458248074675193,0.258670138631096,0.05798007900000357,0,
original_fault,30639_9c362687,a8a4c11ebcc1dde2,rover,H14_off,dropout,136.0,146.0,400,0.5,0.4391685850167858,0.189294868844474,0.1351031828815746,0.458248074675193,0.258670138631096,0.05798007900000357,0,
original_fault,30639_9c362687,a8a4c11ebcc1dde2,rover,v7_hook,dropout,136.0,146.0,400,0.5,0.4391685850167858,0.189294868844474,0.1351031828815746,0.458248074675193,0.258670138631096,0.05798007900000357,0,
original_fault,30639_9c362687,a8a4c11ebcc1dde2,master,v7_baseline,lock,136.0,139.0,260,0.3939393939393939,0.10226095415480102,0.08221590304285555,0.025943224658920124,0.2280444193689353,0.16024774427260532,0.007980078999992202,0,
original_fault,30639_9c362687,a8a4c11ebcc1dde2,master,H14_async_pairs,lock,136.0,139.0,260,0.3939393939393939,0.10226095415480102,0.08221590304285555,0.025943224658920124,0.2280444193689353,0.16024774427260532,0.007980078999992202,0,
original_fault,30639_9c362687,a8a4c11ebcc1dde2,master,H14_off,lock,136.0,139.0,260,0.3939393939393939,0.10226095415480102,0.08221590304285555,0.025943224658920124,0.2280444193689353,0.16024774427260532,0.007980078999992202,0,
original_fault,30639_9c362687,a8a4c11ebcc1dde2,master,v7_hook,lock,136.0,139.0,260,0.3939393939393939,0.10226095415480102,0.08221590304285555,0.025943224658920124,0.2280444193689353,0.16024774427260532,0.007980078999992202,0,
original_fault,30639_9c362687,a8a4c11ebcc1dde2,rover,v7_baseline,lock,136.0,139.0,260,0.3939393939393939,0.10908745157027513,0.09153769012344137,0.03579322465892009,0.2328510726146013,0.154943595630792,0.15798007899999789,0,
original_fault,30639_9c362687,a8a4c11ebcc1dde2,rover,H14_async_pairs,lock,136.0,139.0,260,0.3939393939393939,0.10908745157027513,0.09153769012344137,0.03579322465892009,0.2328510726146013,0.154943595630792,0.15798007899999789,0,
original_fault,30639_9c362687,a8a4c11ebcc1dde2,rover,H14_off,lock,136.0,139.0,260,0.3939393939393939,0.10908745157027513,0.09153769012344137,0.03579322465892009,0.2328510726146013,0.154943595630792,0.15798007899999789,0,
original_fault,30639_9c362687,a8a4c11ebcc1dde2,rover,v7_hook,lock,136.0,139.0,260,0.3939393939393939,0.10908745157027513,0.09153769012344137,0.03579322465892009,0.2328510726146013,0.154943595630792,0.15798007899999789,0,
original_fault,30639_c31df386,70bb14d1c90f301f,master,v7_baseline,bias,142.4,147.4,300,0.42857142857142855,0.08937720365346748,0.07823199324990117,0.060501049178339567,0.1382249811426105,0.043808469218313204,0.04167189599999688,0,
original_fault,30639_c31df386,70bb14d1c90f301f,master,H14_async_pairs,bias,142.4,147.4,300,0.42857142857142855,0.08937720365346748,0.07823199324990117,0.060501049178339567,0.1382249811426105,0.043808469218313204,0.04167189599999688,0,
original_fault,30639_c31df386,70bb14d1c90f301f,master,H14_off,bias,142.4,147.4,300,0.42857142857142855,0.08937720365346748,0.07823199324990117,0.060501049178339567,0.1382249811426105,0.043808469218313204,0.04167189599999688,0,
original_fault,30639_c31df386,70bb14d1c90f301f,master,v7_hook,bias,142.4,147.4,300,0.42857142857142855,0.08937720365346748,0.07823199324990117,0.060501049178339567,0.1382249811426105,0.043808469218313204,0.04167189599999688,0,
original_fault,30639_c31df386,70bb14d1c90f301f,rover,v7_baseline,bias,142.4,147.4,300,0.42857142857142855,0.08981576057618769,0.07858577073276668,0.060391049178339505,0.14908392345686022,0.04499047423512338,0.04167189599999688,0,
original_fault,30639_c31df386,70bb14d1c90f301f,rover,H14_async_pairs,bias,142.4,147.4,300,0.42857142857142855,0.08981576057618769,0.07858577073276668,0.060391049178339505,0.14908392345686022,0.04499047423512338,0.04167189599999688,0,
original_fault,30639_c31df386,70bb14d1c90f301f,rover,H14_off,bias,142.4,147.4,300,0.42857142857142855,0.08981576057618769,0.07858577073276668,0.060391049178339505,0.14908392345686022,0.04499047423512338,0.04167189599999688,0,
original_fault,30639_c31df386,70bb14d1c90f301f,rover,v7_hook,bias,142.4,147.4,300,0.42857142857142855,0.08981576057618769,0.07858577073276668,0.060391049178339505,0.14908392345686022,0.04499047423512338,0.04167189599999688,0,
original_fault,30639_c31df386,70bb14d1c90f301f,master,v7_baseline,dropout,142.4,147.4,300,0.42857142857142855,0.23197930700445596,0.18297832972279238,-0.04954729946696169,0.4735192495458594,0.37335518171707316,0.04167189599999688,0,
original_fault,30639_c31df386,70bb14d1c90f301f,master,H14_async_pairs,dropout,142.4,147.4,300,0.42857142857142855,0.23197930700445596,0.18297832972279238,-0.04954729946696169,0.4735192495458594,0.37335518171707316,0.04167189599999688,0,
original_fault,30639_c31df386,70bb14d1c90f301f,master,H14_off,dropout,142.4,147.4,300,0.42857142857142855,0.23197930700445596,0.18297832972279238,-0.04954729946696169,0.4735192495458594,0.37335518171707316,0.04167189599999688,0,
original_fault,30639_c31df386,70bb14d1c90f301f,master,v7_hook,dropout,142.4,147.4,300,0.42857142857142855,0.23197930700445596,0.18297832972279238,-0.04954729946696169,0.4735192495458594,0.37335518171707316,0.04167189599999688,0,
original_fault,30639_c31df386,70bb14d1c90f301f,rover,v7_baseline,dropout,142.4,147.4,300,0.42857142857142855,0.2315164917629049,0.18275165844493554,-0.04965729946696174,0.4715396823889536,0.3723425838884605,0.04167189599999688,0,
original_fault,30639_c31df386,70bb14d1c90f301f,rover,H14_async_pairs,dropout,142.4,147.4,300,0.42857142857142855,0.2315164917629049,0.18275165844493554,-0.04965729946696174,0.4715396823889536,0.3723425838884605,0.04167189599999688,0,
original_fault,30639_c31df386,70bb14d1c90f301f,rover,H14_off,dropout,142.4,147.4,300,0.42857142857142855,0.2315164917629049,0.18275165844493554,-0.04965729946696174,0.4715396823889536,0.3723425838884605,0.04167189599999688,0,
original_fault,30639_c31df386,70bb14d1c90f301f,rover,v7_hook,dropout,142.4,147.4,300,0.42857142857142855,0.2315164917629049,0.18275165844493554,-0.04965729946696174,0.4715396823889536,0.3723425838884605,0.04167189599999688,0,
original_fault,30639_c31df386,70bb14d1c90f301f,master,v7_baseline,dropout,142.4,152.4,355,0.4431960049937578,0.3384095963550736,0.2789869279265642,-0.20139916161540922,0.5428105768508479,0.4413995048875248,0.09167189600000825,0,
original_fault,30639_c31df386,70bb14d1c90f301f,master,H14_async_pairs,dropout,142.4,152.4,355,0.4431960049937578,0.3384095963550736,0.2789869279265642,-0.20139916161540922,0.5428105768508479,0.4413995048875248,0.09167189600000825,0,
original_fault,30639_c31df386,70bb14d1c90f301f,master,H14_off,dropout,142.4,152.4,355,0.4431960049937578,0.3384095963550736,0.2789869279265642,-0.20139916161540922,0.5428105768508479,0.4413995048875248,0.09167189600000825,0,
original_fault,30639_c31df386,70bb14d1c90f301f,master,v7_hook,dropout,142.4,152.4,355,0.4431960049937578,0.3384095963550736,0.2789869279265642,-0.20139916161540922,0.5428105768508479,0.4413995048875248,0.09167189600000825,0,
original_fault,30639_c31df386,70bb14d1c90f301f,rover,v7_baseline,dropout,142.4,152.4,400,0.4993757802746567,0.31952427478616574,0.25662150379055954,-0.16934607743578456,0.5380091431926686,0.4406594935280277,0.09167189600000825,0,
original_fault,30639_c31df386,70bb14d1c90f301f,rover,H14_async_pairs,dropout,142.4,152.4,400,0.4993757802746567,0.31952427478616574,0.25662150379055954,-0.16934607743578456,0.5380091431926686,0.4406594935280277,0.09167189600000825,0,
original_fault,30639_c31df386,70bb14d1c90f301f,rover,H14_off,dropout,142.4,152.4,400,0.4993757802746567,0.31952427478616574,0.25662150379055954,-0.16934607743578456,0.5380091431926686,0.4406594935280277,0.09167189600000825,0,
original_fault,30639_c31df386,70bb14d1c90f301f,rover,v7_hook,dropout,142.4,152.4,400,0.4993757802746567,0.31952427478616574,0.25662150379055954,-0.16934607743578456,0.5380091431926686,0.4406594935280277,0.09167189600000825,0,
original_fault,30639_c31df386,70bb14d1c90f301f,master,v7_baseline,lock,142.4,145.4,260,0.3939393939393939,0.1741371721761973,0.14128712727712864,0.0073895100225264115,0.3874028124093728,0.2994322130804756,0.1416718959999912,0,
original_fault,30639_c31df386,70bb14d1c90f301f,master,H14_async_pairs,lock,142.4,145.4,260,0.3939393939393939,0.1741371721761973,0.14128712727712864,0.0073895100225264115,0.3874028124093728,0.2994322130804756,0.1416718959999912,0,
original_fault,30639_c31df386,70bb14d1c90f301f,master,H14_off,lock,142.4,145.4,260,0.3939393939393939,0.1741371721761973,0.14128712727712864,0.0073895100225264115,0.3874028124093728,0.2994322130804756,0.1416718959999912,0,
original_fault,30639_c31df386,70bb14d1c90f301f,master,v7_hook,lock,142.4,145.4,260,0.3939393939393939,0.1741371721761973,0.14128712727712864,0.0073895100225264115,0.3874028124093728,0.2994322130804756,0.1416718959999912,0,
original_fault,30639_c31df386,70bb14d1c90f301f,rover,v7_baseline,lock,142.4,145.4,260,0.3939393939393939,0.17458313005303022,0.1416822310488033,0.0073010484840648196,0.391896815921939,0.30036140509334913,0.1416718959999912,0,
original_fault,30639_c31df386,70bb14d1c90f301f,rover,H14_async_pairs,lock,142.4,145.4,260,0.3939393939393939,0.17458313005303022,0.1416822310488033,0.0073010484840648196,0.391896815921939,0.30036140509334913,0.1416718959999912,0,
original_fault,30639_c31df386,70bb14d1c90f301f,rover,H14_off,lock,142.4,145.4,260,0.3939393939393939,0.17458313005303022,0.1416822310488033,0.0073010484840648196,0.391896815921939,0.30036140509334913,0.1416718959999912,0,
original_fault,30639_c31df386,70bb14d1c90f301f,rover,v7_hook,lock,142.4,145.4,260,0.3939393939393939,0.17458313005303022,0.1416822310488033,0.0073010484840648196,0.391896815921939,0.30036140509334913,0.1416718959999912,0,
original_fault,30639_dce52be4,70bb14d1c90f301f,master,v7_baseline,bias,114.9,119.9,300,0.42796005706134094,0.06244364261522036,0.0472332778553839,0.03234324541462102,0.137214973985645,0.0799638014420416,0.014843622999990203,0,
original_fault,30639_dce52be4,70bb14d1c90f301f,master,H14_async_pairs,bias,114.9,119.9,300,0.42796005706134094,0.06244364261522036,0.0472332778553839,0.03234324541462102,0.137214973985645,0.0799638014420416,0.014843622999990203,0,
original_fault,30639_dce52be4,70bb14d1c90f301f,master,H14_off,bias,114.9,119.9,300,0.42796005706134094,0.06244364261522036,0.0472332778553839,0.03234324541462102,0.137214973985645,0.0799638014420416,0.014843622999990203,0,
original_fault,30639_dce52be4,70bb14d1c90f301f,master,v7_hook,bias,114.9,119.9,300,0.42796005706134094,0.06244364261522036,0.0472332778553839,0.03234324541462102,0.137214973985645,0.0799638014420416,0.014843622999990203,0,
original_fault,30639_dce52be4,70bb14d1c90f301f,rover,v7_baseline,bias,114.9,119.9,300,0.42796005706134094,0.059802553050799165,0.04545792064140924,0.027929912081287683,0.12083097569893553,0.07964387341988126,0.014843622999990203,0,
original_fault,30639_dce52be4,70bb14d1c90f301f,rover,H14_async_pairs,bias,114.9,119.9,300,0.42796005706134094,0.059802553050799165,0.04545792064140924,0.027929912081287683,0.12083097569893553,0.07964387341988126,0.014843622999990203,0,
original_fault,30639_dce52be4,70bb14d1c90f301f,rover,H14_off,bias,114.9,119.9,300,0.42796005706134094,0.059802553050799165,0.04545792064140924,0.027929912081287683,0.12083097569893553,0.07964387341988126,0.014843622999990203,0,
original_fault,30639_dce52be4,70bb14d1c90f301f,rover,v7_hook,bias,114.9,119.9,300,0.42796005706134094,0.059802553050799165,0.04545792064140924,0.027929912081287683,0.12083097569893553,0.07964387341988126,0.014843622999990203,0,
original_fault,30639_dce52be4,70bb14d1c90f301f,master,v7_baseline,dropout,114.9,119.9,300,0.42796005706134094,0.15818167656294072,0.10470408309210333,-0.05461795108002675,0.35456653231763025,0.2646800279422154,0.014843622999990203,0,
original_fault,30639_dce52be4,70bb14d1c90f301f,master,H14_async_pairs,dropout,114.9,119.9,300,0.42796005706134094,0.15818167656294072,0.10470408309210333,-0.05461795108002675,0.35456653231763025,0.2646800279422154,0.014843622999990203,0,
original_fault,30639_dce52be4,70bb14d1c90f301f,master,H14_off,dropout,114.9,119.9,300,0.42796005706134094,0.15818167656294072,0.10470408309210333,-0.05461795108002675,0.35456653231763025,0.2646800279422154,0.014843622999990203,0,
original_fault,30639_dce52be4,70bb14d1c90f301f,master,v7_hook,dropout,114.9,119.9,300,0.42796005706134094,0.15818167656294072,0.10470408309210333,-0.05461795108002675,0.35456653231763025,0.2646800279422154,0.014843622999990203,0,
original_fault,30639_dce52be4,70bb14d1c90f301f,rover,v7_baseline,dropout,114.9,119.9,300,0.42796005706134094,0.16100877799084384,0.10438630879288023,-0.05903128441336007,0.3713547841310758,0.27116437513893255,0.014843622999990203,0,
original_fault,30639_dce52be4,70bb14d1c90f301f,rover,H14_async_pairs,dropout,114.9,119.9,300,0.42796005706134094,0.16100877799084384,0.10438630879288023,-0.05903128441336007,0.3713547841310758,0.27116437513893255,0.014843622999990203,0,
original_fault,30639_dce52be4,70bb14d1c90f301f,rover,H14_off,dropout,114.9,119.9,300,0.42796005706134094,0.16100877799084384,0.10438630879288023,-0.05903128441336007,0.3713547841310758,0.27116437513893255,0.014843622999990203,0,
original_fault,30639_dce52be4,70bb14d1c90f301f,rover,v7_hook,dropout,114.9,119.9,300,0.42796005706134094,0.16100877799084384,0.10438630879288023,-0.05903128441336007,0.3713547841310758,0.27116437513893255,0.014843622999990203,0,
original_fault,30639_dce52be4,70bb14d1c90f301f,master,v7_baseline,dropout,114.9,124.9,400,0.5,0.16495249431640233,0.11388710612813199,-0.03625383722758159,0.35352513510877515,0.22795906454340564,0.06484362299998736,0,
original_fault,30639_dce52be4,70bb14d1c90f301f,master,H14_async_pairs,dropout,114.9,124.9,400,0.5,0.16495249431640233,0.11388710612813199,-0.03625383722758159,0.35352513510877515,0.22795906454340564,0.06484362299998736,0,
original_fault,30639_dce52be4,70bb14d1c90f301f,master,H14_off,dropout,114.9,124.9,400,0.5,0.16495249431640233,0.11388710612813199,-0.03625383722758159,0.35352513510877515,0.22795906454340564,0.06484362299998736,0,
original_fault,30639_dce52be4,70bb14d1c90f301f,master,v7_hook,dropout,114.9,124.9,400,0.5,0.16495249431640233,0.11388710612813199,-0.03625383722758159,0.35352513510877515,0.22795906454340564,0.06484362299998736,0,
original_fault,30639_dce52be4,70bb14d1c90f301f,rover,v7_baseline,dropout,114.9,124.9,400,0.5,0.1690396015487569,0.11598100756223681,-0.03948883722758158,0.3656950858294407,0.23422860540305324,0.06484362299998736,0,
original_fault,30639_dce52be4,70bb14d1c90f301f,rover,H14_async_pairs,dropout,114.9,124.9,400,0.5,0.1690396015487569,0.11598100756223681,-0.03948883722758158,0.3656950858294407,0.23422860540305324,0.06484362299998736,0,
original_fault,30639_dce52be4,70bb14d1c90f301f,rover,H14_off,dropout,114.9,124.9,400,0.5,0.1690396015487569,0.11598100756223681,-0.03948883722758158,0.3656950858294407,0.23422860540305324,0.06484362299998736,0,
original_fault,30639_dce52be4,70bb14d1c90f301f,rover,v7_hook,dropout,114.9,124.9,400,0.5,0.1690396015487569,0.11598100756223681,-0.03948883722758158,0.3656950858294407,0.23422860540305324,0.06484362299998736,0,
original_fault,30639_dce52be4,70bb14d1c90f301f,master,v7_baseline,lock,114.9,117.9,260,0.3939393939393939,0.1275517992073352,0.08474402735218793,-0.008640219918261942,0.340072126036577,0.2261360595716466,0.21484362299999304,0,
original_fault,30639_dce52be4,70bb14d1c90f301f,master,H14_async_pairs,lock,114.9,117.9,260,0.3939393939393939,0.1275517992073352,0.08474402735218793,-0.008640219918261942,0.340072126036577,0.2261360595716466,0.21484362299999304,0,
original_fault,30639_dce52be4,70bb14d1c90f301f,master,H14_off,lock,114.9,117.9,260,0.3939393939393939,0.1275517992073352,0.08474402735218793,-0.008640219918261942,0.340072126036577,0.2261360595716466,0.21484362299999304,0,
original_fault,30639_dce52be4,70bb14d1c90f301f,master,v7_hook,lock,114.9,117.9,260,0.3939393939393939,0.1275517992073352,0.08474402735218793,-0.008640219918261942,0.340072126036577,0.2261360595716466,0.21484362299999304,0,
original_fault,30639_dce52be4,70bb14d1c90f301f,rover,v7_baseline,lock,114.9,117.9,260,0.3939393939393939,0.12821074319389306,0.08274757084776008,-0.013355604533646554,0.35490985725280955,0.22919062151453962,0.21484362299999304,0,
original_fault,30639_dce52be4,70bb14d1c90f301f,rover,H14_async_pairs,lock,114.9,117.9,260,0.3939393939393939,0.12821074319389306,0.08274757084776008,-0.013355604533646554,0.35490985725280955,0.22919062151453962,0.21484362299999304,0,
original_fault,30639_dce52be4,70bb14d1c90f301f,rover,H14_off,lock,114.9,117.9,260,0.3939393939393939,0.12821074319389306,0.08274757084776008,-0.013355604533646554,0.35490985725280955,0.22919062151453962,0.21484362299999304,0,
original_fault,30639_dce52be4,70bb14d1c90f301f,rover,v7_hook,lock,114.9,117.9,260,0.3939393939393939,0.12821074319389306,0.08274757084776008,-0.013355604533646554,0.35490985725280955,0.22919062151453962,0.21484362299999304,0,
original_fault,30639_e4379d7f,a0c46036cc19092a,master,v7_baseline,bias,165.5,170.5,0,0.0,,,,,,,0,
original_fault,30639_e4379d7f,a0c46036cc19092a,master,H14_async_pairs,bias,165.5,170.5,0,0.0,,,,,,,0,
original_fault,30639_e4379d7f,a0c46036cc19092a,master,H14_off,bias,165.5,170.5,0,0.0,,,,,,,0,
original_fault,30639_e4379d7f,a0c46036cc19092a,master,v7_hook,bias,165.5,170.5,0,0.0,,,,,,,0,
original_fault,30639_e4379d7f,a0c46036cc19092a,rover,v7_baseline,bias,165.5,170.5,116,0.1657142857142857,0.09691170545430397,0.0830014364560184,0.05473588549175669,0.16540547848235843,0.07437063789617557,,0,
original_fault,30639_e4379d7f,a0c46036cc19092a,rover,H14_async_pairs,bias,165.5,170.5,116,0.1657142857142857,0.09691170545430397,0.0830014364560184,0.05473588549175669,0.16540547848235843,0.07437063789617557,,0,
original_fault,30639_e4379d7f,a0c46036cc19092a,rover,H14_off,bias,165.5,170.5,116,0.1657142857142857,0.09691170545430397,0.0830014364560184,0.05473588549175669,0.16540547848235843,0.07437063789617557,,0,
original_fault,30639_e4379d7f,a0c46036cc19092a,rover,v7_hook,bias,165.5,170.5,116,0.1657142857142857,0.09691170545430397,0.0830014364560184,0.05473588549175669,0.16540547848235843,0.07437063789617557,,0,
original_fault,30639_e4379d7f,a0c46036cc19092a,master,v7_baseline,dropout,165.5,170.5,0,0.0,,,,,,,0,
original_fault,30639_e4379d7f,a0c46036cc19092a,master,H14_async_pairs,dropout,165.5,170.5,0,0.0,,,,,,,0,
original_fault,30639_e4379d7f,a0c46036cc19092a,master,H14_off,dropout,165.5,170.5,0,0.0,,,,,,,0,
original_fault,30639_e4379d7f,a0c46036cc19092a,master,v7_hook,dropout,165.5,170.5,0,0.0,,,,,,,0,
original_fault,30639_e4379d7f,a0c46036cc19092a,rover,v7_baseline,dropout,165.5,170.5,116,0.1657142857142857,0.21325647752245103,0.15643809018861574,0.1445778165967107,0.5083867434338583,0.34011946552944894,,0,
original_fault,30639_e4379d7f,a0c46036cc19092a,rover,H14_async_pairs,dropout,165.5,170.5,116,0.1657142857142857,0.21325647752245103,0.15643809018861574,0.1445778165967107,0.5083867434338583,0.34011946552944894,,0,
original_fault,30639_e4379d7f,a0c46036cc19092a,rover,H14_off,dropout,165.5,170.5,116,0.1657142857142857,0.21325647752245103,0.15643809018861574,0.1445778165967107,0.5083867434338583,0.34011946552944894,,0,
original_fault,30639_e4379d7f,a0c46036cc19092a,rover,v7_hook,dropout,165.5,170.5,116,0.1657142857142857,0.21325647752245103,0.15643809018861574,0.1445778165967107,0.5083867434338583,0.34011946552944894,,0,
original_fault,30639_e4379d7f,a0c46036cc19092a,master,v7_baseline,dropout,165.5,175.5,0,0.0,,,,,,,0,
original_fault,30639_e4379d7f,a0c46036cc19092a,master,H14_async_pairs,dropout,165.5,175.5,0,0.0,,,,,,,0,
original_fault,30639_e4379d7f,a0c46036cc19092a,master,H14_off,dropout,165.5,175.5,0,0.0,,,,,,,0,
original_fault,30639_e4379d7f,a0c46036cc19092a,master,v7_hook,dropout,165.5,175.5,0,0.0,,,,,,,0,
original_fault,30639_e4379d7f,a0c46036cc19092a,rover,v7_baseline,dropout,165.5,175.5,154,0.1925,0.2621641060383793,0.21592306113842596,0.2097055298683478,0.5051663280522861,0.3504594682056353,,0,
original_fault,30639_e4379d7f,a0c46036cc19092a,rover,H14_async_pairs,dropout,165.5,175.5,154,0.1925,0.2621641060383793,0.21592306113842596,0.2097055298683478,0.5051663280522861,0.3504594682056353,,0,
original_fault,30639_e4379d7f,a0c46036cc19092a,rover,H14_off,dropout,165.5,175.5,154,0.1925,0.2621641060383793,0.21592306113842596,0.2097055298683478,0.5051663280522861,0.3504594682056353,,0,
original_fault,30639_e4379d7f,a0c46036cc19092a,rover,v7_hook,dropout,165.5,175.5,154,0.1925,0.2621641060383793,0.21592306113842596,0.2097055298683478,0.5051663280522861,0.3504594682056353,,0,
original_fault,30639_e4379d7f,a0c46036cc19092a,master,v7_baseline,lock,165.5,168.5,0,0.0,,,,,,,0,
original_fault,30639_e4379d7f,a0c46036cc19092a,master,H14_async_pairs,lock,165.5,168.5,0,0.0,,,,,,,0,
original_fault,30639_e4379d7f,a0c46036cc19092a,master,H14_off,lock,165.5,168.5,0,0.0,,,,,,,0,
original_fault,30639_e4379d7f,a0c46036cc19092a,master,v7_hook,lock,165.5,168.5,0,0.0,,,,,,,0,
original_fault,30639_e4379d7f,a0c46036cc19092a,rover,v7_baseline,lock,165.5,168.5,100,0.15151515151515152,0.12186167910499171,0.09838491179439326,0.0848236816388249,0.24437122371621567,0.15777796614564962,,0,
original_fault,30639_e4379d7f,a0c46036cc19092a,rover,H14_async_pairs,lock,165.5,168.5,100,0.15151515151515152,0.12186167910499171,0.09838491179439326,0.0848236816388249,0.24437122371621567,0.15777796614564962,,0,
original_fault,30639_e4379d7f,a0c46036cc19092a,rover,H14_off,lock,165.5,168.5,100,0.15151515151515152,0.12186167910499171,0.09838491179439326,0.0848236816388249,0.24437122371621567,0.15777796614564962,,0,
original_fault,30639_e4379d7f,a0c46036cc19092a,rover,v7_hook,lock,165.5,168.5,100,0.15151515151515152,0.12186167910499171,0.09838491179439326,0.0848236816388249,0.24437122371621567,0.15777796614564962,,0,
