scope,suite,metric,baseline,candidate,error_change_percent
all,primary,clean_rmse,0.09266814298282507,0.09239829456463683,-0.2911986897571106
all,primary,pooled_rmse,0.1293056944774334,0.12906870878175775,-0.18327552907347888
all,primary,fault_rmse,0.2375486120563008,0.2114153519934657,-11.001226164454003
all,primary,distance_rmse,5.310295004801444,5.3084393481892365,-0.03494451081398342
all,primary,full_faulted_distance_rmse,6.269376947281123,6.246204215840836,-0.3696177727889882
all,low,event_rmse,0.3685456733063761,0.3685456733063761,0.0
all,common,event_rmse,0.10063227230134311,0.09439544271044101,-6.197643607038838
all,slow,event_rmse,3.1597662712421313,3.170000308807089,0.32388590441325693
30618,primary,clean_rmse,0.0653297451621433,0.0649074836525307,-0.6463541355696045
30618,primary,pooled_rmse,0.09776499273302508,0.09733338778599658,-0.4414718755282099
30618,primary,fault_rmse,0.27239832988807927,0.2070651797309915,-23.984416565230525
30618,primary,distance_rmse,1.080428810575924,1.0721017851678,-0.7707148612304482
30618,primary,full_faulted_distance_rmse,1.227531488049144,1.1686625970897866,-4.795713310207206
30618,low,event_rmse,0.19767038456063885,0.19767038456063885,0.0
30618,common,event_rmse,0.11858165736384149,0.10298958338658623,-13.148807601342972
30618,slow,event_rmse,3.0258778563796525,3.0348302663621753,0.295861578273815
30639,primary,clean_rmse,0.10633734189316595,0.10614370002068989,-0.182101479149821
30639,primary,pooled_rmse,0.16337951420322822,0.16329000586417378,-0.05478553384795637
30639,primary,fault_rmse,0.21431546683511515,0.21431546683511515,0.0
30639,primary,distance_rmse,7.425228101914204,7.4266081296999555,0.018585661838410594
30639,primary,full_faulted_distance_rmse,9.630607253435777,9.63123196167487,0.006486696245144863
30639,low,event_rmse,0.45398331767924466,0.45398331767924466,0.0
30639,common,event_rmse,0.08866601559301084,0.08866601559301084,0.0
30639,slow,event_rmse,3.2490252144837832,3.2601136704370313,0.3412856232637651
