group,role,variant,subset,n,pairs,lag1_correlation,rms,mean,centered_std
dc785decbed3d7ce,fitting,raw,trusted,16031,12749,-0.004296547486923577,0.019551321008686534,-0.0002557853677235033,0.01954964774696378
dc785decbed3d7ce,fitting,raw,steady,2837,2150,-0.14342511002722244,0.01678044281041902,0.0003956420377080012,0.016775778023440272
dc785decbed3d7ce,fitting,raw,tight,2409,1603,-0.03584471177784794,0.015629705253478513,0.000715652477860404,0.015613312519819303
dc785decbed3d7ce,fitting,age_adjusted,trusted,16031,12749,0.6831084569752736,0.030843376396791532,-0.00016106845663236394,0.03084295583283864
dc785decbed3d7ce,fitting,age_adjusted,steady,2837,2150,0.6350024704358095,0.027440582953014613,-0.007179211626685017,0.02648479777571554
dc785decbed3d7ce,fitting,age_adjusted,tight,2409,1603,0.6979170146496397,0.024487497420846983,-0.005808641760189115,0.02378859413327687
dc785decbed3d7ce,fitting,controlled,trusted,15935,12672,0.060303097036340146,0.022287986447278783,-0.0007058585916293023,0.02227680640313386
dc785decbed3d7ce,fitting,controlled,steady,2837,2150,0.005662257844385719,0.01992657733273024,4.261479392577304e-05,0.019926531764876125
dc785decbed3d7ce,fitting,controlled,tight,2409,1603,0.2584836070677463,0.01835459859348396,0.00036174507932331085,0.018351033486578044
1e811c142a49aa16,fitting,raw,trusted,0,0,,,,
1e811c142a49aa16,fitting,raw,steady,0,0,,,,
1e811c142a49aa16,fitting,raw,tight,0,0,,,,
1e811c142a49aa16,fitting,age_adjusted,trusted,0,0,,,,
1e811c142a49aa16,fitting,age_adjusted,steady,0,0,,,,
1e811c142a49aa16,fitting,age_adjusted,tight,0,0,,,,
1e811c142a49aa16,fitting,controlled,trusted,0,0,,,,
1e811c142a49aa16,fitting,controlled,steady,0,0,,,,
1e811c142a49aa16,fitting,controlled,tight,0,0,,,,
bf69dbfe85be52b0,fitting,raw,trusted,29446,23240,0.3510576473129188,0.026468061345188924,0.0012444182796683232,0.026438791472340628
bf69dbfe85be52b0,fitting,raw,steady,5282,4056,0.7153740619347237,0.03105963509202921,0.004867021112203783,0.03067593580550355
bf69dbfe85be52b0,fitting,raw,tight,4318,2888,0.09943472063178219,0.01849091447981666,0.0014314390866038422,0.018435425149457122
bf69dbfe85be52b0,fitting,age_adjusted,trusted,29446,23240,0.8159001569984933,0.04323657259490061,0.0007735223490857155,0.04322965270424429
bf69dbfe85be52b0,fitting,age_adjusted,steady,5282,4056,0.8645676417867392,0.041493798476157986,-0.0027124670177361985,0.041405046004777055
bf69dbfe85be52b0,fitting,age_adjusted,tight,4318,2888,0.8093928199235506,0.031198975081930355,-0.004628704545756963,0.03085370545641155
bf69dbfe85be52b0,fitting,controlled,trusted,28990,22882,0.447460090301588,0.029877398159200423,5.888068774177627e-05,0.029877340139778236
bf69dbfe85be52b0,fitting,controlled,steady,5282,4056,0.6495155639183277,0.03098170319028606,0.0034246500120617223,0.030791844778542698
bf69dbfe85be52b0,fitting,controlled,tight,4318,2888,0.5262449526885722,0.02258409843959252,0.0010232452826986194,0.02256090582003835
bc1e4cbe924a90ce,fitting,raw,trusted,16431,14021,0.6272657401825089,0.036634841088480634,0.004293161249501383,0.036382418117327064
bc1e4cbe924a90ce,fitting,raw,steady,2761,2195,0.7461441694685904,0.04452935033148593,0.0107740942816449,0.04320627192149808
bc1e4cbe924a90ce,fitting,raw,tight,2222,1553,-0.163137351094016,0.01949147009380423,0.0016371258768518662,0.019422595740039655
bc1e4cbe924a90ce,fitting,age_adjusted,trusted,16431,14021,0.8288773056103053,0.04231014587228007,0.0033102061535413996,0.0421804573108765
bc1e4cbe924a90ce,fitting,age_adjusted,steady,2761,2195,0.8736066945080609,0.04756952616076691,0.0012879869717077224,0.04755208627095764
bc1e4cbe924a90ce,fitting,age_adjusted,tight,2222,1553,0.7518772869989511,0.027858270262451457,-0.007366165540615357,0.02686676063919947
bc1e4cbe924a90ce,fitting,controlled,trusted,16319,13923,0.5674779619151253,0.032387217901397994,0.002850493064324716,0.032261533948076175
bc1e4cbe924a90ce,fitting,controlled,steady,2759,2193,0.6856393213690103,0.037227510637483655,0.0090454598838212,0.036111870676470634
bc1e4cbe924a90ce,fitting,controlled,tight,2222,1553,0.29493270563284624,0.019330822952965114,0.0020525283993123055,0.01922154632720529
0d4506540f0e7621,fitting,raw,trusted,8702,7915,0.42666905175612546,0.0314369215405723,0.0018546250537686756,0.03138216694012752
0d4506540f0e7621,fitting,raw,steady,1472,1293,0.7539444184365779,0.04077617687396131,0.007727633691054626,0.0400372361432886
0d4506540f0e7621,fitting,raw,tight,1269,1030,-0.17400549390516135,0.01774099531859412,0.000641308163130397,0.01772940040537978
0d4506540f0e7621,fitting,age_adjusted,trusted,8702,7915,0.8375005850881593,0.04378114422339682,0.0013669514101273099,0.04375979928372871
0d4506540f0e7621,fitting,age_adjusted,steady,1472,1293,0.9019221215999768,0.04509036149237069,-0.006701359533346828,0.044589600580376226
0d4506540f0e7621,fitting,age_adjusted,tight,1269,1030,0.834112272823026,0.03143946645817421,-0.01178947372126177,0.029145297400272652
0d4506540f0e7621,fitting,controlled,trusted,8627,7847,0.44832221888799634,0.028442766980388064,0.0009811312948479023,0.02842583991517091
0d4506540f0e7621,fitting,controlled,steady,1469,1292,0.7472472401106308,0.031890455487360116,0.0026377742151272757,0.03178117836678349
0d4506540f0e7621,fitting,controlled,tight,1269,1030,0.3463573481764434,0.01748021437210038,-0.002059981603274445,0.01735840920962389
49fc4c6fb44fd0ea,fitting,raw,trusted,0,0,,,,
49fc4c6fb44fd0ea,fitting,raw,steady,0,0,,,,
49fc4c6fb44fd0ea,fitting,raw,tight,0,0,,,,
49fc4c6fb44fd0ea,fitting,age_adjusted,trusted,0,0,,,,
49fc4c6fb44fd0ea,fitting,age_adjusted,steady,0,0,,,,
49fc4c6fb44fd0ea,fitting,age_adjusted,tight,0,0,,,,
49fc4c6fb44fd0ea,fitting,controlled,trusted,0,0,,,,
49fc4c6fb44fd0ea,fitting,controlled,steady,0,0,,,,
49fc4c6fb44fd0ea,fitting,controlled,tight,0,0,,,,
e894436afa9dd9f1,fitting,raw,trusted,15276,12078,-0.02949566305178863,0.020497241555131506,-0.00029175274430733977,0.020495165081199
e894436afa9dd9f1,fitting,raw,steady,2354,1786,-0.14635592221247615,0.015206776344681235,0.0004263825957615168,0.015200797501420392
e894436afa9dd9f1,fitting,raw,tight,2090,1469,-0.13473419244762794,0.014464366440608589,0.0006359273804289826,0.014450380371984147
e894436afa9dd9f1,fitting,age_adjusted,trusted,15276,12078,0.6205623224527838,0.029688458108316607,1.0829284250816508e-05,0.029688456133249375
e894436afa9dd9f1,fitting,age_adjusted,steady,2354,1786,0.6331634313025091,0.023442476781679343,-0.004445968260732606,0.023017017267320573
e894436afa9dd9f1,fitting,age_adjusted,tight,2090,1469,0.65659993793524,0.021716119629399948,-0.004037612181232687,0.021337467976129953
e894436afa9dd9f1,fitting,controlled,trusted,15155,11983,0.1456633055583758,0.024132120810638057,-0.0008798824782804189,0.024116074756138188
e894436afa9dd9f1,fitting,controlled,steady,2354,1786,0.2381359438565141,0.019433620810956974,5.3515441049361073e-05,0.019433547126596045
e894436afa9dd9f1,fitting,controlled,tight,2090,1469,0.4037824341489147,0.01854747566883296,0.00019905542967286558,0.018546407485598618
c8a1e61d1b0710e9,fitting,raw,trusted,30840,23186,0.4450034682877945,0.02824188856418696,0.0011716953729699335,0.02821757253246486
c8a1e61d1b0710e9,fitting,raw,steady,5654,4036,0.6902774648455576,0.03031571348786168,0.001776439057202242,0.030263620876460978
c8a1e61d1b0710e9,fitting,raw,tight,4508,2860,0.06289554398221507,0.018106459560664527,0.0011944945152099432,0.018067015820968146
c8a1e61d1b0710e9,fitting,age_adjusted,trusted,30840,23186,0.8806721917087383,0.05179341095925472,0.00044550000277097,0.05179149494407144
c8a1e61d1b0710e9,fitting,age_adjusted,steady,5654,4036,0.8965020719099329,0.04864679234800285,-0.01347535226536864,0.0467431843916729
c8a1e61d1b0710e9,fitting,age_adjusted,tight,4508,2860,0.8820992061460101,0.03965191858728626,-0.012129170225097935,0.03775126325440482
c8a1e61d1b0710e9,fitting,controlled,trusted,30312,22790,0.5161498359965969,0.0313495605668268,-0.0003132040486536832,0.03134799596396951
c8a1e61d1b0710e9,fitting,controlled,steady,5654,4036,0.6134909724523447,0.028910857806447542,-0.004647580981334651,0.028534850448645514
c8a1e61d1b0710e9,fitting,controlled,tight,4508,2860,0.5425003884630152,0.022706189979057937,-0.004503577764995751,0.022255085950849688
de891506667c23f9,fitting,raw,trusted,6932,5300,0.2528088922956859,0.02217225511462871,-0.0013133775275401044,0.022133321855029614
de891506667c23f9,fitting,raw,steady,1170,876,0.7290083549443696,0.029645905276826326,-0.0060279322530773565,0.029026603873599625
de891506667c23f9,fitting,raw,tight,989,672,0.010524359067948958,0.01718968026285978,-0.00010816441697959962,0.017189339952373116
de891506667c23f9,fitting,age_adjusted,trusted,6932,5300,0.7034356575617778,0.03293879296979388,-0.001032906464628903,0.032922593861089845
de891506667c23f9,fitting,age_adjusted,steady,1170,876,0.8642209856532103,0.04171114089652251,-0.013407924243379988,0.03949742830075568
de891506667c23f9,fitting,age_adjusted,tight,989,672,0.7527781425870381,0.027607958776268586,-0.005720704298751471,0.02700875654520941
de891506667c23f9,fitting,controlled,trusted,6902,5277,0.07161425308676675,0.02270915299957178,-0.0012750911034579075,0.022673327339317498
de891506667c23f9,fitting,controlled,steady,1170,876,0.4728618129518661,0.024598389584058914,-0.002865153278488249,0.024430957140887995
de891506667c23f9,fitting,controlled,tight,989,672,0.2549053756611736,0.018467464206022372,0.0009248260088198266,0.018444292641739555
0f36b619fba02a9b,fitting,raw,trusted,31270,24358,0.44015185483960717,0.027254864322798274,0.0009401849438450982,0.02723864316601525
0f36b619fba02a9b,fitting,raw,steady,4794,3592,0.7068335234018482,0.03085639357105352,0.002236646827154226,0.030775224372574995
0f36b619fba02a9b,fitting,raw,tight,4110,2814,-0.012996314198244067,0.016900090490966746,0.0001663169975705126,0.016899272092583864
0f36b619fba02a9b,fitting,age_adjusted,trusted,31270,24358,0.8729869478651446,0.048855366674654,0.0006492437960312926,0.048851052551692344
0f36b619fba02a9b,fitting,age_adjusted,steady,4794,3592,0.9061645865512576,0.04869712050109,-0.009783427630865088,0.04770423554454369
0f36b619fba02a9b,fitting,age_adjusted,tight,4110,2814,0.9018744965892177,0.03919789084166706,-0.010234693712946897,0.03783815126347232
0f36b619fba02a9b,fitting,controlled,trusted,30846,24058,0.4410702865065074,0.02889409439728821,0.0002367830922344209,0.0288931241787148
0f36b619fba02a9b,fitting,controlled,steady,4794,3592,0.6575528229616785,0.02970831763225967,-0.0020709813249840114,0.029636045162787804
0f36b619fba02a9b,fitting,controlled,tight,4110,2814,0.5230660904032113,0.02042827473751217,-0.003188564737745971,0.02017789542208208
0448e10aab8a0e05,fitting,raw,trusted,14059,10378,0.13668235722308494,0.029449541845206904,0.0008466077503651033,0.029437370300514517
0448e10aab8a0e05,fitting,raw,steady,1573,1109,0.08545131753809518,0.0274667428724519,0.001957663988288468,0.02739688879654669
0448e10aab8a0e05,fitting,raw,tight,1309,821,-0.20155186802985312,0.024110837899351933,0.0005658124161397967,0.024104197985383533
0448e10aab8a0e05,fitting,age_adjusted,trusted,14059,10378,0.7999790367401832,0.04333592665207764,0.0006357509453449073,0.04333126307332555
0448e10aab8a0e05,fitting,age_adjusted,steady,1573,1109,0.7885580583255775,0.03880571990366868,-0.0057588725223161824,0.038376024865971976
0448e10aab8a0e05,fitting,age_adjusted,tight,1309,821,0.799358851828606,0.03502513748953842,-0.006199232885910708,0.03447215931425406
0448e10aab8a0e05,fitting,controlled,trusted,13191,9741,0.35258455936329325,0.028244501818013773,0.0002986327112280179,0.028242923033063836
0448e10aab8a0e05,fitting,controlled,steady,1567,1106,0.3268997945012321,0.025838319532157834,0.0009482273733479235,0.025820914412435565
0448e10aab8a0e05,fitting,controlled,tight,1309,821,0.4334215306926084,0.0233846104842745,0.0003955467045816494,0.023381264942379305
8232b134be2a5002,fitting,raw,trusted,7560,6098,0.10867221398488135,0.02126096379659572,-0.000514975084553042,0.021254726114971312
8232b134be2a5002,fitting,raw,steady,778,591,0.2495563209927276,0.01831279011662362,-0.002204059078892085,0.01817967011340583
8232b134be2a5002,fitting,raw,tight,677,452,0.005120367717206456,0.016587302227095882,-0.00093078944261277,0.016561166208529536
8232b134be2a5002,fitting,age_adjusted,trusted,7560,6098,0.7173724084669295,0.03383051919859111,-0.0010003178695701198,0.03381572701282734
8232b134be2a5002,fitting,age_adjusted,steady,778,591,0.7190502557783309,0.029999980915714878,-0.011607164612016316,0.027663560591738964
8232b134be2a5002,fitting,age_adjusted,tight,677,452,0.7330761568344881,0.02720541824469405,-0.009797677327204976,0.02537991924456627
8232b134be2a5002,fitting,controlled,trusted,7500,6047,0.03137625780398894,0.02239785275894376,-0.0012992997373960696,0.022360134802897034
8232b134be2a5002,fitting,controlled,steady,778,591,0.1578677640899049,0.019551305205157608,-0.0020758045033012094,0.01944079656005117
8232b134be2a5002,fitting,controlled,tight,677,452,0.28808335881452735,0.01836356031792794,-0.001511384521423203,0.018301258546301675
95a748306e6cbf16,fitting,raw,trusted,29498,22044,0.33259769747523105,0.02454005120265907,0.0008995682683354585,0.02452355785687984
95a748306e6cbf16,fitting,raw,steady,5228,3798,0.6652082519612738,0.03078780832262776,0.0033558641409128062,0.030604367616054458
95a748306e6cbf16,fitting,raw,tight,4182,2612,0.14229279596218097,0.017350730315945057,0.0005275150617257466,0.017342709429506897
95a748306e6cbf16,fitting,age_adjusted,trusted,29498,22044,0.7187656817510828,0.03423827272766514,0.0005842415988043592,0.03423328761787575
95a748306e6cbf16,fitting,age_adjusted,steady,5228,3798,0.835757299462618,0.040815084575728355,-0.005135110596106577,0.04049076151530882
95a748306e6cbf16,fitting,age_adjusted,tight,4182,2612,0.7810052555559823,0.028904374941742292,-0.0058590897524153215,0.028304309884644094
95a748306e6cbf16,fitting,controlled,trusted,29266,21880,0.27809731912766766,0.026342051662176548,-0.0002110826593345033,0.026341205930703066
95a748306e6cbf16,fitting,controlled,steady,5224,3794,0.510733228378114,0.02873650792421561,0.0032474728295095404,0.02855242210216331
95a748306e6cbf16,fitting,controlled,tight,4182,2612,0.4839167415415042,0.020799919922904198,0.0012550234940051765,0.020762022657456133
1cff0aebccb39ff5,fitting,raw,trusted,16592,12803,0.0010181446618969857,0.021166692396586785,-0.00032433466909787304,0.02116420738024805
1cff0aebccb39ff5,fitting,raw,steady,2376,1741,-0.05700487190260373,0.016070505601759634,0.00017401990621327708,0.01606956338449895
1cff0aebccb39ff5,fitting,raw,tight,2049,1325,-0.0260203345591131,0.015283666536582953,0.0005235231865942646,0.015274697583735128
1cff0aebccb39ff5,fitting,age_adjusted,trusted,16592,12803,0.6738506761415124,0.03320872801252245,-0.0003090023774074815,0.03320729037034563
1cff0aebccb39ff5,fitting,age_adjusted,steady,2376,1741,0.7146154511295243,0.02878920696071427,-0.0066301605764838055,0.028015342370866697
1cff0aebccb39ff5,fitting,age_adjusted,tight,2049,1325,0.7381935980182563,0.02561446146222767,-0.005669733790668514,0.024979086347240533
1cff0aebccb39ff5,fitting,controlled,trusted,16476,12708,-0.016001901164922196,0.02367218763885597,-0.0008895894779177079,0.02365546655997263
1cff0aebccb39ff5,fitting,controlled,steady,2376,1741,0.06704502207112174,0.019136361749096005,-0.0003496750454826641,0.01913316671005695
1cff0aebccb39ff5,fitting,controlled,tight,2049,1325,0.2899334682073295,0.017959433598186792,-0.00016557925413926883,0.01795867029259904
bc403256f12f9710,fitting,raw,trusted,30310,22794,0.7502959966823027,0.0461433668849891,0.006570516358310898,0.045673171799951416
bc403256f12f9710,fitting,raw,steady,6972,5192,0.889156450347865,0.059236929573283074,0.015077861757385676,0.05728587880180652
bc403256f12f9710,fitting,raw,tight,4662,2978,0.051519565107022915,0.023936198218159278,0.0013016613985613462,0.02390077954256946
bc403256f12f9710,fitting,age_adjusted,trusted,30310,22794,0.8927091624645328,0.06038719806209198,0.0035852513258753356,0.06028067404003238
bc403256f12f9710,fitting,age_adjusted,steady,6972,5192,0.9370766265363253,0.06898959298165895,-0.004508761025785972,0.06884210204364273
bc403256f12f9710,fitting,age_adjusted,tight,4662,2978,0.867886049970618,0.04246057285941334,-0.012410233755143657,0.04060648157243178
bc403256f12f9710,fitting,controlled,trusted,29876,22480,0.6410954675144988,0.03970935150701096,0.0027537258198299655,0.039613755075939915
bc403256f12f9710,fitting,controlled,steady,6952,5174,0.817456552819863,0.04883219246368695,0.0031678055895593324,0.048729334374248555
bc403256f12f9710,fitting,controlled,tight,4662,2978,0.5165976486319818,0.02639761868166575,-0.003994667252543609,0.026093618101062265
58dd5f96d4201195,fitting,raw,trusted,30032,23126,0.20422048518366434,0.021958021024052317,0.000305834043710933,0.021955891073478
58dd5f96d4201195,fitting,raw,steady,5670,4314,0.34017853479384236,0.020033452714993818,0.0018643334827634938,0.01994651569445
58dd5f96d4201195,fitting,raw,tight,4640,3104,0.08683240897339217,0.01674611172844131,0.0012182502722411974,0.016701740157708832
58dd5f96d4201195,fitting,age_adjusted,trusted,30032,23126,0.881617130055311,0.04794651399282863,0.0002013963951473798,0.04794609101435208
58dd5f96d4201195,fitting,age_adjusted,steady,5670,4314,0.8808710739352389,0.04409516345935167,-0.014974063821628567,0.041474821918517465
58dd5f96d4201195,fitting,age_adjusted,tight,4640,3104,0.8888716279926541,0.040039975528410876,-0.01342452510269341,0.03772243054315159
58dd5f96d4201195,fitting,controlled,trusted,29764,22916,0.3622456300455001,0.025456424680616176,-0.0005866616375216748,0.025449663762866198
58dd5f96d4201195,fitting,controlled,steady,5670,4314,0.38663171362239523,0.022712910329453075,-0.005524815106181743,0.02203072204164635
58dd5f96d4201195,fitting,controlled,tight,4640,3104,0.4646972287838895,0.02050541333321932,-0.004629038170303907,0.019976085241709348
6090ff2c1bc8dee6,fitting,raw,trusted,15165,11711,0.279854307520495,0.026626326033553874,0.0009055588782570718,0.026610922591355578
6090ff2c1bc8dee6,fitting,raw,steady,2645,1969,0.5169998331140896,0.02966922568114036,0.005660102809416926,0.0291243229741958
6090ff2c1bc8dee6,fitting,raw,tight,2207,1485,-0.07958437230280131,0.020059827940344742,0.0014386779255711934,0.020008170901476968
6090ff2c1bc8dee6,fitting,age_adjusted,trusted,15165,11711,0.6745887432209094,0.03322062514863228,0.0009455993307731785,0.03320716454579615
6090ff2c1bc8dee6,fitting,age_adjusted,steady,2645,1969,0.7217907214674644,0.03242677522286049,0.0005175097928960221,0.032422645403609125
6090ff2c1bc8dee6,fitting,age_adjusted,tight,2207,1485,0.6417385222947842,0.024340172088110876,-0.0028677228840174943,0.024170646303715883
6090ff2c1bc8dee6,fitting,controlled,trusted,15011,11591,0.2844363639742778,0.027004981807605057,0.00022834899431402187,0.027004016352496087
6090ff2c1bc8dee6,fitting,controlled,steady,2643,1968,0.4469494655227898,0.02753814922569052,0.003858668590028752,0.027266469142313333
6090ff2c1bc8dee6,fitting,controlled,tight,2207,1485,0.4437971590321848,0.021787478081461954,0.0008249000429049766,0.021771856628900542
4a5f0d46327316bb,fitting,raw,trusted,15405,11598,0.20689927995250942,0.027604968749166077,0.0006984246509535378,0.02759613202333574
4a5f0d46327316bb,fitting,raw,steady,1961,1399,0.4161084847325029,0.02725929059969017,0.004691736759482967,0.026852495790486094
4a5f0d46327316bb,fitting,raw,tight,1643,1078,-0.05772097380863305,0.020200555202125003,0.0004614894451576904,0.020195283062292235
4a5f0d46327316bb,fitting,age_adjusted,trusted,15405,11598,0.6699079805604371,0.03370505386542928,0.0007066856094173666,0.033697644599006205
4a5f0d46327316bb,fitting,age_adjusted,steady,1961,1399,0.6597755875198997,0.02867987447181378,-0.0004536547041452462,0.028676286320379815
4a5f0d46327316bb,fitting,age_adjusted,tight,1643,1078,0.5332194003933568,0.022945603773001987,-0.004373692982548241,0.02252490937167143
4a5f0d46327316bb,fitting,controlled,trusted,14781,11145,0.26610793815707845,0.027274827687399746,-9.13651931378974e-05,0.027274674659449757
4a5f0d46327316bb,fitting,controlled,steady,1957,1397,0.3974028676003102,0.025811547463806497,0.0058363388627352885,0.02514305333796318
4a5f0d46327316bb,fitting,controlled,tight,1643,1078,0.4259316868997285,0.022010996622951935,0.0025322267603156015,0.02186485307451077
8ff91290187a9769,fitting,raw,trusted,29620,22590,0.08372186039826922,0.02410727114498545,-0.0001898664307137606,0.024106523448982353
8ff91290187a9769,fitting,raw,steady,5256,3910,-0.0892091724871338,0.01878894347171409,0.00039260112171943457,0.018784841259443536
8ff91290187a9769,fitting,raw,tight,4594,3098,-0.03014993648852036,0.018025668726909378,0.0009280353308114429,0.01800176334354622
8ff91290187a9769,fitting,age_adjusted,trusted,29620,22590,0.8389002785929911,0.04603774291009724,-0.00016855388347324375,0.04603743435341042
8ff91290187a9769,fitting,age_adjusted,steady,5256,3910,0.8269129853992763,0.038405868195294506,-0.01259153382700719,0.03628310884857674
8ff91290187a9769,fitting,age_adjusted,tight,4594,3098,0.8514973731590956,0.035290284971979606,-0.011703044373011649,0.033293287098255256
8ff91290187a9769,fitting,controlled,trusted,29194,22290,0.20349354832975475,0.025663689844702818,-0.0008135295633593742,0.02565079230929608
8ff91290187a9769,fitting,controlled,steady,5248,3908,0.08528214306878448,0.020291682788031323,-0.003566485830282688,0.019975799588313845
8ff91290187a9769,fitting,controlled,tight,4594,3098,0.2300325411316828,0.018532583691821307,-0.0032272969472145045,0.01824941677722499
b8fda5f0647666fb,fitting,raw,trusted,14525,11143,-0.10561101930362171,0.025471266210877492,-0.0002422488398614847,0.02547011421028526
b8fda5f0647666fb,fitting,raw,steady,1658,1202,-0.2108155625930318,0.021818547601739378,0.0005249838442093265,0.0218122307757067
b8fda5f0647666fb,fitting,raw,tight,1444,954,-0.17362625005955482,0.021137800661975428,0.0008324537790991022,0.02112140235711333
b8fda5f0647666fb,fitting,age_adjusted,trusted,14525,11143,0.8409430307782564,0.046928221960315,0.00028540985285570124,0.04692735404401663
b8fda5f0647666fb,fitting,age_adjusted,steady,1658,1202,0.8492172780993716,0.04238355553593433,-0.009076851980726348,0.04140019973366812
b8fda5f0647666fb,fitting,age_adjusted,tight,1444,954,0.8785585918555316,0.03869079085963794,-0.008314358784262675,0.03778688575882904
b8fda5f0647666fb,fitting,controlled,trusted,13812,10577,0.36181330796127315,0.02791694223246785,-0.00034243117383226133,0.027914842011054528
b8fda5f0647666fb,fitting,controlled,steady,1652,1198,0.36339424945540394,0.02411380683766852,-0.0021846999145656203,0.024014636505424895
b8fda5f0647666fb,fitting,controlled,tight,1444,954,0.5122934573807585,0.02214382258263934,-0.0017575178973170292,0.022073966780169315
2b1581126a480c0f,check,raw,trusted,15744,12476,0.3875111551249292,0.02534619227546275,0.0010451168097916593,0.025324636102392835
2b1581126a480c0f,check,raw,steady,2670,2004,0.7580318406737092,0.03314119979325204,0.0047721764207920726,0.032795814610176784
2b1581126a480c0f,check,raw,tight,2130,1335,0.06523102165621095,0.016332614211157538,0.00048248821760017935,0.016325485967969903
2b1581126a480c0f,check,age_adjusted,trusted,15744,12476,0.7259487561879263,0.03443945127975512,0.0006131055268717332,0.03443399346668269
2b1581126a480c0f,check,age_adjusted,steady,2670,2004,0.8575771647590016,0.04027601666686316,-0.00435164527461309,0.0400402385351708
2b1581126a480c0f,check,age_adjusted,tight,2130,1335,0.7293235794160218,0.02703631138378251,-0.0068683503424489395,0.02614933836283873
2b1581126a480c0f,check,controlled,trusted,15656,12406,0.18766926665032474,0.025010938536177155,-0.00012111752748849117,0.025010645273662306
2b1581126a480c0f,check,controlled,steady,2665,1999,0.5627262869007688,0.028437070117180198,0.001347780858009503,0.02840511298354939
2b1581126a480c0f,check,controlled,tight,2130,1335,0.26768702937109023,0.018726484964517655,-0.0012682744566339533,0.01868348787108434
5c1be3e9a2189121,check,raw,trusted,436,401,0.9028864245232487,0.10064108325873852,0.07852779866319638,0.0629445190354556
5c1be3e9a2189121,check,raw,steady,325,301,0.8409773153223836,0.08502016802310472,0.06817472449306096,0.05079995975364735
5c1be3e9a2189121,check,raw,tight,75,39,0.333779766088408,0.038927267496217784,0.01947753585100421,0.033703972345925926
5c1be3e9a2189121,check,age_adjusted,trusted,436,401,0.8996291171911329,0.08640887428618103,0.06022171668103483,0.06196642958404341
5c1be3e9a2189121,check,age_adjusted,steady,325,301,0.8490983091195393,0.07296992302969436,0.05128574482058682,0.05190743728173423
5c1be3e9a2189121,check,age_adjusted,tight,75,39,0.5306635011092573,0.03751246364821682,0.0016745261997469937,0.0374750702596426
5c1be3e9a2189121,check,controlled,trusted,432,397,0.8231805952798077,0.07544900849466399,0.05305648830619365,0.0536429112879103
5c1be3e9a2189121,check,controlled,steady,325,301,0.7237405105140261,0.06365506388187615,0.04563981933673277,0.04437312304443004
5c1be3e9a2189121,check,controlled,tight,75,39,0.1598065388399917,0.03246734000143405,0.007809734231860941,0.03151406381278713
86c32e441a296aaa,check,raw,trusted,29878,21922,0.33956681841257474,0.025470752697210608,-0.00023432444417314686,0.02546967481177026
86c32e441a296aaa,check,raw,steady,5038,3508,0.6197685703825973,0.027443600586611397,-0.0026962076164362657,0.027310834437023868
86c32e441a296aaa,check,raw,tight,4286,2676,0.1736707702330899,0.0175860431823995,1.765564532496451e-05,0.017586034319635797
86c32e441a296aaa,check,age_adjusted,trusted,29878,21922,0.8055136245459459,0.04088343793376553,-4.343641365359768e-06,0.04088343770302148
86c32e441a296aaa,check,age_adjusted,steady,5038,3508,0.8529432257588097,0.04112031530786688,-0.012659715946407368,0.039123035710111644
86c32e441a296aaa,check,age_adjusted,tight,4286,2676,0.8312567875623774,0.031109793451911085,-0.008704565168770505,0.029867202645095455
86c32e441a296aaa,check,controlled,trusted,29596,21726,0.26283175353766053,0.02607034533374967,-0.0007793456064374043,0.026058693870696783
86c32e441a296aaa,check,controlled,steady,5034,3504,0.438916452263341,0.025214011001132436,-0.003351679286979145,0.024990250033212202
86c32e441a296aaa,check,controlled,tight,4286,2676,0.40223228986794235,0.019287911024935524,-0.0015062228643717948,0.01922900944897248
f28fe86416cc8dc2,check,raw,trusted,15650,11588,0.10254188214608735,0.021859401152059633,-0.00019239060348615855,0.02185855449434743
f28fe86416cc8dc2,check,raw,steady,2899,2047,-0.0628530880431593,0.017432337576172394,0.00043598644356231364,0.017426884666820457
f28fe86416cc8dc2,check,raw,tight,2529,1624,-0.03848431833547068,0.016803554522161243,0.0005871505307398427,0.016793293269442344
f28fe86416cc8dc2,check,age_adjusted,trusted,15650,11588,0.6918286721994777,0.03281613089704945,-0.0003047129519071632,0.03281471616621456
f28fe86416cc8dc2,check,age_adjusted,steady,2899,2047,0.649845927832676,0.02826149862497294,-0.008649092511776675,0.02690549206485687
f28fe86416cc8dc2,check,age_adjusted,tight,2529,1624,0.6702521576870579,0.026034081762477755,-0.008037543942578884,0.024762295947397334
f28fe86416cc8dc2,check,controlled,trusted,15534,11506,0.15380549897996174,0.024078190064515583,-0.0007496534790542583,0.02406651733101985
f28fe86416cc8dc2,check,controlled,steady,2895,2044,0.12291596187321616,0.02044602196582785,0.0012775575124982558,0.020406069220439645
f28fe86416cc8dc2,check,controlled,tight,2529,1624,0.28568371556625843,0.019528402050306683,0.0014012124883100879,0.01947806690103066
eeabf7d118bbcdac,check,raw,trusted,15895,12538,0.5249702769820411,0.03000362178679077,0.0023736452591159676,0.029909582553233036
eeabf7d118bbcdac,check,raw,steady,3613,2869,0.77254383906115,0.03995181035965329,0.009507569567807957,0.03880403679937168
eeabf7d118bbcdac,check,raw,tight,2748,1817,0.12542571487027926,0.020471759772267773,0.0034670572869989493,0.02017603682446353
eeabf7d118bbcdac,check,age_adjusted,trusted,15895,12538,0.7022683380526077,0.03418581142073301,0.002207668547458696,0.034114452979323605
eeabf7d118bbcdac,check,age_adjusted,steady,3613,2869,0.8399215901469089,0.041597926475837176,0.0037842864157268865,0.04142543498157744
eeabf7d118bbcdac,check,age_adjusted,tight,2748,1817,0.5440228114700387,0.022900319726662437,-0.002121317328863392,0.02280185642384472
eeabf7d118bbcdac,check,controlled,trusted,15788,12456,0.4103688347705226,0.0297432715664564,0.0008886278834804621,0.029729994012119728
eeabf7d118bbcdac,check,controlled,steady,3607,2864,0.6379060591686904,0.03414728167966824,0.009811287465004587,0.03270742246630954
eeabf7d118bbcdac,check,controlled,tight,2748,1817,0.45008647260846757,0.022441701005480166,0.005488959121432347,0.021760084369841354
4ca08ed0da0cb611,check,raw,trusted,8853,6943,0.15153033160878998,0.019708094429900756,-1.6452163337974647e-05,0.019708087562830816
4ca08ed0da0cb611,check,raw,steady,1257,941,-0.18817560375062348,0.014005518866910333,0.00014791072282592426,0.014004737810807258
4ca08ed0da0cb611,check,raw,tight,1128,779,-0.060936483464772775,0.012256924705957805,0.00023462543210520733,0.012254678867849957
4ca08ed0da0cb611,check,age_adjusted,trusted,8853,6943,0.6710338473625092,0.02823680876000969,3.385738721267499e-05,0.028236788461627343
4ca08ed0da0cb611,check,age_adjusted,steady,1257,941,0.5580917979038256,0.022213433845406697,-0.005216239698830753,0.021592301558856615
4ca08ed0da0cb611,check,age_adjusted,tight,1128,779,0.7061811995365679,0.020656904151610152,-0.0053167506575153975,0.019960958182778155
4ca08ed0da0cb611,check,controlled,trusted,8787,6900,0.16211011730319952,0.021784166457159696,-0.00024314117597935294,0.0217828095203944
4ca08ed0da0cb611,check,controlled,steady,1257,941,-0.08083096986915554,0.017600769339729993,0.0007434580414982084,0.017585060463100804
4ca08ed0da0cb611,check,controlled,tight,1128,779,0.23263559997584896,0.015324537958418281,0.0007903201086980297,0.015304145117084793
96d0ec5b7ee50e7e,check,raw,trusted,15,9,0.8658724401304219,0.08880695317708491,-0.048356793966611446,0.07448688079029518
96d0ec5b7ee50e7e,check,raw,steady,0,0,,,,
96d0ec5b7ee50e7e,check,raw,tight,0,0,,,,
96d0ec5b7ee50e7e,check,age_adjusted,trusted,15,9,0.9266233438831531,0.09973110927538047,-0.020540729242492718,0.09759289215657298
96d0ec5b7ee50e7e,check,age_adjusted,steady,0,0,,,,
96d0ec5b7ee50e7e,check,age_adjusted,tight,0,0,,,,
96d0ec5b7ee50e7e,check,controlled,trusted,13,7,0.9103379147438673,0.08764377654165223,-0.040037073534958036,0.07796450672735275
96d0ec5b7ee50e7e,check,controlled,steady,0,0,,,,
96d0ec5b7ee50e7e,check,controlled,tight,0,0,,,,
