bag,receiver,ours_v8,A,B,C,H1_10,H2_050,mean,front,rear
30618_0686195f,master,0.09552865600842868,0.0955384009170566,0.09745397139168782,0.0976425921532789,0.09515881774330084,0.09769583766542224,0.0969683469861157,0.09708476591999995,0.09799105810431441
30618_0686195f,rover,0.0952704710346022,0.09530410637333941,0.09724589413802626,0.09744034368906493,0.09491580563791815,0.09750520754061152,0.09656324940760548,0.09663113411854816,0.09764548424509283
30618_2255aade,master,,,,,,,,,
30618_2255aade,rover,,,,,,,,,
30618_2dbce472,master,0.12721792580798932,0.1272060051063932,0.12703373576115912,0.12705234839013196,0.12717416604868179,0.1270482783995768,0.13461067313037053,0.134531690522448,0.13514233280807367
30618_2dbce472,rover,0.04909214236029819,0.048949183480433686,0.04810150527432813,0.04811987991787812,0.04884783642497685,0.04806527396377877,0.06782123307836405,0.06813470796796395,0.06842076128281784
30618_2f104a1d,master,0.027129660072874345,0.028585374741680752,0.02808973960726109,0.028205795532549156,0.028050025240544285,0.028290952546943582,0.04508221388500846,0.04576763296621069,0.045669416125700496
30618_2f104a1d,rover,0.06575508824171131,0.06633355800962218,0.06613691338007376,0.06618749563324994,0.0661123294188554,0.06620764995636318,0.07516200358399602,0.07546880899420512,0.0756214165310925
30618_437e855c,master,0.03272958470483569,0.032252974758464704,0.031409137704297284,0.03149818423561043,0.03185057951843563,0.031948356247102794,0.05733228101435398,0.05749904795971641,0.05856867210643024
30618_437e855c,rover,0.03342011714529165,0.033261775658775396,0.03235045892152412,0.03242156834467562,0.032849959554435273,0.032814352722784594,0.057573793508659626,0.05764681481672822,0.058893815147225866
30618_49fe4c54,master,0.03816415481247239,0.036414660264029494,0.037726770358819786,0.037942112780288854,0.03590319012858323,0.03979004421391683,0.04596285346015311,0.046420069306792655,0.04693595810423144
30618_49fe4c54,rover,0.8985563774782492,0.8983604776739827,0.8981721092394012,0.8981734668155291,0.8983503771944034,0.8981834466405227,0.9017527558557503,0.9015275936181019,0.9020522244318503
30618_4e1e3181,master,,,,,,,,,
30618_4e1e3181,rover,,,,,,,,,
30618_68847170,master,0.028040241202346838,0.029233227727565467,0.02878322077943704,0.028936674458644476,0.028734158546445714,0.028809905288211504,0.04256569044291304,0.04336126591257696,0.043207582921362446
30618_68847170,rover,0.04548733180686462,0.04637160254006416,0.04608785223660175,0.04618377397461566,0.04604096380831063,0.04610914983379468,0.0554238522414252,0.056022267672259575,0.05594383529994279
30618_68d1748a,master,0.14629588276502392,0.1478838562153202,0.15645720048018708,0.15642769940801732,0.15113213104875034,0.1512081303064324,0.15458031933975203,0.15104063072086665,0.1601637298995166
30618_68d1748a,rover,0.3180331501010486,0.3182547533449013,0.31792027808477286,0.31790948416223747,0.31823902370701396,0.3177267343447412,0.3240071423952787,0.32408156623614803,0.3241454601096487
30618_76e1f9c7,master,0.03043296912143236,0.031318056179478276,0.0303813313026288,0.03046516450116395,0.030944521191388,0.03027691248844382,0.05203251591175099,0.052864037856202535,0.05246723202842143
30618_76e1f9c7,rover,0.031451542208348914,0.03239587515358757,0.03152192493388154,0.03160265680619713,0.03204948396168832,0.03137720109339633,0.05222619953727715,0.052947815099789755,0.052766563429800996
30618_7bfbb5ed,master,,,,,,,,,
30618_7bfbb5ed,rover,,,,,,,,,
30618_95c49c30,master,,,,,,,,,
30618_95c49c30,rover,,,,,,,,,
30618_b15eafc3,master,0.02930117588696404,0.03068580679821181,0.03025795667434708,0.030331550058550167,0.03011281484674674,0.030548203757459588,0.04446572020260641,0.04519013734655269,0.04515168690908895
30618_b15eafc3,rover,0.030320085813581987,0.03168219756185764,0.03127896683199881,0.0313476373881786,0.031123764170220846,0.03156575013513332,0.04506722205847987,0.04574250960518614,0.045788739194422425
30618_b8044aa0,master,0.028302476335909446,0.029945086652504983,0.028998800791319935,0.029064701139814315,0.02939572921199806,0.02917121582400471,0.04597696134845771,0.046764539772914546,0.04660622576505713
30618_b8044aa0,rover,0.028168951675187598,0.029736223733197738,0.028822543850634857,0.028889543829421306,0.02917962903541554,0.02898912652821335,0.04578359847181173,0.0464322063652559,0.04651424337725639
30618_defd0170,master,0.11182835239207158,0.1100176545670624,0.11332566845593374,0.11359988520419836,0.10954899098344772,0.11470794757127252,0.11874018256218637,0.11846966047433811,0.11982694048885782
30618_defd0170,rover,0.11165833528891794,0.10991237678831733,0.11317395789322426,0.11344703756392513,0.10943493052536118,0.1145721101009336,0.11877204354256085,0.11856999430407511,0.11979008947402307
30639_3b3d9eb8,master,0.22614452432087795,1.541724038402647,0.22639522497786752,0.22638274219065882,1.0222472191762673,0.22693187517015026,1.0344610779536685,0.21192530583980446,2.0558731370390664
30639_3b3d9eb8,rover,0.22694484626484512,1.5410837023317299,0.22721392111703567,0.2272010902925082,1.0219450468750122,0.2277473002156618,1.0343149025053704,0.21297903117769307,2.055105550132199
30639_50956d6e,master,0.12806786381299282,0.15922226411170048,0.12759725436439756,0.1276267107123734,0.1275930987317782,0.12771953125927452,0.1404740042170291,0.15947300137398587,0.1437722503418697
30639_50956d6e,rover,0.37061701806594743,0.383232329919327,0.3702906275717505,0.37031925105368385,0.3701553242103523,0.37044443655915404,0.37560388400562555,0.38392171471704317,0.37640247493444434
30639_9f0b519f,master,0.0353908346488486,0.035183668168782274,0.03500841674932328,0.03517044270579787,0.03492100165109826,0.03501966698870039,0.14988508612270965,0.04786553171885374,0.28542016792545116
30639_9f0b519f,rover,0.03638457655722222,0.036237938051606175,0.036067155698085857,0.03624303137778862,0.035926266529013685,0.036090911705605994,0.14697527198009797,0.04854934758652047,0.27908439538182217
30639_d601d28f,master,0.10506249099403196,0.10531010064073033,0.10454245826357263,0.10448883718921448,0.10537332523443814,0.10450686985920282,0.11148458180554797,0.11266836717025004,0.11116578969459011
30639_d601d28f,rover,0.11256266392332741,0.1129080999041822,0.11217172962906889,0.11210537350916945,0.11297045175698099,0.11214007343097157,0.11798927565676433,0.11926253039842961,0.11754883473602268
