original_window_index,clip_0,drive_limit_force,zero_lock,zero_crossing,mode_INITIALIZED,warmup_mode_INITIALIZED,front_ACCEPTED,rear_ACCEPTED,mode_transitions,quarantine_active,reacquire_state_active,readout_healthy,readout_holdoff,readout_nonzero,output_ticks,mode_MODEL_ONLY,warmup_mode_MODEL_ONLY,front_DUPLICATE_OR_OLD,rear_DUPLICATE_OR_OLD,mode_FUSED,warmup_mode_FUSED,forecast_mode_MODEL_ONLY,front_MISSING_OR_STALE,rear_MISSING_OR_STALE,mode_STOPPED,warmup_mode_STOPPED,mode_SINGLE_WHEEL,warmup_mode_SINGLE_WHEEL,drive_limit_power,clip_1
0,1049,201,0,0,1,1,50,50,99,0,0,100,100,99,201,151,51,51,51,49,49,100,100,100,,,,,,
1,1028,201,0,0,1,1,51,51,101,0,0,100,100,99,201,150,50,50,50,50,50,100,100,100,,,,,,
2,1052,201,0,0,1,1,51,51,101,0,0,100,100,99,201,150,50,50,50,50,50,100,100,100,,,,,,
3,877,153,0,1,1,1,51,51,37,0,0,35,165,32,201,118,18,50,50,17,17,100,100,100,65,65,,,,
4,1043,48,0,2,1,1,48,48,95,0,0,100,100,99,201,153,53,53,53,47,47,100,100,100,,,,,,
5,1050,74,0,2,1,1,51,51,101,0,0,100,100,99,201,150,50,50,50,50,50,100,100,100,,,,,,
6,851,170,0,0,1,1,43,43,34,0,0,35,174,15,201,119,19,58,58,16,16,100,100,100,65,65,,,,
7,904,201,0,0,1,1,51,51,61,0,0,60,149,40,201,130,30,50,50,30,30,100,100,100,40,40,,,,
8,1037,201,0,0,1,1,46,46,90,0,0,100,100,100,201,155,55,55,55,45,45,100,100,100,,,,,,
9,1046,201,0,0,1,1,49,49,96,0,0,100,100,100,201,152,52,52,52,48,48,100,100,100,,,,,,
10,1043,201,0,0,1,1,48,48,94,0,0,100,100,100,201,153,53,53,53,47,47,100,100,100,,,,,,
11,1046,79,0,1,1,1,49,49,96,0,0,100,100,100,201,152,52,52,52,48,48,100,100,100,,,,,,
12,1024,101,0,1,1,1,45,45,88,0,0,100,100,100,201,156,56,56,56,44,44,100,100,100,,,,,,
13,1038,133,0,0,1,1,47,47,90,0,0,100,100,100,201,154,54,54,54,46,46,100,100,100,,,,,,
14,1024,175,0,0,1,1,47,47,85,0,0,100,100,100,201,153,53,54,54,45,45,100,100,100,,,2,2,,
15,1040,181,0,0,1,1,47,47,84,0,0,100,100,100,201,154,54,54,54,46,46,100,100,100,,,,,,
16,1034,175,0,0,1,1,45,45,88,0,0,100,100,100,201,156,56,56,56,44,44,100,100,100,,,,,,
17,1043,109,0,0,1,1,48,48,89,0,0,100,100,98,201,153,53,53,53,47,47,100,100,100,,,,,,
18,1038,113,0,1,1,1,46,46,87,0,0,100,100,100,201,154,54,55,55,44,44,100,100,100,,,2,2,,
19,1040,149,0,0,1,1,47,47,92,0,0,100,100,100,201,154,54,54,54,46,46,100,100,100,,,,,,
20,1040,158,0,0,1,1,47,47,92,0,0,100,100,100,201,154,54,54,54,46,46,100,100,100,,,,,,
21,1034,158,0,0,1,1,45,45,88,0,0,100,100,100,201,156,56,56,56,44,44,100,100,100,,,,,,
22,1034,,0,0,1,1,45,45,88,0,0,100,100,100,201,156,56,56,56,44,44,100,100,100,,,,,,
23,845,162,0,1,1,1,45,45,21,0,0,24,176,19,201,115,15,56,56,9,9,100,100,100,76,76,,,,
24,1013,182,0,0,1,1,44,44,86,0,0,100,100,100,201,157,57,57,57,43,43,100,100,100,,,,,,
31,1048,128,0,0,1,1,50,50,99,0,0,100,100,99,201,151,51,51,51,49,49,100,100,100,,,,,22,
32,1052,87,0,0,1,1,51,51,101,0,0,100,100,99,201,150,50,50,50,50,50,100,100,100,,,,,114,
33,1049,1,0,0,1,1,50,50,99,0,0,100,100,99,201,151,51,51,51,49,49,100,100,100,,,,,91,
34,1049,,0,0,1,1,50,50,99,0,0,100,100,99,201,151,51,51,51,49,49,100,100,100,,,,,,
35,1049,28,0,0,1,1,50,50,99,0,0,100,100,99,201,151,51,51,51,49,49,100,100,100,,,,,110,
36,823,201,0,0,1,1,50,50,12,0,0,10,190,0,201,105,5,51,51,5,5,100,100,100,90,90,,,,
37,825,201,0,0,1,1,51,51,9,0,0,10,190,0,201,104,4,50,50,6,6,100,100,100,90,90,,,,
38,1044,1,0,0,1,1,48,48,71,0,0,100,100,98,201,152,52,53,53,46,46,100,100,100,,,2,2,97,
39,839,186,0,0,1,1,49,49,20,0,0,25,184,6,201,112,12,52,52,11,11,100,100,100,75,75,2,2,,
40,1046,93,0,0,1,1,48,48,69,0,0,100,100,98,201,150,50,53,53,44,44,100,100,100,,,6,6,,
41,1040,11,0,2,1,1,47,47,77,0,0,100,100,99,201,154,54,54,54,46,46,100,100,100,,,,,,
42,823,201,0,0,1,1,44,44,9,0,0,10,190,0,201,105,5,57,57,5,5,100,100,100,90,90,,,,
43,1052,201,0,0,1,1,51,51,99,0,0,100,100,99,201,150,50,50,50,50,50,100,100,100,,,,,,
44,1052,201,0,0,1,1,51,51,101,0,0,100,100,99,201,150,50,50,50,50,50,100,100,100,,,,,,
45,1052,55,0,1,1,1,51,51,101,0,0,100,100,99,201,150,50,50,50,50,50,100,100,100,,,,,,
46,1016,,0,0,1,1,39,39,77,0,0,100,100,99,201,162,62,62,62,38,38,100,100,100,,,,,,
47,819,201,0,0,1,1,38,38,8,0,0,10,190,0,201,107,7,63,63,3,3,100,100,100,90,90,,,,
48,819,201,0,0,1,1,36,36,8,0,0,10,190,0,201,107,7,65,65,3,3,100,100,100,90,90,,,,
49,823,201,0,0,1,1,51,51,12,0,0,10,190,0,201,105,5,50,50,5,5,100,100,100,90,90,,,,
50,1046,201,0,0,1,1,49,49,97,0,0,100,100,99,201,152,52,52,52,48,48,100,100,100,,,,,,
51,1044,201,0,0,1,1,49,49,97,0,0,100,100,99,201,152,52,52,52,48,48,100,100,100,,,,,,
52,1049,201,0,0,1,1,50,50,99,0,0,100,100,99,201,151,51,51,51,49,49,100,100,100,,,,,,
53,999,120,0,0,1,1,49,49,95,0,0,97,112,77,201,150,50,52,52,47,47,100,100,100,3,3,,,,
54,997,95,0,1,1,1,47,47,81,0,0,87,113,82,201,148,48,54,54,39,39,100,100,100,13,13,,,,
61,1052,113,0,0,1,1,51,51,77,0,0,100,100,98,201,150,50,50,50,50,50,100,100,100,,,,,88,
62,834,201,0,0,1,1,48,48,21,0,0,24,185,5,201,112,12,53,53,12,12,100,100,100,76,76,,,,
63,1049,1,0,0,1,1,50,50,80,0,0,100,100,99,201,150,50,51,51,48,48,100,100,100,,,2,2,163,
64,1051,1,0,0,1,1,51,51,74,0,0,100,100,100,201,150,50,50,50,50,50,100,100,100,,,,,180,
65,1057,1,0,0,1,1,52,52,83,0,0,100,100,100,201,147,47,49,49,49,49,100,100,100,,,4,4,145,
66,1051,,0,1,1,1,50,50,87,0,0,100,100,99,201,149,49,51,51,47,47,100,100,100,,,4,4,,
67,883,201,0,0,1,1,47,47,49,0,0,51,158,31,201,127,27,54,54,24,24,100,100,100,49,49,,,,
68,1042,190,0,0,1,1,49,49,97,0,0,100,100,99,201,152,52,52,52,48,48,100,100,100,,,,,,
69,823,201,0,0,1,1,51,51,12,0,0,10,190,0,201,105,5,50,50,5,5,100,100,100,90,90,,,,
70,1049,136,0,0,1,1,50,50,99,0,0,100,100,99,201,151,51,51,51,49,49,100,100,100,,,,,,
71,1051,1,0,0,1,1,51,51,101,0,0,100,100,99,201,150,50,50,50,50,50,100,100,100,,,,,1,
72,1049,1,0,0,1,1,50,50,99,0,0,100,100,99,201,151,51,51,51,49,49,100,100,100,,,,,12,
73,1052,183,0,0,1,1,51,51,100,0,0,100,100,100,201,150,50,50,50,50,50,100,100,100,,,,,,
74,1051,201,0,0,1,1,51,51,100,0,0,100,100,100,201,150,50,50,50,50,50,100,100,100,,,,,,
75,1049,171,0,0,1,1,50,50,98,0,0,100,100,100,201,151,51,51,51,49,49,100,100,100,,,,,,
76,1051,157,0,0,1,1,51,51,98,0,0,100,100,100,201,150,50,50,50,50,50,100,100,100,,,,,,
77,1051,1,0,0,1,1,51,51,100,0,0,100,100,100,201,150,50,50,50,50,50,100,100,100,,,,,21,
78,1051,1,0,0,1,1,51,51,98,0,0,100,100,100,201,150,50,50,50,50,50,100,100,100,,,,,80,
85,819,201,0,0,1,1,48,48,9,0,0,10,190,0,201,107,7,53,53,3,3,100,100,100,90,90,,,,
86,1031,201,0,0,1,1,44,44,86,0,0,100,100,100,201,157,57,57,57,43,43,100,100,100,,,,,,
87,1019,201,0,0,1,1,40,40,78,0,0,100,100,100,201,161,61,61,61,39,39,100,100,100,,,,,,
88,1031,201,0,0,1,1,44,44,86,0,0,100,100,100,201,157,57,57,57,43,43,100,100,100,,,,,,
89,1028,75,0,1,1,1,43,43,84,0,0,100,100,100,201,158,58,58,58,42,42,100,100,100,,,,,,
90,1031,1,0,0,1,1,44,44,86,0,0,100,100,100,201,157,57,57,57,43,43,100,100,100,,,,,,
97,1027,201,0,0,1,1,49,49,84,0,0,100,100,100,201,151,51,52,52,47,47,100,100,100,,,2,2,,
98,1052,126,0,0,1,1,51,51,88,0,0,100,100,100,201,150,50,50,50,50,50,100,100,100,,,,,,
99,1044,79,0,1,1,1,48,48,83,0,0,100,100,100,201,152,52,53,53,46,46,100,100,100,,,2,2,,
100,1046,,0,0,1,1,49,49,89,0,0,100,100,99,201,152,52,52,52,48,48,100,100,100,,,,,,
101,824,170,0,1,1,1,51,51,11,0,0,11,189,8,201,106,6,50,50,5,5,100,100,100,89,89,,,,
102,1044,78,0,2,1,1,48,48,92,0,0,100,100,99,201,152,52,53,53,46,46,100,100,100,,,2,2,,
103,1028,201,0,0,1,1,43,43,68,0,0,100,100,100,201,158,58,58,58,42,42,100,100,100,,,,,,
104,1025,92,0,0,1,1,42,42,74,0,0,100,100,100,201,159,59,59,59,41,41,100,100,100,,,,,,
105,1027,128,0,0,1,1,43,43,74,0,0,100,100,100,201,158,58,58,58,42,42,100,100,100,,,,,73,
106,1031,1,0,0,1,1,44,44,79,0,0,100,100,98,201,157,57,57,57,43,43,100,100,100,,,,,52,
107,821,201,0,0,1,1,41,41,11,0,0,10,190,0,201,106,6,60,60,4,4,100,100,100,90,90,,,,
108,1019,178,0,0,1,1,40,40,79,0,0,100,100,98,201,161,61,61,61,39,39,100,100,100,,,,,,
115,823,201,0,0,1,1,51,51,18,0,0,17,190,0,201,109,9,50,50,8,8,100,100,100,83,83,,,,
116,1051,199,0,0,1,1,51,51,98,0,0,100,100,100,201,150,50,50,50,50,50,100,100,100,,,,,,
117,1046,132,0,0,1,1,49,49,96,0,0,100,100,100,201,152,52,52,52,48,48,100,100,100,,,,,,
118,1049,122,0,0,1,1,50,50,94,0,0,100,100,100,201,151,51,51,51,49,49,100,100,100,,,,,,
119,1052,177,0,0,1,1,51,51,100,0,0,100,100,100,201,150,50,50,50,50,50,100,100,100,,,,,,
120,1052,1,0,0,1,1,51,51,96,0,0,100,100,100,201,150,50,50,50,50,50,100,100,100,,,,,162,
121,964,22,0,0,1,1,49,49,87,0,0,90,119,70,201,147,47,52,52,43,43,100,100,100,10,10,,,,27
122,1024,,0,0,1,1,51,51,100,0,0,100,100,100,201,150,50,50,50,50,50,100,100,100,,,,,,28
123,823,201,0,0,1,1,50,50,12,0,0,10,190,0,201,105,5,51,51,5,5,100,100,100,90,90,,,,
124,947,179,0,0,1,1,48,48,68,0,0,79,130,60,201,143,43,53,53,36,36,100,100,100,21,21,,,,
125,1028,128,0,0,1,1,43,43,77,0,0,100,100,98,201,158,58,58,58,42,42,100,100,100,,,,,,
126,1031,150,0,0,1,1,44,44,82,0,0,100,100,100,201,157,57,57,57,43,43,100,100,100,,,,,,
127,1034,166,0,0,1,1,45,45,86,0,0,100,100,100,201,156,56,56,56,44,44,100,100,100,,,,,,
128,1028,,0,0,1,1,43,43,78,0,0,100,100,100,201,158,58,58,58,42,42,100,100,100,,,,,,
129,1053,118,0,0,1,1,51,51,78,0,0,100,100,100,201,149,49,50,50,49,49,100,100,100,,,2,2,83,
130,1051,56,0,0,1,1,50,50,80,0,0,100,100,99,201,149,49,51,51,47,47,100,100,100,,,4,4,,
131,1049,1,0,0,1,1,49,49,83,0,0,100,100,99,201,149,49,52,52,45,45,100,100,100,,,6,6,138,
132,915,201,0,0,1,1,48,48,48,0,0,65,144,44,201,134,34,53,53,31,31,100,100,100,35,35,,,,
133,1013,27,0,1,1,1,38,38,65,0,0,100,100,97,201,163,63,63,63,37,37,100,100,100,,,,,,
134,821,201,0,0,1,1,51,51,11,0,0,10,190,0,201,106,6,50,50,4,4,100,100,100,90,90,,,,
135,1037,97,0,0,1,1,46,46,90,0,0,100,100,100,201,155,55,55,55,45,45,100,100,100,,,,,,
136,1025,152,0,0,1,1,42,42,82,0,0,100,100,100,201,159,59,59,59,41,41,100,100,100,,,,,,
137,1028,199,0,0,1,1,43,43,84,0,0,100,100,100,201,158,58,58,58,42,42,100,100,100,,,,,,
138,1025,201,0,0,1,1,42,42,82,0,0,100,100,100,201,159,59,59,59,41,41,100,100,100,,,,,,
139,1013,1,0,0,1,1,38,38,74,0,0,100,100,100,201,163,63,63,63,37,37,100,100,100,,,,,167,
140,821,201,0,0,1,1,41,41,10,0,0,10,190,0,201,106,6,60,60,4,4,100,100,100,90,90,,,,
147,864,201,0,0,1,1,51,51,41,0,0,40,169,20,201,120,20,50,50,20,20,100,100,100,60,60,,,,
148,1033,169,0,0,1,1,48,48,90,0,0,100,100,100,201,153,53,53,53,47,47,100,100,100,,,,,,
149,1052,,0,1,1,1,51,51,100,0,0,100,100,100,201,150,50,50,50,50,50,100,100,100,,,,,,
150,1049,1,0,0,1,1,50,50,94,0,0,100,100,100,201,151,51,51,51,49,49,100,100,100,,,,,116,
151,1052,1,0,0,1,1,51,51,100,0,0,100,100,100,201,150,50,50,50,50,50,100,100,100,,,,,200,
152,1048,25,0,0,1,1,50,50,96,0,0,100,100,100,201,151,51,51,51,49,49,100,100,100,,,,,,
171,889,191,0,0,1,1,45,45,42,0,0,55,154,36,201,132,32,56,56,23,23,100,100,100,45,45,,,,
172,1028,137,0,0,1,1,43,43,70,0,0,100,100,100,201,158,58,58,58,42,42,100,100,100,,,,,,
173,1042,139,0,0,1,1,48,48,83,0,0,100,100,98,201,153,53,53,53,47,47,100,100,100,,,,,,
174,1025,177,0,0,1,1,42,42,73,0,0,100,100,99,201,159,59,59,59,41,41,100,100,100,,,,,,
175,1037,161,0,0,1,1,46,46,76,0,0,100,100,100,201,155,55,55,55,45,45,100,100,100,,,,,,
176,1028,,0,0,1,1,43,43,84,0,0,100,100,100,201,158,58,58,58,42,42,100,100,100,,,,,193,
177,1052,181,0,0,1,1,51,51,100,0,0,100,100,100,201,150,50,50,50,50,50,100,100,100,,,,,,
178,1052,201,0,0,1,1,51,51,100,0,0,100,100,100,201,150,50,50,50,50,50,100,100,100,,,,,,
179,1051,201,0,0,1,1,51,51,100,0,0,100,100,100,201,150,50,50,50,50,50,100,100,100,,,,,,
180,1052,163,0,0,1,1,51,51,100,0,0,100,100,100,201,150,50,50,50,50,50,100,100,100,,,,,,
181,1049,201,0,0,1,1,50,50,98,0,0,100,100,100,201,151,51,51,51,49,49,100,100,100,,,,,,
182,1049,4,0,0,1,1,50,50,98,0,0,100,100,100,201,151,51,51,51,49,49,100,100,100,,,,,26,
183,1022,130,0,0,1,1,47,47,92,0,0,100,100,100,201,154,54,54,54,46,46,100,100,100,,,,,,
184,1028,104,0,0,1,1,43,43,84,0,0,100,100,100,201,158,58,58,58,42,42,100,100,100,,,,,,
185,1034,74,0,0,1,1,45,45,88,0,0,100,100,100,201,156,56,56,56,44,44,100,100,100,,,,,,
186,976,153,0,1,1,1,48,48,83,0,0,90,119,77,201,148,48,53,53,42,42,100,100,100,10,10,,,,
187,1031,138,0,0,1,1,44,44,86,0,0,100,100,100,201,157,57,57,57,43,43,100,100,100,,,,,,
188,972,107,0,2,1,1,40,40,68,0,0,80,120,78,201,147,47,61,61,33,33,100,100,100,20,20,,,,
189,942,201,0,0,1,1,49,49,75,0,0,77,132,58,201,141,41,52,52,36,36,100,100,100,23,23,,,,
190,1052,201,0,0,1,1,51,51,100,0,0,100,100,100,201,150,50,50,50,50,50,100,100,100,,,,,,
191,1052,201,0,0,1,1,51,51,100,0,0,100,100,100,201,150,50,50,50,50,50,100,100,100,,,,,,
192,1051,201,0,0,1,1,51,51,98,0,0,100,100,100,201,150,50,50,50,50,50,100,100,100,,,,,,
193,1046,41,0,3,1,1,49,49,96,0,0,100,100,100,201,152,52,52,52,48,48,100,100,100,,,,,,
194,1049,17,0,0,1,1,50,50,98,0,0,100,100,100,201,151,51,51,51,49,49,100,100,100,,,,,29,
