bag,group,receiver,n,main_rmse,candidate_rmse,main_distance_rmse,candidate_distance_rmse
30618_0686195f,d5d5fc429697e8bf,master,23382,0.0944523035493815,0.09552865600842868,7.156097071684151,7.214994985858898
30618_0686195f,d5d5fc429697e8bf,rover,23238,0.09417010818608196,0.0952704710346022,7.94883805259944,7.847310586521865
30618_2255aade,48efdde376d950e5,master,0,,,,
30618_2255aade,48efdde376d950e5,rover,0,,,,
30618_2dbce472,34ae07f7ed1bd75f,master,26699,0.1300755718612749,0.12721792580798932,0.8878827726314623,0.9129592893955567
30618_2dbce472,34ae07f7ed1bd75f,rover,26273,0.05764738743327815,0.04909214236029819,0.5282171819543272,0.3438137001579549
30618_2f104a1d,34ae07f7ed1bd75f,master,24461,0.031473771032984786,0.027129660072874345,0.29500861852378846,0.24180452404899952
30618_2f104a1d,34ae07f7ed1bd75f,rover,24303,0.06777697162993528,0.06575508824171131,0.34807313102241416,0.31144898407192806
30618_437e855c,5a956d7a8a9351ca,master,22480,0.042843731788586345,0.03272958470483569,0.6809888846753362,0.5411041097928392
30618_437e855c,5a956d7a8a9351ca,rover,21736,0.04344787134983286,0.03342011714529165,0.41403660291391725,0.3692282175752626
30618_49fe4c54,df3d0a78924ca32f,master,26766,0.03765235067087999,0.03816415481247239,0.48756628523294204,0.5676252504269399
30618_49fe4c54,df3d0a78924ca32f,rover,26802,0.8998813828834228,0.8985563774782492,2.5037625600300024,2.495428446958958
30618_4e1e3181,48efdde376d950e5,master,0,,,,
30618_4e1e3181,48efdde376d950e5,rover,0,,,,
30618_68847170,df3d0a78924ca32f,master,24122,0.030245108197624798,0.028040241202346838,0.6090281655086571,0.6494988795346753
30618_68847170,df3d0a78924ca32f,rover,23772,0.04676054749753611,0.04548733180686462,0.4126006533877261,0.4504321230810972
30618_68d1748a,58e34644448d6bb0,master,24681,0.14761820455026792,0.14629588276502392,0.8345284062036172,0.8038264261986657
30618_68d1748a,58e34644448d6bb0,rover,24595,0.32136061153959544,0.3180331501010486,3.5392867663829617,3.4737757100635758
30618_76e1f9c7,79bdd79f6b346e24,master,24893,0.04051607473970808,0.03043296912143236,0.38271737300473946,0.2993178502812437
30618_76e1f9c7,79bdd79f6b346e24,rover,25405,0.04102976219366378,0.031451542208348914,0.6033993172827963,0.5301650280575205
30618_7bfbb5ed,48efdde376d950e5,master,0,,,,
30618_7bfbb5ed,48efdde376d950e5,rover,0,,,,
30618_95c49c30,48efdde376d950e5,master,0,,,,
30618_95c49c30,48efdde376d950e5,rover,0,,,,
30618_b15eafc3,58e34644448d6bb0,master,24782,0.03232245496925789,0.02930117588696404,0.3819255989291508,0.39595108234158904
30618_b15eafc3,58e34644448d6bb0,rover,24930,0.033179249340084836,0.030320085813581987,0.31748885207544125,0.3463802017316906
30618_b8044aa0,79bdd79f6b346e24,master,24244,0.0320194889446161,0.028302476335909446,0.360891124676741,0.35699885502434686
30618_b8044aa0,79bdd79f6b346e24,rover,25107,0.03180633028408219,0.028168951675187598,0.2491941085587955,0.26300367138921243
30618_defd0170,40b8a1546c9f9e1e,master,20716,0.1143572192693322,0.11182835239207158,7.529727266517089,7.292441416248165
30618_defd0170,40b8a1546c9f9e1e,rover,20592,0.11425322734675095,0.11165833528891794,6.4692477450416215,6.428775140586267
30639_3b3d9eb8,f745e5b1c4188e82,master,24298,0.21570220998046402,0.22614452432087795,12.861796435587173,12.945680526799492
30639_3b3d9eb8,f745e5b1c4188e82,rover,24322,0.21667311705651346,0.22694484626484512,26.522054180804872,26.4636137360575
30639_50956d6e,d80cd9b6a7637318,master,18361,0.12920087280697207,0.12806786381299282,1.2766270360302565,1.289284923029656
30639_50956d6e,d80cd9b6a7637318,rover,21459,0.371332085787496,0.37061701806594743,8.194733469848043,8.300999501157401
30639_9f0b519f,d80cd9b6a7637318,master,19618,0.038139897660400435,0.0353908346488486,2.8879188862219003,2.8724945733917138
30639_9f0b519f,d80cd9b6a7637318,rover,20570,0.03901040674944402,0.03638457655722222,10.657226194029699,10.480994132791311
30639_d601d28f,f745e5b1c4188e82,master,16476,0.10571541412131076,0.10506249099403196,8.9625620258028,8.996194884706952
30639_d601d28f,f745e5b1c4188e82,rover,19808,0.11278967510472965,0.11256266392332741,22.212840714489303,22.257902294780788
