bag,group,outputs,reference_receivers,matched,mean_receiver_rmse_mps,mean_receiver_distance_rmse_m,candidate_rmse_mps,candidate_gain_percent
30618_0652866c,8269991eafa82c45,29207,2,56300,0.036107025889397605,0.4115302146870674,,
30618_073f08d1,8269991eafa82c45,25436,2,49254,0.033935203812682654,0.38589395987162417,,
30618_117c2d02,664cca45aeb0db23,24045,0,0,,,,
30618_1551d0a9,8269991eafa82c45,23,2,44,0.003988359652230476,0.0022227533751380947,,
30618_27e994fc,711abb923942f9fe,37945,2,74342,0.1613644017449005,1.3991156269176828,,
30618_3e012faf,664cca45aeb0db23,20375,0,0,,,,
30618_46e21b9b,664cca45aeb0db23,24045,0,0,,,,
30618_5036aa78,664cca45aeb0db23,1976,0,0,,,,
30618_74559c73,664cca45aeb0db23,1907,0,0,,,,
30618_88548b02,711abb923942f9fe,25061,2,49506,0.05060085266746554,2.3895016634301274,,
30618_bcc9e7a2,664cca45aeb0db23,20375,0,0,,,,
30618_e151d6e4,664cca45aeb0db23,756,0,0,,,,
30639_0ab96c59,2cd82bc27dbad052,1593,2,3184,0.01918502773970963,0.12166958898009414,,
30639_9c362687,a8a4c11ebcc1dde2,27188,2,54252,0.12035163351200452,17.640219692077647,,
30639_c31df386,70bb14d1c90f301f,27245,2,51168,0.06370755544552009,16.19020991946593,,
30639_dce52be4,70bb14d1c90f301f,22924,2,44761,0.23163360380505998,7.629260400762024,,
30639_e4379d7f,a0c46036cc19092a,28764,1,11410,0.13814212669565956,0.02928796648509978,,
