t,mode,v,d,saturated
0.0,WAITING_FOR_INITIALIZATION,0.0,0.0,False
2.45,INITIALIZED,0.0,0.0,False
2.5,MODEL_ONLY,0.0,0.0,False
2.5500000000000003,FUSED,0.0,0.0,False
2.6,MODEL_ONLY,0.0,0.0,False
2.6500000000000004,FUSED,0.0,0.0,False
2.7,MODEL_ONLY,0.0,0.0,False
2.85,FUSED,0.0,0.0,False
2.9000000000000004,MODEL_ONLY,0.0,0.0,False
2.95,FUSED,0.0,0.0,False
3.0,MODEL_ONLY,0.0,0.0,False
3.0500000000000003,FUSED,0.0,0.0,False
3.1,MODEL_ONLY,0.0,0.0,False
3.1500000000000004,STOPPED,0.0,0.0,False
69.95,FUSED,0.03142020544506407,0.0,False
70.0,MODEL_ONLY,0.030595847018895485,0.0,False
70.05,FUSED,0.08949812675531224,0.0,False
70.10000000000001,MODEL_ONLY,0.08630075846078317,0.0,False
70.15,FUSED,0.11928257412421678,0.0,False
70.2,MODEL_ONLY,0.11255762701688904,0.0,False
70.25,FUSED,0.14276177472867937,0.0,False
70.3,MODEL_ONLY,0.1318723274415103,0.0,False
70.35000000000001,FUSED,0.1765277963095075,0.0,False
70.4,MODEL_ONLY,0.16122250325574725,0.0,False
70.45,FUSED,0.19466650158529794,0.0,False
70.5,MODEL_ONLY,0.17457582961595589,0.0,False
70.55,FUSED,0.2214982845643297,0.0,False
70.60000000000001,MODEL_ONLY,0.19665761967849096,0.0,False
70.65,FUSED,0.2397362824436835,0.0,False
70.7,MODEL_ONLY,0.2105426439625449,0.0,False
70.75,FUSED,0.25794366487216347,0.0,False
70.8,MODEL_ONLY,0.2248156286421984,0.0,False
70.9,FUSED,0.29348932335897726,0.0,False
70.95,MODEL_ONLY,0.2556807751023551,0.0,False
71.05,FUSED,0.357358613791287,0.0,False
71.10000000000001,MODEL_ONLY,0.31488116256068605,0.0,False
71.15,FUSED,0.39907836667338326,0.22721869110356527,False
71.2,MODEL_ONLY,0.3650893497960738,0.22721869110356527,False
71.25,FUSED,0.4451492403103174,0.4159549894258605,False
71.3,MODEL_ONLY,0.4181769991487397,0.4159549894258605,False
71.35000000000001,FUSED,0.49588000774769664,0.5863126873455453,False
71.4,MODEL_ONLY,0.4754342305363794,0.5863126873455453,False
71.55,FUSED,0.5471023103627597,0.6,False
71.60000000000001,MODEL_ONLY,0.5243201623476395,0.6,False
146.65,MODEL_ONLY,40.0,0.6,True
147.35,MODEL_ONLY,39.99985013959046,0.6,False
152.25,MODEL_ONLY,40.0,0.6,True
154.5,MODEL_ONLY,39.99882236521251,0.6,False
157.20000000000002,MODEL_ONLY,40.0,0.6,True
158.55,MODEL_ONLY,39.99832883572026,0.6,False
161.0,MODEL_ONLY,40.0,0.6,True
161.9,MODEL_ONLY,39.999425568075544,0.6,False
162.9,MODEL_ONLY,40.0,0.6,True
163.5,MODEL_ONLY,39.99937789601976,0.6,False
166.85000000000002,MODEL_ONLY,40.0,0.6,True
168.85000000000002,MODEL_ONLY,39.99914124719494,0.6,False
171.05,MODEL_ONLY,40.0,0.6,True
181.95000000000002,MODEL_ONLY,39.99891517869383,0.6,False
185.45000000000002,MODEL_ONLY,40.0,0.6,True
196.25,MODEL_ONLY,39.99935778003728,0.6,False
198.5,MODEL_ONLY,40.0,0.6,True
207.45000000000002,MODEL_ONLY,39.999363773860225,0.6,False
213.05,MODEL_ONLY,40.0,0.6,True
286.7,MODEL_ONLY,39.999661694342166,0.6,False
302.90000000000003,MODEL_ONLY,40.0,0.6,True
309.90000000000003,MODEL_ONLY,39.99979969267029,0.6,False
315.5,MODEL_ONLY,40.0,0.6,True
383.75,MODEL_ONLY,39.999258515982284,0.6,False
401.0,MODEL_ONLY,40.0,0.6,True
410.6,MODEL_ONLY,39.99979846177202,0.6,False
412.75,MODEL_ONLY,40.0,0.6,True
498.0,MODEL_ONLY,39.999709868922885,0.6,False
515.0,MODEL_ONLY,40.0,0.6,True
546.15,MODEL_ONLY,39.99935434790877,0.6,False
551.65,MODEL_ONLY,40.0,0.6,True
592.5,MODEL_ONLY,39.99976516046244,0.6,False
597.0500000000001,MODEL_ONLY,40.0,0.6,True
608.5500000000001,MODEL_ONLY,39.99988034808141,0.6,False
611.1,MODEL_ONLY,40.0,0.6,True
645.1500000000001,MODEL_ONLY,39.99996444932517,0.6,False
646.35,MODEL_ONLY,40.0,0.6,True
659.85,MODEL_ONLY,39.99965860118941,0.6,False
665.4000000000001,MODEL_ONLY,40.0,0.6,True
680.5500000000001,MODEL_ONLY,39.998324423472454,0.6,False
684.35,MODEL_ONLY,40.0,0.6,True
787.8000000000001,MODEL_ONLY,39.99965871382144,0.6,False
792.8000000000001,MODEL_ONLY,40.0,0.6,True
813.0500000000001,MODEL_ONLY,39.99801999321686,0.6,False
816.85,MODEL_ONLY,40.0,0.6,True
837.4000000000001,MODEL_ONLY,39.999736054694914,0.6,False
880.95,MODEL_ONLY,40.0,0.6,True
886.0,MODEL_ONLY,39.99979558852623,0.6,False
890.0500000000001,MODEL_ONLY,40.0,0.6,True
956.1,MODEL_ONLY,39.99898203081983,0.6,False
960.0500000000001,MODEL_ONLY,40.0,0.6,True
991.25,MODEL_ONLY,39.999658862764704,0.6,False
999.0500000000001,MODEL_ONLY,40.0,0.6,True
1035.2,MODEL_ONLY,39.99965860373309,0.6,False
1040.9,MODEL_ONLY,40.0,0.6,True
1090.3,MODEL_ONLY,39.999658600426116,0.6,False
1094.65,MODEL_ONLY,40.0,0.6,True
1162.15,MODEL_ONLY,39.99965860203714,0.6,False
1166.55,MODEL_ONLY,40.0,0.6,True
1187.4,MODEL_ONLY,39.99988741271389,0.6,False
1190.1000000000001,MODEL_ONLY,40.0,0.6,True
1193.9,MODEL_ONLY,39.99969190280003,0.6,False
1206.9,MODEL_ONLY,40.0,0.6,True
1219.25,MODEL_ONLY,39.99968285516922,0.6,False
1223.3500000000001,MODEL_ONLY,40.0,0.6,True
1231.5500000000002,MODEL_ONLY,39.999683044347975,0.6,False
1237.3500000000001,MODEL_ONLY,40.0,0.6,True
1282.3500000000001,MODEL_ONLY,39.9997057513174,0.6,False
1283.8000000000002,MODEL_ONLY,40.0,0.6,True
1285.8500000000001,MODEL_ONLY,39.99966949463412,0.6,False
