metric,baseline,candidate,delta,change_percent
clean_rmse,0.09266814298282507,0.0920826019634765,-0.0005855410193485733,-0.631868731260854
fault_rmse,0.2375486120563008,0.23233245722071189,-0.005216154835588904,-2.1958262733829947
distance_rmse,5.310295004801444,5.304417592563412,-0.005877412238032065,-0.11067958056413252
samples,394221,394221,0,0.0
pooled_rmse,0.1293056944774334,0.1289712874181906,-0.00033440705924278613,-0.2586174263973673
false_stops_clean,0,0,0,
false_stops_fault,0,0,0,
unrecovered,4,4,0,0.0
low_speed_event_rmse,0.3685456733063761,0.36968427139999677,0.0011385980936206574,0.30894355193640255
low_speed_unrecovered,6,6,0,0.0
low_speed_false_stops,0,0,0,
common_mode_event_rmse,0.10063227230134311,0.09826334571174841,-0.0023689265895947,-2.3540426300828754
common_mode_unrecovered,2,2,0,0.0
common_mode_false_stops,0,0,0,
full_faulted_event_rmse,0.24048831111490715,0.23481191163622203,-0.005676399478685118,-2.3603639829184453
full_faulted_unrecovered,4,4,0,0.0
full_faulted_false_stops,0,0,0,
full_faulted_distance_rmse,6.269376947281123,6.286614807451583,0.017237860170459918,0.27495332176405984
clean_mae,0.03493335290464455,0.034674632484058936,-0.00025872042058561195,-0.7406114760636462
clean_bias,0.0063906774202189785,0.006495120675440076,0.0001044432552210978,1.6343064804156482
clean_p95,0.09009279009188104,0.0890919219456079,-0.0010008681462731345,-1.1109303477585764
clean_recovery_s,,,,
original_mae,0.15379652933081722,0.15132007904948264,-0.0024764502813345857,-1.6102120718262336
original_bias,0.01117030785164182,0.012392628026263047,0.0012223201746212262,10.942582700991267
original_p95,0.45667042861771223,0.45117577441110424,-0.005494654206607996,-1.2031990385801161
original_recovery_s,0.7243582848749885,0.7165457848749885,-0.0078125,-1.078540849622267
