suite,group,bag_replays,baseline_rmse,candidate_rmse,baseline_event_rmse,candidate_event_rmse,baseline_distance,candidate_distance
clean,2cd82bc27dbad052,1,0.01918502773970963,0.017681495757353987,,,0.12166958898009414,0.12868228627657996
clean,664cca45aeb0db23,7,,,,,,
clean,70bb14d1c90f301f,2,0.14767057962529004,0.14731162771289594,,,11.909735160113975,11.90719271354865
clean,711abb923942f9fe,2,0.10598262720618301,0.10553517369374983,,,1.894308645173905,1.887325962146729
clean,8269991eafa82c45,3,0.02467686311810358,0.02411225010371298,,,0.2665489759779432,0.2620313306070989
clean,a0c46036cc19092a,1,0.13814212669565956,0.1380850125451478,,,0.02928796648509978,0.029416460347083558
clean,a8a4c11ebcc1dde2,1,0.12035163351200452,0.11977005196799836,,,17.640219692077647,17.611856802454326
original,664cca45aeb0db23,24,,,,,,
original,70bb14d1c90f301f,8,0.16753338905335466,0.1743254883443762,0.24558223466400395,0.255699877956189,,
original,711abb923942f9fe,8,0.24541529874913803,0.24390095409027657,0.125038907454389,0.12344918458736082,,
original,8269991eafa82c45,8,0.3315086481145102,0.32042082013283457,0.41975775232176954,0.40350160340689295,,
original,a0c46036cc19092a,4,0.1735484920300315,0.15843798507428766,0.23068188444422735,0.20520338043537745,,
original,a8a4c11ebcc1dde2,4,0.20786107803215376,0.21280473947121578,0.16668228139711413,0.1738082397177393,,
low_speed,2cd82bc27dbad052,2,1.221142173001172,1.2001716952639456,1.3091482963817662,1.3034723317380263,,
low_speed,664cca45aeb0db23,8,,,,,,
low_speed,70bb14d1c90f301f,4,0.12607368207113762,0.12577631448687554,0.17669615492016988,0.17542085288283332,,
low_speed,711abb923942f9fe,4,0.2504183948684381,0.24789532261428932,0.26644489029984575,0.26085274645304807,,
low_speed,8269991eafa82c45,4,0.07987784069897402,0.08066941971237565,0.12889587882143197,0.13015624439203277,,
low_speed,a0c46036cc19092a,2,0.12118091033334033,0.12248185063359776,0.17482268796816516,0.17770787076860525,,
low_speed,a8a4c11ebcc1dde2,2,0.10413106638876392,0.11147980279685145,0.1552661314468774,0.17049558216543473,,
common_mode,664cca45aeb0db23,12,,,,,,
common_mode,70bb14d1c90f301f,4,0.08518130289002623,0.0848714509412378,0.11775416455948268,0.11503533001452951,,
common_mode,711abb923942f9fe,4,0.20269486272483647,0.20297714419115176,0.06735565757839733,0.06741506422685492,,
common_mode,8269991eafa82c45,4,0.07712122727699414,0.07073677946012008,0.16980765714928567,0.15565443336972937,,
common_mode,a0c46036cc19092a,2,0.08570459120950882,0.08581397100024168,0.06891167615932964,0.07256142017486904,,
common_mode,a8a4c11ebcc1dde2,2,0.08273734279179462,0.08293151794748214,0.0793322060602202,0.08065048077275919,,
full_faulted,664cca45aeb0db23,24,,,,,,
full_faulted,70bb14d1c90f301f,8,0.1721259615410389,0.17741724516495358,0.25109016409877605,0.25858567990733045,11.390922420983532,11.37341317173528
full_faulted,711abb923942f9fe,8,0.24729513684018484,0.24535073714047206,0.12864997765318423,0.12636953511860052,1.8974513482301965,1.8899880540273832
full_faulted,8269991eafa82c45,8,0.3328036615084972,0.32192168762866413,0.42019877482665485,0.4046990166603859,0.5576116278680913,0.5447033189468439
full_faulted,a0c46036cc19092a,4,0.17311420301172675,0.1577953950068509,0.2348009480713676,0.20928752102662648,0.02928796648509542,0.029416460347110762
full_faulted,a8a4c11ebcc1dde2,4,0.20986934411657437,0.2148968309969987,0.167701690924553,0.17511780546816683,17.4716113728387,17.595553032201295
