model,metric,value
v8,clean_rmse,0.09266814298282507
v8,fault_rmse,0.2375486120563008
v8,distance_rmse,5.310295004801444
v8,samples,394221
v8,pooled_rmse,0.1293056944774334
v8,false_stops_clean,0
v8,false_stops_fault,0
v8,unrecovered,4
v8,clean_mae,0.03493335290464455
v8,clean_bias,0.0063906774202189785
v8,clean_p95,0.09009279009188104
v8,fault_mae,0.15379652933081722
v8,fault_bias,0.01117030785164182
v8,recovery_s,0.7243582848749885
v8,low_speed.event_macro_rmse,0.3685456733063761
v8,low_speed.full_macro_rmse,0.31713734456030435
v8,low_speed.mae,0.2864578234628004
v8,low_speed.bias,0.2141046573910008
v8,low_speed.recovery_s,0.3024757251249923
v8,low_speed.false_stops,0
v8,low_speed.unrecovered,6
v8,common.event_macro_rmse,0.10063227230134311
v8,common.full_macro_rmse,0.10668786537863206
v8,common.mae,0.08740958401041173
v8,common.bias,0.04275285392607882
v8,common.recovery_s,0.10092078487500089
v8,common.false_stops,0
v8,common.unrecovered,2
v8,transition.event_macro_rmse,0.541068856896769
v8,transition.full_macro_rmse,0.9529121574564986
v8,transition.mae,0.7726017039487703
v8,transition.bias,-0.5840563197954399
v8,transition.recovery_s,0.18473383756249806
v8,transition.false_stops,0
v8,transition.unrecovered,4
H31,clean_rmse,0.09266788120083258
H31,fault_rmse,0.2371030849848991
H31,distance_rmse,5.3102787769135436
H31,samples,394221
H31,pooled_rmse,0.12930551517870142
H31,false_stops_clean,0
H31,false_stops_fault,0
H31,unrecovered,4
H31,clean_mae,0.03493316487799672
H31,clean_bias,0.006390561389222771
H31,clean_p95,0.09009279009188104
H31,fault_mae,0.15354157289957643
H31,fault_bias,0.01142526428288262
H31,recovery_s,0.7243582848749885
H31,low_speed.event_macro_rmse,0.3685456733063761
H31,low_speed.full_macro_rmse,0.31713734456030435
H31,low_speed.mae,0.2864578234628004
H31,low_speed.bias,0.2141046573910008
H31,low_speed.recovery_s,0.3024757251249923
H31,low_speed.false_stops,0
H31,low_speed.unrecovered,6
H31,common.event_macro_rmse,0.10063227230134311
H31,common.full_macro_rmse,0.10668786537863206
H31,common.mae,0.08740958401041173
H31,common.bias,0.04275285392607882
H31,common.recovery_s,0.10092078487500089
H31,common.false_stops,0
H31,common.unrecovered,2
H31,transition.event_macro_rmse,0.541068856896769
H31,transition.full_macro_rmse,0.9529121574564986
H31,transition.mae,0.7726017039487703
H31,transition.bias,-0.5840563197954399
H31,transition.recovery_s,0.18473383756249806
H31,transition.false_stops,0
H31,transition.unrecovered,4
equal_weight,clean_rmse,0.09266772793026175
equal_weight,fault_rmse,0.2369758983388195
equal_weight,distance_rmse,5.31027496398677
equal_weight,samples,394221
equal_weight,pooled_rmse,0.12930542367319822
equal_weight,false_stops_clean,0
equal_weight,false_stops_fault,0
equal_weight,unrecovered,4
equal_weight,clean_mae,0.034933042905534194
equal_weight,clean_bias,0.006390518502290228
equal_weight,clean_p95,0.09009168348949685
equal_weight,fault_mae,0.15347104930546993
equal_weight,fault_bias,0.0114957878769891
equal_weight,recovery_s,0.7243582848749885
equal_weight,low_speed.event_macro_rmse,0.3685456733063761
equal_weight,low_speed.full_macro_rmse,0.31713734456030435
equal_weight,low_speed.mae,0.2864578234628004
equal_weight,low_speed.bias,0.2141046573910008
equal_weight,low_speed.recovery_s,0.3024757251249923
equal_weight,low_speed.false_stops,0
equal_weight,low_speed.unrecovered,6
equal_weight,common.event_macro_rmse,0.10063227230134311
equal_weight,common.full_macro_rmse,0.10668786537863206
equal_weight,common.mae,0.08740958401041173
equal_weight,common.bias,0.04275285392607882
equal_weight,common.recovery_s,0.10092078487500089
equal_weight,common.false_stops,0
equal_weight,common.unrecovered,2
equal_weight,transition.event_macro_rmse,0.541068856896769
equal_weight,transition.full_macro_rmse,0.9529121574564986
equal_weight,transition.mae,0.7726017039487703
equal_weight,transition.bias,-0.5840563197954399
equal_weight,transition.recovery_s,0.18473383756249806
equal_weight,transition.false_stops,0
equal_weight,transition.unrecovered,4
