stage,bag,group,receiver,model,n,coverage,rmse,mae,bias,p95,integrated_error_m_not_xyz,false_stop_samples,distance_rmse,common_front_scaled_rmse,common_mean_scaled_rmse,kind,start,end,event_rmse,recovery_s
clean,30618_0652866c,8269991eafa82c45,master,main,28586,0.9787379737734104,0.03581761396605538,0.025328524151279418,-0.011421300051586581,0.07223971684486141,-16.214038537184805,0,0.3470724769444702,,,,,,,
clean,30618_0652866c,8269991eafa82c45,master,candidate,28586,0.9787379737734104,0.03487955974428246,0.024928968615105147,-0.010346776482660212,0.07087588609231665,-14.683145382136985,0,0.3135061744611728,0.034878128913914945,0.034878128913914945,,,,,
clean,30618_0652866c,8269991eafa82c45,rover,main,27714,0.9488821173006471,0.03639643781273983,0.025289953323253747,-0.011361611597974101,0.07483102095709845,-15.591257157818038,0,0.4759879524296647,,,,,,,
clean,30618_0652866c,8269991eafa82c45,rover,candidate,27714,0.9488821173006471,0.03543340795505359,0.024875266513259595,-0.010287162718655651,0.07387763166769831,-14.114669517230826,0,0.44138566651830763,0.03542791981250857,0.03542791981250857,,,,,
clean,30618_073f08d1,8269991eafa82c45,master,main,24724,0.9720081773863815,0.03348245154291824,0.023108869787608212,-0.006070035787324373,0.06937720395129368,-7.443645450690525,0,0.22510198625126168,,,,,,,
clean,30618_073f08d1,8269991eafa82c45,master,candidate,24724,0.9720081773863815,0.032923272157722706,0.022898060276500955,-0.005175562339067287,0.06907072020355531,-6.342690976960951,0,0.2136360971268446,0.03291512638429797,0.03291512638429797,,,,,
clean,30618_073f08d1,8269991eafa82c45,rover,main,24530,0.9643811920113226,0.03438795608244706,0.024009384607715595,-0.006689857347010079,0.0719216728809112,-8.1724839357899,0,0.5466859334919867,,,,,,,
clean,30618_073f08d1,8269991eafa82c45,rover,candidate,24530,0.9643811920113226,0.033879090444903705,0.023809793467612122,-0.0058151397546049605,0.07130367780741066,-7.104666236706185,0,0.524382269297498,0.033872227482583936,0.033872227482583936,,,,,
clean,30618_117c2d02,664cca45aeb0db23,master,main,0,0.0,,,,,,0,,,,,,,,
clean,30618_117c2d02,664cca45aeb0db23,master,candidate,0,0.0,,,,,,0,,,,,,,,
clean,30618_117c2d02,664cca45aeb0db23,rover,main,0,0.0,,,,,,0,,,,,,,,
clean,30618_117c2d02,664cca45aeb0db23,rover,candidate,0,0.0,,,,,,0,,,,,,,,
clean,30618_1551d0a9,8269991eafa82c45,master,main,22,0.9565217391304348,0.003942772444036626,0.003545454545454546,-0.003545454545454546,0.00695,-0.0037750000000000023,0,0.0022139408508153715,,,,,,,
clean,30618_1551d0a9,8269991eafa82c45,master,candidate,22,0.9565217391304348,0.003942772444036626,0.003545454545454546,-0.003545454545454546,0.00695,-0.0037750000000000023,0,0.0022139408508153715,0.003942772444036626,0.003942772444036626,,,,,
clean,30618_1551d0a9,8269991eafa82c45,rover,main,22,0.9565217391304348,0.004033946860424326,0.0033636363636363647,-0.0033636363636363647,0.007,-0.003550000000000003,0,0.002231565899460818,,,,,,,
clean,30618_1551d0a9,8269991eafa82c45,rover,candidate,22,0.9565217391304348,0.004033946860424326,0.0033636363636363647,-0.0033636363636363647,0.007,-0.003550000000000003,0,0.002231565899460818,0.004033946860424326,0.004033946860424326,,,,,
clean,30618_27e994fc,711abb923942f9fe,master,main,37199,0.9803399657398867,0.16363254547951553,0.042800840605809985,-0.026264077712623596,0.12450286937004977,-48.75539141808854,0,1.6812826250370876,,,,,,,
clean,30618_27e994fc,711abb923942f9fe,master,candidate,37199,0.9803399657398867,0.16272273473624183,0.041493446844617046,-0.024431012179911046,0.11562725874198206,-45.35142726935077,0,1.5976259564807023,0.16271919579263067,0.16271919579263067,,,,,
clean,30618_27e994fc,711abb923942f9fe,rover,main,37143,0.9788641454737119,0.15909625801028546,0.04155353317847114,-0.028081437516887502,0.12327414179729806,-52.15862517647113,0,1.116948628798278,,,,,,,
clean,30618_27e994fc,711abb923942f9fe,rover,candidate,37143,0.9788641454737119,0.15811572729816856,0.040209758707397486,-0.02627205363349425,0.11563129938525257,-48.840611983518244,0,1.0979225388043687,0.1581050564343771,0.1581050564343771,,,,,
clean,30618_3e012faf,664cca45aeb0db23,master,main,0,0.0,,,,,,0,,,,,,,,
clean,30618_3e012faf,664cca45aeb0db23,master,candidate,0,0.0,,,,,,0,,,,,,,,
clean,30618_3e012faf,664cca45aeb0db23,rover,main,0,0.0,,,,,,0,,,,,,,,
clean,30618_3e012faf,664cca45aeb0db23,rover,candidate,0,0.0,,,,,,0,,,,,,,,
clean,30618_46e21b9b,664cca45aeb0db23,master,main,0,0.0,,,,,,0,,,,,,,,
clean,30618_46e21b9b,664cca45aeb0db23,master,candidate,0,0.0,,,,,,0,,,,,,,,
clean,30618_46e21b9b,664cca45aeb0db23,rover,main,0,0.0,,,,,,0,,,,,,,,
clean,30618_46e21b9b,664cca45aeb0db23,rover,candidate,0,0.0,,,,,,0,,,,,,,,
clean,30618_5036aa78,664cca45aeb0db23,master,main,0,0.0,,,,,,0,,,,,,,,
clean,30618_5036aa78,664cca45aeb0db23,master,candidate,0,0.0,,,,,,0,,,,,,,,
clean,30618_5036aa78,664cca45aeb0db23,rover,main,0,0.0,,,,,,0,,,,,,,,
clean,30618_5036aa78,664cca45aeb0db23,rover,candidate,0,0.0,,,,,,0,,,,,,,,
clean,30618_74559c73,664cca45aeb0db23,master,main,0,0.0,,,,,,0,,,,,,,,
clean,30618_74559c73,664cca45aeb0db23,master,candidate,0,0.0,,,,,,0,,,,,,,,
clean,30618_74559c73,664cca45aeb0db23,rover,main,0,0.0,,,,,,0,,,,,,,,
clean,30618_74559c73,664cca45aeb0db23,rover,candidate,0,0.0,,,,,,0,,,,,,,,
clean,30618_88548b02,711abb923942f9fe,master,main,24833,0.9909021986353298,0.050336406717138904,0.03654137905188038,-0.030652837222753776,0.10232414189425944,-37.95571695000773,0,2.8397907385231904,,,,,,,
clean,30618_88548b02,711abb923942f9fe,master,candidate,24833,0.9909021986353298,0.05084623684087487,0.03684972539180876,-0.03014204275648482,0.10346411377753521,-37.324748546566425,0,2.812684027067666,0.050784126565620744,0.050784126565620744,,,,,
clean,30618_88548b02,711abb923942f9fe,rover,main,24673,0.9845177766250349,0.05086529861779218,0.03695173712221383,-0.03100029830590161,0.1037368000021362,-38.04956841352228,0,1.9392125883370643,,,,,,,
clean,30618_88548b02,711abb923942f9fe,rover,candidate,24673,0.9845177766250349,0.051369252337531854,0.03726741841130052,-0.030480869674085358,0.10492192920773455,-37.40889082178654,0,1.9325935189816263,0.05131649462984512,0.05131649462984512,,,,,
clean,30618_bcc9e7a2,664cca45aeb0db23,master,main,0,0.0,,,,,,0,,,,,,,,
clean,30618_bcc9e7a2,664cca45aeb0db23,master,candidate,0,0.0,,,,,,0,,,,,,,,
clean,30618_bcc9e7a2,664cca45aeb0db23,rover,main,0,0.0,,,,,,0,,,,,,,,
clean,30618_bcc9e7a2,664cca45aeb0db23,rover,candidate,0,0.0,,,,,,0,,,,,,,,
clean,30618_e151d6e4,664cca45aeb0db23,master,main,0,0.0,,,,,,0,,,,,,,,
clean,30618_e151d6e4,664cca45aeb0db23,master,candidate,0,0.0,,,,,,0,,,,,,,,
clean,30618_e151d6e4,664cca45aeb0db23,rover,main,0,0.0,,,,,,0,,,,,,,,
clean,30618_e151d6e4,664cca45aeb0db23,rover,candidate,0,0.0,,,,,,0,,,,,,,,
clean,30639_0ab96c59,2cd82bc27dbad052,master,main,1592,0.9993722536095417,0.018981005982407435,0.006284063129902641,-0.002179024853688053,0.013528623835174438,-0.1732503783535689,0,0.11011468379779153,,,,,,,
clean,30639_0ab96c59,2cd82bc27dbad052,master,candidate,1592,0.9993722536095417,0.019884478313926743,0.006375057804451881,-0.0017995211572582102,0.014470558930014978,-0.1430418841177534,0,0.09873962454062814,0.019946338007943158,0.019946338007943158,,,,,
clean,30639_0ab96c59,2cd82bc27dbad052,rover,main,1592,0.9993722536095417,0.019389049497011826,0.006765810322137451,-0.0025772660597182034,0.015999999999999997,-0.20507537835356915,0,0.13322449416239673,,,,,,,
clean,30639_0ab96c59,2cd82bc27dbad052,rover,candidate,1592,0.9993722536095417,0.02038326263851957,0.006945892330736543,-0.002197762363288361,0.017,-0.17486688411775364,0,0.12118566061620377,0.020445388608674335,0.020445388608674335,,,,,
clean,30639_9c362687,a8a4c11ebcc1dde2,master,main,27156,0.9988230101515374,0.07832969221186231,0.04530803814455253,0.01955911724427634,0.11421708881508164,26.55498508635243,0,16.067518821165372,,,,,,,
clean,30639_9c362687,a8a4c11ebcc1dde2,master,candidate,27156,0.9988230101515374,0.07768053680312687,0.04492864400371492,0.02078765285700016,0.11265825208565894,28.223451828216092,0,16.30840252488506,0.07705881354294387,0.07705881354294387,,,,,
clean,30639_9c362687,a8a4c11ebcc1dde2,rover,main,27096,0.9966161541856702,0.16237357481214673,0.05247213454195867,0.01978766358173068,0.12219023038955679,26.81405988202406,0,19.212920562989922,,,,,,,
clean,30639_9c362687,a8a4c11ebcc1dde2,rover,candidate,27096,0.9966161541856702,0.1620622370325269,0.0521455480663758,0.021004776516235443,0.12080367513925383,28.459165607625927,0,19.48931594031311,0.1618968877456414,0.1618968877456414,,,,,
clean,30639_c31df386,70bb14d1c90f301f,master,main,24006,0.8811158010644154,0.06253184971146651,0.046091496620704005,0.028717676524354117,0.1276898592840081,33.72499807144949,0,4.058011804137411,,,,,,,
clean,30639_c31df386,70bb14d1c90f301f,master,candidate,24006,0.8811158010644154,0.06217468070949901,0.04609871226685213,0.029918465719593078,0.12716744203967068,35.164244482002374,0,4.159754716330536,0.06233742541008773,0.06233742541008773,,,,,
clean,30639_c31df386,70bb14d1c90f301f,rover,main,27162,0.9969535694622866,0.06488326117957367,0.04730059884625296,0.03258407515642759,0.13204690067272268,44.25298246994436,0,28.322408034794446,,,,,,,
clean,30639_c31df386,70bb14d1c90f301f,rover,candidate,27162,0.9969535694622866,0.06454636395064815,0.047274315417795296,0.03366769907605855,0.1315475748943476,45.72465211519517,0,28.806675862692714,0.06469428220809603,0.06469428220809603,,,,,
clean,30639_dce52be4,70bb14d1c90f301f,master,main,21963,0.9580788693072763,0.3600590120977054,0.061033525620136996,0.047715848332589975,0.12187388870653612,51.80873864893959,0,11.266619291972654,,,,,,,
clean,30639_dce52be4,70bb14d1c90f301f,master,candidate,21963,0.9580788693072763,0.3601012642971586,0.061368926029372134,0.04814097707106922,0.12163335019080601,52.27786315816992,0,11.343298889330265,0.3602130549950042,0.3602130549950042,,,,,
clean,30639_dce52be4,70bb14d1c90f301f,rover,main,22798,0.9945035770371663,0.10320819551241453,0.053495927559678,0.03982032099672915,0.12686949016965424,45.313903385197534,0,3.9919015095513934,,,,,,,
clean,30639_dce52be4,70bb14d1c90f301f,rover,candidate,22798,0.9945035770371663,0.10342316964303845,0.053813951362160384,0.04021886794914698,0.12671084402496705,45.76851890053588,0,4.043934479437372,0.1034416950260684,0.1034416950260684,,,,,
clean,30639_e4379d7f,a0c46036cc19092a,master,main,0,0.0,,,,,,0,,,,,,,,
clean,30639_e4379d7f,a0c46036cc19092a,master,candidate,0,0.0,,,,,,0,,,,,,,,
clean,30639_e4379d7f,a0c46036cc19092a,rover,main,11410,0.3966764010568766,0.13814212669565956,0.04530186424414684,0.019914317950860905,0.11662264361818621,6.113859648678671,0,0.02928796648509978,,,,,,,
clean,30639_e4379d7f,a0c46036cc19092a,rover,candidate,11410,0.3966764010568766,0.13824102065037214,0.04553674585386446,0.02033742445965956,0.11692776420947144,6.2302370557106475,0,0.029859062289723477,0.1382699187240842,0.1382699187240842,,,,,
fault,30618_0652866c,8269991eafa82c45,master,main,300,0.4291845493562232,0.03272535079417663,0.02492969588341831,-0.006788001148673842,0.06935872162869577,-0.1015961253303602,0,,,,bias,156.9,161.9,0.046062129388877174,0.006544645999980503
fault,30618_0652866c,8269991eafa82c45,master,candidate,300,0.4291845493562232,0.03565218148704338,0.027354291510755444,-0.006419963383836531,0.07404753432723918,-0.09611010348091095,0,,,,bias,156.9,161.9,0.0491956316380888,0.006544645999980503
fault,30618_0652866c,8269991eafa82c45,rover,main,300,0.4291845493562232,0.03676987861681634,0.028762094182646827,-0.00672133448200718,0.0746185757748848,-0.10202112533035698,0,,,,bias,156.9,161.9,0.049277182132701,0.006544645999980503
fault,30618_0652866c,8269991eafa82c45,rover,candidate,300,0.4291845493562232,0.040009768585222205,0.03108984552792591,-0.0063532967171698665,0.08691399918754521,-0.0965351034809077,0,,,,bias,156.9,161.9,0.05248467087573539,0.006544645999980503
fault,30618_0652866c,8269991eafa82c45,master,main,300,0.4291845493562232,0.060735492283645706,0.03871130266178159,-0.028266980066455137,0.15125532413407242,-0.42378080909707894,0,,,,dropout,156.9,161.9,0.09999648347634237,0.006544645999980503
fault,30618_0652866c,8269991eafa82c45,master,candidate,300,0.4291845493562232,0.08561291404307608,0.053675215794746586,-0.042205622557193824,0.21575828129810845,-0.6328949910812706,0,,,,dropout,156.9,161.9,0.14234458323010932,0.006544645999980503
fault,30618_0652866c,8269991eafa82c45,rover,main,300,0.4291845493562232,0.06378728804192392,0.042706669651826165,-0.02820031339978847,0.1566413773566227,-0.42420580909707584,0,,,,dropout,156.9,161.9,0.10298372524688669,0.006544645999980503
fault,30618_0652866c,8269991eafa82c45,rover,candidate,300,0.4291845493562232,0.08919839014322388,0.05702317501991745,-0.042138955890527165,0.215429968245756,-0.6333199910812674,0,,,,dropout,156.9,161.9,0.146325631035248,0.006544645999980503
fault,30618_0652866c,8269991eafa82c45,master,main,400,0.5,0.14278282541009035,0.09794992338239354,-0.09071652905036885,0.32837830710219545,-1.8129086601923246,0,,,,dropout,156.9,166.9,0.15780494520013125,1.2565446459999805
fault,30618_0652866c,8269991eafa82c45,master,candidate,400,0.5,0.46192655611553474,0.2760394171371501,-0.27051419977341296,1.1511344138405393,-5.408833070698638,0,,,,dropout,156.9,166.9,0.4369565818201487,1.7565446459999805
fault,30618_0652866c,8269991eafa82c45,rover,main,400,0.5,0.1448776244264721,0.10157153848913819,-0.08643152905036883,0.3303845266293857,-1.73003366019232,0,,,,dropout,156.9,166.9,0.1604127348839681,1.2565446459999805
fault,30618_0652866c,8269991eafa82c45,rover,candidate,400,0.5,0.46423697961342447,0.2789880432031405,-0.266229199773413,1.1606211547886043,-5.325958070698633,0,,,,dropout,156.9,166.9,0.43929903085900546,1.7565446459999805
fault,30618_0652866c,8269991eafa82c45,master,main,260,0.3945371775417299,0.032723406564617336,0.024876491227769155,-0.012854301665481875,0.0641047904467125,-0.16677965313423707,0,,,,lock,156.9,159.9,0.04609706040210767,0.006544645999980503
fault,30618_0652866c,8269991eafa82c45,master,candidate,260,0.3945371775417299,0.04617102799644097,0.032659026181603726,-0.01957409834587147,0.11134497704040375,-0.25448261398146527,0,,,,lock,156.9,159.9,0.07345995930393132,0.006544645999980503
fault,30618_0652866c,8269991eafa82c45,rover,main,260,0.3945371775417299,0.03751089853930301,0.02921382728148195,-0.013815840127020335,0.07895312783187086,-0.17947965313423433,0,,,,lock,156.9,159.9,0.046350605584348885,0.006544645999980503
fault,30618_0652866c,8269991eafa82c45,rover,candidate,260,0.3945371775417299,0.050903370408285374,0.0360113222574934,-0.020535636807409927,0.10513098979773265,-0.2671826139814625,0,,,,lock,156.9,159.9,0.07416388096711392,0.006544645999980503
fault,30618_073f08d1,8269991eafa82c45,master,main,296,0.4222539229671897,0.0719475947465785,0.05889268165063283,-0.056196096470605736,0.13832764441102985,-0.8287771694256998,0,,,,bias,127.60000000000001,132.60000000000002,0.08876829296488531,0.015782163999972454
fault,30618_073f08d1,8269991eafa82c45,master,candidate,296,0.4222539229671897,0.05137695452022687,0.0390018752316641,-0.032184901008218206,0.10770851680928395,-0.47541379938647643,0,,,,bias,127.60000000000001,132.60000000000002,0.06081253574391179,0.015782163999972454
fault,30618_073f08d1,8269991eafa82c45,rover,main,270,0.38516405135520687,0.06770508521405613,0.055731847870782246,-0.05234431895582459,0.12995352136420435,-0.7023227793911547,0,,,,bias,127.60000000000001,132.60000000000002,0.08549924140752002,0.015782163999972454
fault,30618_073f08d1,8269991eafa82c45,rover,candidate,270,0.38516405135520687,0.04778892610088957,0.036391331807702196,-0.029244132663746845,0.10238950616908774,-0.3937816733667533,0,,,,bias,127.60000000000001,132.60000000000002,0.05805323850667288,0.015782163999972454
fault,30618_073f08d1,8269991eafa82c45,master,main,296,0.4222539229671897,0.4383886653479657,0.266062361201065,-0.26336581556990035,0.9976150616236689,-3.8580438222392472,0,,,,dropout,127.60000000000001,132.60000000000002,0.7644039095639792,0.015782163999972454
fault,30618_073f08d1,8269991eafa82c45,master,candidate,296,0.4222539229671897,0.16793379094738903,0.11248892021446834,-0.10591561592080775,0.3519065236737964,-1.5530623205465222,0,,,,dropout,127.60000000000001,132.60000000000002,0.28721984953197555,0.015782163999972454
fault,30618_073f08d1,8269991eafa82c45,rover,main,270,0.38516405135520687,0.3848142665552842,0.21313721653478915,-0.20974968799318608,0.9946232326365136,-2.751051746334954,0,,,,dropout,127.60000000000001,132.60000000000002,0.7487385273836106,0.015782163999972454
fault,30618_073f08d1,8269991eafa82c45,rover,candidate,270,0.38516405135520687,0.1437810196783265,0.09051854355693267,-0.08353241439633448,0.35557946818238967,-1.09972410157399,0,,,,dropout,127.60000000000001,132.60000000000002,0.27254388551004594,0.015782163999972454
fault,30618_073f08d1,8269991eafa82c45,master,main,388,0.484394506866417,1.6052568690353133,1.082916113052812,-1.0685287848928657,3.513288028621289,-20.691456955613724,0,,,,dropout,127.60000000000001,137.60000000000002,1.5693744405944205,2.165782163999978
fault,30618_073f08d1,8269991eafa82c45,master,candidate,388,0.484394506866417,0.4206391992605745,0.26510134426255816,-0.2480512299387709,1.0138882649490637,-4.799924113949121,0,,,,dropout,127.60000000000001,137.60000000000002,0.580049195186622,0.06578216399998382
fault,30618_073f08d1,8269991eafa82c45,rover,main,352,0.4394506866416979,1.6700724718700863,1.132961278710576,-1.1183682668592612,3.5301412307808184,-19.607349425692654,0,,,,dropout,127.60000000000001,137.60000000000002,1.6565414833891217,2.165782163999978
fault,30618_073f08d1,8269991eafa82c45,rover,candidate,352,0.4394506866416979,0.4332175822388838,0.26711685799509727,-0.24959008259292242,1.0507910497039201,-4.36988351091153,0,,,,dropout,127.60000000000001,137.60000000000002,0.6104170197857843,0.06578216399998382
fault,30618_073f08d1,8269991eafa82c45,master,main,256,0.3878787878787879,0.2928063488775902,0.1705611488426664,-0.1701161591982193,0.7275292927100316,-2.135097397605505,0,,,,lock,127.60000000000001,130.60000000000002,0.5925587417854886,0.11578216399996677
fault,30618_073f08d1,8269991eafa82c45,master,candidate,256,0.3878787878787879,0.15325897422873758,0.09600711603969742,-0.09333344292029197,0.3693975120577899,-1.1774348767848735,0,,,,lock,127.60000000000001,130.60000000000002,0.3099337811538346,0.11578216399996677
fault,30618_073f08d1,8269991eafa82c45,rover,main,230,0.3484848484848485,0.2212343035082436,0.12545343762540176,-0.12483928531126667,0.6735219926446587,-1.392709016789944,0,,,,lock,127.60000000000001,130.60000000000002,0.5012545337439237,0.5657821639999838
fault,30618_073f08d1,8269991eafa82c45,rover,candidate,230,0.3484848484848485,0.1301560077917578,0.07659235395764842,-0.07412091153836783,0.3703099384082307,-0.83419729860604,0,,,,lock,127.60000000000001,130.60000000000002,0.2965457918426788,0.5657821639999838
fault,30618_117c2d02,664cca45aeb0db23,master,main,0,0.0,,,,,,0,,,,bias,141.4,146.4,,
fault,30618_117c2d02,664cca45aeb0db23,master,candidate,0,0.0,,,,,,0,,,,bias,141.4,146.4,,
fault,30618_117c2d02,664cca45aeb0db23,rover,main,0,0.0,,,,,,0,,,,bias,141.4,146.4,,
fault,30618_117c2d02,664cca45aeb0db23,rover,candidate,0,0.0,,,,,,0,,,,bias,141.4,146.4,,
fault,30618_117c2d02,664cca45aeb0db23,master,main,0,0.0,,,,,,0,,,,dropout,141.4,146.4,,
fault,30618_117c2d02,664cca45aeb0db23,master,candidate,0,0.0,,,,,,0,,,,dropout,141.4,146.4,,
fault,30618_117c2d02,664cca45aeb0db23,rover,main,0,0.0,,,,,,0,,,,dropout,141.4,146.4,,
fault,30618_117c2d02,664cca45aeb0db23,rover,candidate,0,0.0,,,,,,0,,,,dropout,141.4,146.4,,
fault,30618_117c2d02,664cca45aeb0db23,master,main,0,0.0,,,,,,0,,,,dropout,141.4,151.4,,
fault,30618_117c2d02,664cca45aeb0db23,master,candidate,0,0.0,,,,,,0,,,,dropout,141.4,151.4,,
fault,30618_117c2d02,664cca45aeb0db23,rover,main,0,0.0,,,,,,0,,,,dropout,141.4,151.4,,
fault,30618_117c2d02,664cca45aeb0db23,rover,candidate,0,0.0,,,,,,0,,,,dropout,141.4,151.4,,
fault,30618_117c2d02,664cca45aeb0db23,master,main,0,0.0,,,,,,0,,,,lock,141.4,144.4,,
fault,30618_117c2d02,664cca45aeb0db23,master,candidate,0,0.0,,,,,,0,,,,lock,141.4,144.4,,
fault,30618_117c2d02,664cca45aeb0db23,rover,main,0,0.0,,,,,,0,,,,lock,141.4,144.4,,
fault,30618_117c2d02,664cca45aeb0db23,rover,candidate,0,0.0,,,,,,0,,,,lock,141.4,144.4,,
fault,30618_27e994fc,711abb923942f9fe,master,main,300,0.42857142857142855,0.39988033691045693,0.2882549108117785,0.2708093846525646,0.940785138727716,4.063795924280199,0,,,,bias,190.10000000000002,195.10000000000002,0.11560710653848347,7.450035174999982
fault,30618_27e994fc,711abb923942f9fe,master,candidate,300,0.42857142857142855,0.4021026915816885,0.29125003207984146,0.2732754638299022,0.9426764089002916,4.100771748618033,0,,,,bias,190.10000000000002,195.10000000000002,0.12143972172642456,7.450035174999982
fault,30618_27e994fc,711abb923942f9fe,rover,main,292,0.41714285714285715,0.40527258519419707,0.2927562781863184,0.27801214901713434,0.9679023561569751,4.043358302006795,0,,,,bias,190.10000000000002,195.10000000000002,0.12083156481938344,7.450035174999982
fault,30618_27e994fc,711abb923942f9fe,rover,candidate,292,0.41714285714285715,0.4074718943718251,0.2957950187282578,0.2804103882672011,0.969329197831756,4.077361954174237,0,,,,bias,190.10000000000002,195.10000000000002,0.12690206847826163,7.450035174999982
fault,30618_27e994fc,711abb923942f9fe,master,main,300,0.42857142857142855,0.39700639311017694,0.28095699216458636,0.2635081477371991,0.9407851585469458,3.9542773705497156,0,,,,dropout,190.10000000000002,195.10000000000002,0.08948210461103095,7.450035174999982
fault,30618_27e994fc,711abb923942f9fe,master,candidate,300,0.42857142857142855,0.4068025360910958,0.30073582862743187,0.2852218643429502,0.942676399083793,4.279967756313755,0,,,,dropout,190.10000000000002,195.10000000000002,0.16380024316430575,7.450035174999982
fault,30618_27e994fc,711abb923942f9fe,rover,main,292,0.41714285714285715,0.4024149764759493,0.28600470660332816,0.2709076151734396,0.9679023707615844,3.9439257696578407,0,,,,dropout,190.10000000000002,195.10000000000002,0.09357727528727404,7.450035174999982
fault,30618_27e994fc,711abb923942f9fe,rover,candidate,292,0.41714285714285715,0.4123577913826179,0.3058142481014194,0.29225664244859645,0.9693291905980921,4.24858452675433,0,,,,dropout,190.10000000000002,195.10000000000002,0.1705555990641874,7.450035174999982
fault,30618_27e994fc,711abb923942f9fe,master,main,400,0.5,0.3247641192561688,0.19715493967057682,0.1781395605967476,0.863931559838356,3.5643963664266805,0,,,,dropout,190.10000000000002,200.10000000000002,0.24443268632171536,2.4500351749999822
fault,30618_27e994fc,711abb923942f9fe,master,candidate,400,0.5,0.45666652665354424,0.3037789066662742,0.2862209118554503,0.8723863505900982,5.726008028278507,0,,,,dropout,190.10000000000002,200.10000000000002,0.5079525636369161,2.4500351749999822
fault,30618_27e994fc,711abb923942f9fe,rover,main,388,0.485,0.32980573198571733,0.20115928129117444,0.18364519981975655,0.8367273894292997,3.551611343614667,0,,,,dropout,190.10000000000002,200.10000000000002,0.24515450546543252,2.400035174999971
fault,30618_27e994fc,711abb923942f9fe,rover,candidate,388,0.485,0.46225223672085797,0.30957464736864143,0.2932248627607892,0.8505263646487491,5.659537736841424,0,,,,dropout,190.10000000000002,200.10000000000002,0.5134363026123869,2.4500351749999822
fault,30618_27e994fc,711abb923942f9fe,master,main,260,0.3945371775417299,0.4246722489278812,0.3177646811326069,0.3047157868959055,0.9719125810815643,3.9634381931651315,0,,,,lock,190.10000000000002,193.10000000000002,0.0429475732570077,3.517499999361462e-05
fault,30618_27e994fc,711abb923942f9fe,master,candidate,260,0.3945371775417299,0.42649416239797283,0.32202602513655126,0.3127609545311886,0.9757339515051972,4.068218504513352,0,,,,lock,190.10000000000002,193.10000000000002,0.054349002855588746,3.517499999361462e-05
fault,30618_27e994fc,711abb923942f9fe,rover,main,252,0.38239757207890746,0.4313427008886167,0.32461325011807307,0.31438146493354446,0.9832520031484692,3.949648034077615,0,,,,lock,190.10000000000002,193.10000000000002,0.038466047613189294,0.30003517499997656
fault,30618_27e994fc,711abb923942f9fe,rover,candidate,252,0.38239757207890746,0.43314747102146467,0.3290560950431898,0.3222086747909715,0.9917439321693633,4.043671285813851,0,,,,lock,190.10000000000002,193.10000000000002,0.048676633273463395,0.30003517499997656
fault,30618_3e012faf,664cca45aeb0db23,master,main,0,0.0,,,,,,0,,,,bias,102.7,107.7,,
fault,30618_3e012faf,664cca45aeb0db23,master,candidate,0,0.0,,,,,,0,,,,bias,102.7,107.7,,
fault,30618_3e012faf,664cca45aeb0db23,rover,main,0,0.0,,,,,,0,,,,bias,102.7,107.7,,
fault,30618_3e012faf,664cca45aeb0db23,rover,candidate,0,0.0,,,,,,0,,,,bias,102.7,107.7,,
fault,30618_3e012faf,664cca45aeb0db23,master,main,0,0.0,,,,,,0,,,,dropout,102.7,107.7,,
fault,30618_3e012faf,664cca45aeb0db23,master,candidate,0,0.0,,,,,,0,,,,dropout,102.7,107.7,,
fault,30618_3e012faf,664cca45aeb0db23,rover,main,0,0.0,,,,,,0,,,,dropout,102.7,107.7,,
fault,30618_3e012faf,664cca45aeb0db23,rover,candidate,0,0.0,,,,,,0,,,,dropout,102.7,107.7,,
fault,30618_3e012faf,664cca45aeb0db23,master,main,0,0.0,,,,,,0,,,,dropout,102.7,112.7,,
fault,30618_3e012faf,664cca45aeb0db23,master,candidate,0,0.0,,,,,,0,,,,dropout,102.7,112.7,,
fault,30618_3e012faf,664cca45aeb0db23,rover,main,0,0.0,,,,,,0,,,,dropout,102.7,112.7,,
fault,30618_3e012faf,664cca45aeb0db23,rover,candidate,0,0.0,,,,,,0,,,,dropout,102.7,112.7,,
fault,30618_3e012faf,664cca45aeb0db23,master,main,0,0.0,,,,,,0,,,,lock,102.7,105.7,,
fault,30618_3e012faf,664cca45aeb0db23,master,candidate,0,0.0,,,,,,0,,,,lock,102.7,105.7,,
fault,30618_3e012faf,664cca45aeb0db23,rover,main,0,0.0,,,,,,0,,,,lock,102.7,105.7,,
fault,30618_3e012faf,664cca45aeb0db23,rover,candidate,0,0.0,,,,,,0,,,,lock,102.7,105.7,,
fault,30618_46e21b9b,664cca45aeb0db23,master,main,0,0.0,,,,,,0,,,,bias,141.4,146.4,,
fault,30618_46e21b9b,664cca45aeb0db23,master,candidate,0,0.0,,,,,,0,,,,bias,141.4,146.4,,
fault,30618_46e21b9b,664cca45aeb0db23,rover,main,0,0.0,,,,,,0,,,,bias,141.4,146.4,,
fault,30618_46e21b9b,664cca45aeb0db23,rover,candidate,0,0.0,,,,,,0,,,,bias,141.4,146.4,,
fault,30618_46e21b9b,664cca45aeb0db23,master,main,0,0.0,,,,,,0,,,,dropout,141.4,146.4,,
fault,30618_46e21b9b,664cca45aeb0db23,master,candidate,0,0.0,,,,,,0,,,,dropout,141.4,146.4,,
fault,30618_46e21b9b,664cca45aeb0db23,rover,main,0,0.0,,,,,,0,,,,dropout,141.4,146.4,,
fault,30618_46e21b9b,664cca45aeb0db23,rover,candidate,0,0.0,,,,,,0,,,,dropout,141.4,146.4,,
fault,30618_46e21b9b,664cca45aeb0db23,master,main,0,0.0,,,,,,0,,,,dropout,141.4,151.4,,
fault,30618_46e21b9b,664cca45aeb0db23,master,candidate,0,0.0,,,,,,0,,,,dropout,141.4,151.4,,
fault,30618_46e21b9b,664cca45aeb0db23,rover,main,0,0.0,,,,,,0,,,,dropout,141.4,151.4,,
fault,30618_46e21b9b,664cca45aeb0db23,rover,candidate,0,0.0,,,,,,0,,,,dropout,141.4,151.4,,
fault,30618_46e21b9b,664cca45aeb0db23,master,main,0,0.0,,,,,,0,,,,lock,141.4,144.4,,
fault,30618_46e21b9b,664cca45aeb0db23,master,candidate,0,0.0,,,,,,0,,,,lock,141.4,144.4,,
fault,30618_46e21b9b,664cca45aeb0db23,rover,main,0,0.0,,,,,,0,,,,lock,141.4,144.4,,
fault,30618_46e21b9b,664cca45aeb0db23,rover,candidate,0,0.0,,,,,,0,,,,lock,141.4,144.4,,
fault,30618_5036aa78,664cca45aeb0db23,master,main,0,0.0,,,,,,0,,,,bias,25.1,30.1,,
fault,30618_5036aa78,664cca45aeb0db23,master,candidate,0,0.0,,,,,,0,,,,bias,25.1,30.1,,
fault,30618_5036aa78,664cca45aeb0db23,rover,main,0,0.0,,,,,,0,,,,bias,25.1,30.1,,
fault,30618_5036aa78,664cca45aeb0db23,rover,candidate,0,0.0,,,,,,0,,,,bias,25.1,30.1,,
fault,30618_5036aa78,664cca45aeb0db23,master,main,0,0.0,,,,,,0,,,,dropout,25.1,30.1,,
fault,30618_5036aa78,664cca45aeb0db23,master,candidate,0,0.0,,,,,,0,,,,dropout,25.1,30.1,,
fault,30618_5036aa78,664cca45aeb0db23,rover,main,0,0.0,,,,,,0,,,,dropout,25.1,30.1,,
fault,30618_5036aa78,664cca45aeb0db23,rover,candidate,0,0.0,,,,,,0,,,,dropout,25.1,30.1,,
fault,30618_5036aa78,664cca45aeb0db23,master,main,0,0.0,,,,,,0,,,,dropout,25.1,35.1,,
fault,30618_5036aa78,664cca45aeb0db23,master,candidate,0,0.0,,,,,,0,,,,dropout,25.1,35.1,,
fault,30618_5036aa78,664cca45aeb0db23,rover,main,0,0.0,,,,,,0,,,,dropout,25.1,35.1,,
fault,30618_5036aa78,664cca45aeb0db23,rover,candidate,0,0.0,,,,,,0,,,,dropout,25.1,35.1,,
fault,30618_5036aa78,664cca45aeb0db23,master,main,0,0.0,,,,,,0,,,,lock,25.1,28.1,,
fault,30618_5036aa78,664cca45aeb0db23,master,candidate,0,0.0,,,,,,0,,,,lock,25.1,28.1,,
fault,30618_5036aa78,664cca45aeb0db23,rover,main,0,0.0,,,,,,0,,,,lock,25.1,28.1,,
fault,30618_5036aa78,664cca45aeb0db23,rover,candidate,0,0.0,,,,,,0,,,,lock,25.1,28.1,,
fault,30618_74559c73,664cca45aeb0db23,master,main,0,0.0,,,,,,0,,,,bias,62.800000000000004,67.80000000000001,,
fault,30618_74559c73,664cca45aeb0db23,master,candidate,0,0.0,,,,,,0,,,,bias,62.800000000000004,67.80000000000001,,
fault,30618_74559c73,664cca45aeb0db23,rover,main,0,0.0,,,,,,0,,,,bias,62.800000000000004,67.80000000000001,,
fault,30618_74559c73,664cca45aeb0db23,rover,candidate,0,0.0,,,,,,0,,,,bias,62.800000000000004,67.80000000000001,,
fault,30618_74559c73,664cca45aeb0db23,master,main,0,0.0,,,,,,0,,,,dropout,62.800000000000004,67.80000000000001,,
fault,30618_74559c73,664cca45aeb0db23,master,candidate,0,0.0,,,,,,0,,,,dropout,62.800000000000004,67.80000000000001,,
fault,30618_74559c73,664cca45aeb0db23,rover,main,0,0.0,,,,,,0,,,,dropout,62.800000000000004,67.80000000000001,,
fault,30618_74559c73,664cca45aeb0db23,rover,candidate,0,0.0,,,,,,0,,,,dropout,62.800000000000004,67.80000000000001,,
fault,30618_74559c73,664cca45aeb0db23,master,main,0,0.0,,,,,,0,,,,dropout,62.800000000000004,72.80000000000001,,
fault,30618_74559c73,664cca45aeb0db23,master,candidate,0,0.0,,,,,,0,,,,dropout,62.800000000000004,72.80000000000001,,
fault,30618_74559c73,664cca45aeb0db23,rover,main,0,0.0,,,,,,0,,,,dropout,62.800000000000004,72.80000000000001,,
fault,30618_74559c73,664cca45aeb0db23,rover,candidate,0,0.0,,,,,,0,,,,dropout,62.800000000000004,72.80000000000001,,
fault,30618_74559c73,664cca45aeb0db23,master,main,0,0.0,,,,,,0,,,,lock,62.800000000000004,65.80000000000001,,
fault,30618_74559c73,664cca45aeb0db23,master,candidate,0,0.0,,,,,,0,,,,lock,62.800000000000004,65.80000000000001,,
fault,30618_74559c73,664cca45aeb0db23,rover,main,0,0.0,,,,,,0,,,,lock,62.800000000000004,65.80000000000001,,
fault,30618_74559c73,664cca45aeb0db23,rover,candidate,0,0.0,,,,,,0,,,,lock,62.800000000000004,65.80000000000001,,
fault,30618_88548b02,711abb923942f9fe,master,main,288,0.4114285714285714,0.06671141272809533,0.06199188610123585,-0.061947522104790535,0.10225298009011742,-0.8727780857348778,0,,,,bias,125.60000000000001,130.60000000000002,0.0636638314255101,2.8616999998121173e-05
fault,30618_88548b02,711abb923942f9fe,master,candidate,288,0.4114285714285714,0.06841620753777557,0.06426521252674311,-0.06421759255070908,0.10344737012988156,-0.905219114789483,0,,,,bias,125.60000000000001,130.60000000000002,0.06767510686904529,2.8616999998121173e-05
fault,30618_88548b02,711abb923942f9fe,rover,main,296,0.4228571428571429,0.06660171318414883,0.06152261056382374,-0.06150056211768996,0.10637018426666867,-0.9036339851967268,0,,,,bias,125.60000000000001,130.60000000000002,0.06448460284544086,2.8616999998121173e-05
fault,30618_88548b02,711abb923942f9fe,rover,candidate,296,0.4228571428571429,0.06831349189711607,0.06378894882895647,-0.06375574927589747,0.10618784229934874,-0.9371023257588849,0,,,,bias,125.60000000000001,130.60000000000002,0.06842279788232414,2.8616999998121173e-05
fault,30618_88548b02,711abb923942f9fe,master,main,288,0.4114285714285714,0.07730107010200392,0.07078329392628271,-0.06749663833332875,0.12423702273615796,-0.9508336870139649,0,,,,dropout,125.60000000000001,130.60000000000002,0.0915249403113225,2.8616999998121173e-05
fault,30618_88548b02,711abb923942f9fe,master,candidate,288,0.4114285714285714,0.08828853150834659,0.08107789064103038,-0.0810302706653532,0.1452512116234911,-1.1438299815887176,0,,,,dropout,125.60000000000001,130.60000000000002,0.11643387886908485,2.8616999998121173e-05
fault,30618_88548b02,711abb923942f9fe,rover,main,296,0.4228571428571429,0.07716716671050516,0.07049288212922929,-0.06714979902203926,0.12435717907374011,-0.9872426913734369,0,,,,dropout,125.60000000000001,130.60000000000002,0.09230433785587162,2.8616999998121173e-05
fault,30618_88548b02,711abb923942f9fe,rover,candidate,296,0.4228571428571429,0.08827518986774475,0.08061900317635737,-0.08058580362342305,0.14425984376740697,-1.1861871300967342,0,,,,dropout,125.60000000000001,130.60000000000002,0.11726826135797563,2.8616999998121173e-05
fault,30618_88548b02,711abb923942f9fe,master,main,388,0.4856070087609512,0.18343513842796064,0.1266472595387177,0.03636986428909961,0.45845770321236884,0.7110537958782107,0,,,,dropout,125.60000000000001,135.60000000000002,0.2445533483108201,1.4000286169999754
fault,30618_88548b02,711abb923942f9fe,master,candidate,388,0.4856070087609512,0.07905552758648667,0.06680282075324233,-0.04912535918045058,0.1452512116234911,-0.9304906894159897,0,,,,dropout,125.60000000000001,135.60000000000002,0.09405226016040907,1.4000286169999754
fault,30618_88548b02,711abb923942f9fe,rover,main,396,0.4956195244055069,0.18330005084928697,0.12666687552396452,0.03631703895691187,0.4502049740198859,0.7255407262054927,0,,,,dropout,125.60000000000001,135.60000000000002,0.24490005792309696,0.10002861699999244
fault,30618_88548b02,711abb923942f9fe,rover,candidate,396,0.4956195244055069,0.07969444353109728,0.06724880522098264,-0.04920759049785819,0.1439979240945206,-0.9678697100279705,0,,,,dropout,125.60000000000001,135.60000000000002,0.09526097502426524,2.8616999998121173e-05
fault,30618_88548b02,711abb923942f9fe,master,main,248,0.37575757575757573,0.0788318223418887,0.07364645501950455,-0.07364645501950455,0.1263443382282318,-0.8923282347490447,0,,,,lock,125.60000000000001,128.60000000000002,0.10456199135055094,0.4000286169999754
fault,30618_88548b02,711abb923942f9fe,master,candidate,248,0.37575757575757573,0.08405774651245511,0.07739780581312643,-0.07739780581312643,0.144313402559285,-0.9386504561039043,0,,,,lock,125.60000000000001,128.60000000000002,0.11752477222626916,0.4000286169999754
fault,30618_88548b02,711abb923942f9fe,rover,main,260,0.3939393939393939,0.07813731289315479,0.07264716715202177,-0.072646364608578,0.12492018297463828,-0.9411261448744633,0,,,,lock,125.60000000000001,128.60000000000002,0.10413054533409423,2.8616999998121173e-05
fault,30618_88548b02,711abb923942f9fe,rover,candidate,260,0.3939393939393939,0.08317314273181298,0.07626199799534902,-0.0762577126815236,0.14069377386648954,-0.9880876617267318,0,,,,lock,125.60000000000001,128.60000000000002,0.11689657192224735,2.8616999998121173e-05
fault,30618_bcc9e7a2,664cca45aeb0db23,master,main,0,0.0,,,,,,0,,,,bias,102.7,107.7,,
fault,30618_bcc9e7a2,664cca45aeb0db23,master,candidate,0,0.0,,,,,,0,,,,bias,102.7,107.7,,
fault,30618_bcc9e7a2,664cca45aeb0db23,rover,main,0,0.0,,,,,,0,,,,bias,102.7,107.7,,
fault,30618_bcc9e7a2,664cca45aeb0db23,rover,candidate,0,0.0,,,,,,0,,,,bias,102.7,107.7,,
fault,30618_bcc9e7a2,664cca45aeb0db23,master,main,0,0.0,,,,,,0,,,,dropout,102.7,107.7,,
fault,30618_bcc9e7a2,664cca45aeb0db23,master,candidate,0,0.0,,,,,,0,,,,dropout,102.7,107.7,,
fault,30618_bcc9e7a2,664cca45aeb0db23,rover,main,0,0.0,,,,,,0,,,,dropout,102.7,107.7,,
fault,30618_bcc9e7a2,664cca45aeb0db23,rover,candidate,0,0.0,,,,,,0,,,,dropout,102.7,107.7,,
fault,30618_bcc9e7a2,664cca45aeb0db23,master,main,0,0.0,,,,,,0,,,,dropout,102.7,112.7,,
fault,30618_bcc9e7a2,664cca45aeb0db23,master,candidate,0,0.0,,,,,,0,,,,dropout,102.7,112.7,,
fault,30618_bcc9e7a2,664cca45aeb0db23,rover,main,0,0.0,,,,,,0,,,,dropout,102.7,112.7,,
fault,30618_bcc9e7a2,664cca45aeb0db23,rover,candidate,0,0.0,,,,,,0,,,,dropout,102.7,112.7,,
fault,30618_bcc9e7a2,664cca45aeb0db23,master,main,0,0.0,,,,,,0,,,,lock,102.7,105.7,,
fault,30618_bcc9e7a2,664cca45aeb0db23,master,candidate,0,0.0,,,,,,0,,,,lock,102.7,105.7,,
fault,30618_bcc9e7a2,664cca45aeb0db23,rover,main,0,0.0,,,,,,0,,,,lock,102.7,105.7,,
fault,30618_bcc9e7a2,664cca45aeb0db23,rover,candidate,0,0.0,,,,,,0,,,,lock,102.7,105.7,,
fault,30639_9c362687,a8a4c11ebcc1dde2,master,main,300,0.42796005706134094,0.08202798371390896,0.06933874948138961,0.06860856530970348,0.15706250064317145,1.0264110904868997,0,,,,bias,136.0,141.0,0.10930527522193631,0.007980078999992202
fault,30639_9c362687,a8a4c11ebcc1dde2,master,candidate,300,0.42796005706134094,0.08348705558375463,0.07057573951405216,0.06984166211828613,0.1620155686307638,1.0448957237596286,0,,,,bias,136.0,141.0,0.11235855596930683,0.007980078999992202
fault,30639_9c362687,a8a4c11ebcc1dde2,rover,main,300,0.42796005706134094,0.32276076046300284,0.10874277431322227,0.1079285653097034,0.1773517623485552,1.6154610904868787,0,,,,bias,136.0,141.0,0.11621717661814171,0.007980078999992202
fault,30639_9c362687,a8a4c11ebcc1dde2,rover,candidate,300,0.42796005706134094,0.32317398110096784,0.10996851522382528,0.1091616621182861,0.18068034590820334,1.6339457237596073,0,,,,bias,136.0,141.0,0.1192228731735668,0.007980078999992202
fault,30639_9c362687,a8a4c11ebcc1dde2,master,main,300,0.42796005706134094,0.09586884795996535,0.07350239087530977,0.009751053437327798,0.21846015868483273,0.1435484124013307,0,,,,dropout,136.0,141.0,0.14009505232412092,0.007980078999992202
fault,30639_9c362687,a8a4c11ebcc1dde2,master,candidate,300,0.42796005706134094,0.08619022514719507,0.07015495747150216,0.026403465886829677,0.17037476134602825,0.39332278028785433,0,,,,dropout,136.0,141.0,0.11889495540291009,0.007980078999992202
fault,30639_9c362687,a8a4c11ebcc1dde2,rover,main,300,0.42796005706134094,0.325315294850015,0.11081562531499393,0.04907105343732776,0.23813896675008084,0.7325984124013095,0,,,,dropout,136.0,141.0,0.13688365830250557,0.007980078999992202
fault,30639_9c362687,a8a4c11ebcc1dde2,rover,candidate,300,0.42796005706134094,0.3230351020616216,0.10819249157544282,0.06572346588682962,0.19571621400100692,0.9823727802878333,0,,,,dropout,136.0,141.0,0.11876008585653597,0.007980078999992202
fault,30639_9c362687,a8a4c11ebcc1dde2,master,main,400,0.5,0.18639874652847596,0.12503420075812094,0.07211068288157464,0.4401533756239941,1.440365221070008,0,,,,dropout,136.0,146.0,0.2570956101757153,0.05798007900000357
fault,30639_9c362687,a8a4c11ebcc1dde2,master,candidate,400,0.5,0.22637873609846573,0.14779215335487475,0.10923133287268437,0.5341774350905071,2.1827670683935314,0,,,,dropout,136.0,146.0,0.31362215937458193,0.05798007900000357
fault,30639_9c362687,a8a4c11ebcc1dde2,rover,main,400,0.5,0.4391685850167858,0.189294868844474,0.1351031828815746,0.458248074675193,2.700290221070034,0,,,,dropout,136.0,146.0,0.258670138631096,0.05798007900000357
fault,30639_9c362687,a8a4c11ebcc1dde2,rover,candidate,400,0.5,0.45812781581046746,0.2125457040441875,0.17222383287268428,0.5502911000820079,3.4426920683935576,0,,,,dropout,136.0,146.0,0.31637031042706465,0.05798007900000357
fault,30639_9c362687,a8a4c11ebcc1dde2,master,main,260,0.3939393939393939,0.10226095415480102,0.08221590304285555,0.025943224658920124,0.2280444193689353,0.3348578839464183,0,,,,lock,136.0,139.0,0.16024774427260532,0.007980078999992202
fault,30639_9c362687,a8a4c11ebcc1dde2,master,candidate,260,0.3939393939393939,0.09133328733656801,0.07633974186187344,0.032816313560915,0.18144511652221842,0.42418443855172777,0,,,,lock,136.0,139.0,0.13175880168057394,0.007980078999992202
fault,30639_9c362687,a8a4c11ebcc1dde2,rover,main,260,0.3939393939393939,0.10908745157027513,0.09153769012344137,0.03579322465892009,0.2328510726146013,0.4615828839464211,0,,,,lock,136.0,139.0,0.154943595630792,0.15798007899999789
fault,30639_9c362687,a8a4c11ebcc1dde2,rover,candidate,260,0.3939393939393939,0.09911249038421714,0.08585722036091507,0.042666313560914965,0.19112142908917168,0.5509094385517305,0,,,,lock,136.0,139.0,0.1266506413557186,0.007980078999992202
fault,30639_c31df386,70bb14d1c90f301f,master,main,300,0.42857142857142855,0.08937720365346748,0.07823199324990117,0.060501049178339567,0.1382249811426105,0.9059085750226865,0,,,,bias,142.4,147.4,0.043808469218313204,0.04167189599999688
fault,30639_c31df386,70bb14d1c90f301f,master,candidate,300,0.42857142857142855,0.08961814984807995,0.07872863727690356,0.06117088081987687,0.13870926340812853,0.9161569532562363,0,,,,bias,142.4,147.4,0.044822697566933495,0.04167189599999688
fault,30639_c31df386,70bb14d1c90f301f,rover,main,300,0.42857142857142855,0.08981576057618769,0.07858577073276668,0.060391049178339505,0.14908392345686022,0.9042335750226852,0,,,,bias,142.4,147.4,0.04499047423512338,0.04167189599999688
fault,30639_c31df386,70bb14d1c90f301f,rover,candidate,300,0.42857142857142855,0.09005308382768493,0.07904948507682133,0.06106088081987681,0.1483791581824188,0.9144819532562349,0,,,,bias,142.4,147.4,0.04608246484147683,0.04167189599999688
fault,30639_c31df386,70bb14d1c90f301f,master,main,300,0.42857142857142855,0.23197930700445596,0.18297832972279238,-0.04954729946696169,0.4735192495458594,-0.7448166546540289,0,,,,dropout,142.4,147.4,0.37335518171707316,0.04167189599999688
fault,30639_c31df386,70bb14d1c90f301f,master,candidate,300,0.42857142857142855,0.2323914673124793,0.1839829467982415,-0.0505637105038849,0.46994262550021443,-0.7598619165987714,0,,,,dropout,142.4,147.4,0.3741786100143378,0.04167189599999688
fault,30639_c31df386,70bb14d1c90f301f,rover,main,300,0.42857142857142855,0.2315164917629049,0.18275165844493554,-0.04965729946696174,0.4715396823889536,-0.7464916546540302,0,,,,dropout,142.4,147.4,0.3723425838884605,0.04167189599999688
fault,30639_c31df386,70bb14d1c90f301f,rover,candidate,300,0.42857142857142855,0.2319493540060694,0.18376453671794601,-0.05067371050388497,0.46876279978024055,-0.7615369165987729,0,,,,dropout,142.4,147.4,0.37320464748343346,0.04167189599999688
fault,30639_c31df386,70bb14d1c90f301f,master,main,355,0.4431960049937578,0.3384095963550736,0.2789869279265642,-0.20139916161540922,0.5428105768508479,-3.610105292831267,0,,,,dropout,142.4,152.4,0.4413995048875248,0.09167189600000825
fault,30639_c31df386,70bb14d1c90f301f,master,candidate,355,0.4431960049937578,0.2502635579375692,0.20487514998046494,-0.12721189818014855,0.4649828566585851,-2.2933353728359402,0,,,,dropout,142.4,152.4,0.3226532492619724,0.04167189599999688
fault,30639_c31df386,70bb14d1c90f301f,rover,main,400,0.4993757802746567,0.31952427478616574,0.25662150379055954,-0.16934607743578456,0.5380091431926686,-3.3898922428401073,0,,,,dropout,142.4,152.4,0.4406594935280277,0.09167189600000825
fault,30639_c31df386,70bb14d1c90f301f,rover,candidate,400,0.4993757802746567,0.23729217687388698,0.19086639853088028,-0.10350520795614848,0.4568544912132858,-2.0729956344249136,0,,,,dropout,142.4,152.4,0.3224312594310573,0.04167189599999688
fault,30639_c31df386,70bb14d1c90f301f,master,main,260,0.3939393939393939,0.1741371721761973,0.14128712727712864,0.0073895100225264115,0.3874028124093728,0.09204811425914361,0,,,,lock,142.4,145.4,0.2994322130804756,0.1416718959999912
fault,30639_c31df386,70bb14d1c90f301f,master,candidate,260,0.3939393939393939,0.17780256214692036,0.14402726524250564,0.005686655109954149,0.3967122757216308,0.06994257542365623,0,,,,lock,142.4,145.4,0.30799211850410746,0.1416718959999912
fault,30639_c31df386,70bb14d1c90f301f,rover,main,260,0.3939393939393939,0.17458313005303022,0.1416822310488033,0.0073010484840648196,0.391896815921939,0.09077311425914314,0,,,,lock,142.4,145.4,0.30036140509334913,0.1416718959999912
fault,30639_c31df386,70bb14d1c90f301f,rover,candidate,260,0.3939393939393939,0.17825047157823304,0.1444079466825681,0.00559819357149255,0.39924887084787253,0.06866757542365576,0,,,,lock,142.4,145.4,0.30891211375795796,0.1416718959999912
fault,30639_dce52be4,70bb14d1c90f301f,master,main,300,0.42796005706134094,0.06244364261522036,0.0472332778553839,0.03234324541462102,0.137214973985645,0.4849032103072413,0,,,,bias,114.9,119.9,0.0799638014420416,0.014843622999990203
fault,30639_dce52be4,70bb14d1c90f301f,master,candidate,300,0.42796005706134094,0.06350028988391913,0.047962627254199475,0.03381288884105928,0.14213429665475993,0.5065957394770593,0,,,,bias,114.9,119.9,0.08290304746787897,0.014843622999990203
fault,30639_dce52be4,70bb14d1c90f301f,rover,main,300,0.42796005706134094,0.059802553050799165,0.04545792064140924,0.027929912081287683,0.12083097569893553,0.41890321030724,0,,,,bias,114.9,119.9,0.07964387341988126,0.014843622999990203
fault,30639_dce52be4,70bb14d1c90f301f,rover,candidate,300,0.42796005706134094,0.06050027913276904,0.04580348002070715,0.02939955550772595,0.12172789910535349,0.440595739477058,0,,,,bias,114.9,119.9,0.08198929494986437,0.014843622999990203
fault,30639_dce52be4,70bb14d1c90f301f,master,main,300,0.42796005706134094,0.15818167656294072,0.10470408309210333,-0.05461795108002675,0.35456653231763025,-0.8195147371118642,0,,,,dropout,114.9,119.9,0.2646800279422154,0.014843622999990203
fault,30639_dce52be4,70bb14d1c90f301f,master,candidate,300,0.42796005706134094,0.14430742788459391,0.0965423548823722,-0.0469650500407036,0.33204401638203956,-0.7050733437487298,0,,,,dropout,114.9,119.9,0.24035146568056442,0.014843622999990203
fault,30639_dce52be4,70bb14d1c90f301f,rover,main,300,0.42796005706134094,0.16100877799084384,0.10438630879288023,-0.05903128441336007,0.3713547841310758,-0.8855147371118655,0,,,,dropout,114.9,119.9,0.27116437513893255,0.014843622999990203
fault,30639_dce52be4,70bb14d1c90f301f,rover,candidate,300,0.42796005706134094,0.14665527677141071,0.09648094933150823,-0.051378383374036926,0.344760665497815,-0.771073343748731,0,,,,dropout,114.9,119.9,0.24625302240914443,0.014843622999990203
fault,30639_dce52be4,70bb14d1c90f301f,master,main,400,0.5,0.16495249431640233,0.11388710612813199,-0.03625383722758159,0.35352513510877515,-0.727160937053162,0,,,,dropout,114.9,124.9,0.22795906454340564,0.06484362299998736
fault,30639_dce52be4,70bb14d1c90f301f,master,candidate,400,0.5,0.18016485698754808,0.12244763657242866,-0.001743311076288151,0.36160109978146915,-0.03714958022173931,0,,,,dropout,114.9,124.9,0.2488971635237002,0.06484362299998736
fault,30639_dce52be4,70bb14d1c90f301f,rover,main,400,0.5,0.1690396015487569,0.11598100756223681,-0.03948883722758158,0.3656950858294407,-0.7917609370531635,0,,,,dropout,114.9,124.9,0.23422860540305324,0.06484362299998736
fault,30639_dce52be4,70bb14d1c90f301f,rover,candidate,400,0.5,0.18263581242885701,0.12440009064164738,-0.00497831107628814,0.3998212684857042,-0.10174958022174058,0,,,,dropout,114.9,124.9,0.2529962414689942,0.06484362299998736
fault,30639_dce52be4,70bb14d1c90f301f,master,main,260,0.3939393939393939,0.1275517992073352,0.08474402735218793,-0.008640219918261942,0.340072126036577,-0.11380988558501065,0,,,,lock,114.9,117.9,0.2261360595716466,0.21484362299999304
fault,30639_dce52be4,70bb14d1c90f301f,master,candidate,260,0.3939393939393939,0.12739500856104916,0.08523275387395132,-0.009885479239601754,0.3261364611278287,-0.13000435732561488,0,,,,lock,114.9,117.9,0.2297470371253742,0.21484362299999304
fault,30639_dce52be4,70bb14d1c90f301f,rover,main,260,0.3939393939393939,0.12821074319389306,0.08274757084776008,-0.013355604533646554,0.35490985725280955,-0.17585988558501153,0,,,,lock,114.9,117.9,0.22919062151453962,0.21484362299999304
fault,30639_dce52be4,70bb14d1c90f301f,rover,candidate,260,0.3939393939393939,0.12763963126627348,0.08346544166232955,-0.014600863854986365,0.32590112030346424,-0.19205435732561563,0,,,,lock,114.9,117.9,0.23185423045825823,0.21484362299999304
fault,30639_e4379d7f,a0c46036cc19092a,master,main,0,0.0,,,,,,0,,,,bias,165.5,170.5,,
fault,30639_e4379d7f,a0c46036cc19092a,master,candidate,0,0.0,,,,,,0,,,,bias,165.5,170.5,,
fault,30639_e4379d7f,a0c46036cc19092a,rover,main,116,0.1657142857142857,0.09691170545430397,0.0830014364560184,0.05473588549175669,0.16540547848235843,0.15873406792608658,0,,,,bias,165.5,170.5,0.07437063789617557,
fault,30639_e4379d7f,a0c46036cc19092a,rover,candidate,116,0.1657142857142857,0.0966419068594222,0.08244315202821963,0.05689598778602002,0.1683570220503725,0.16499836457945036,0,,,,bias,165.5,170.5,0.07190679931061056,
fault,30639_e4379d7f,a0c46036cc19092a,master,main,0,0.0,,,,,,0,,,,dropout,165.5,170.5,,
fault,30639_e4379d7f,a0c46036cc19092a,master,candidate,0,0.0,,,,,,0,,,,dropout,165.5,170.5,,
fault,30639_e4379d7f,a0c46036cc19092a,rover,main,116,0.1657142857142857,0.21325647752245103,0.15643809018861574,0.1445778165967107,0.5083867434338583,0.41927566813043465,0,,,,dropout,165.5,170.5,0.34011946552944894,
fault,30639_e4379d7f,a0c46036cc19092a,rover,candidate,116,0.1657142857142857,0.2644883718041441,0.18197772543845578,0.1706274751178233,0.6482426213937731,0.4948196778416564,0,,,,dropout,165.5,170.5,0.4361443855798038,
fault,30639_e4379d7f,a0c46036cc19092a,master,main,0,0.0,,,,,,0,,,,dropout,165.5,175.5,,
fault,30639_e4379d7f,a0c46036cc19092a,master,candidate,0,0.0,,,,,,0,,,,dropout,165.5,175.5,,
fault,30639_e4379d7f,a0c46036cc19092a,rover,main,154,0.1925,0.2621641060383793,0.21592306113842596,0.2097055298683478,0.5051663280522861,0.8073662899931341,0,,,,dropout,165.5,175.5,0.3504594682056353,
fault,30639_e4379d7f,a0c46036cc19092a,rover,candidate,154,0.1925,0.41453745136312886,0.31831728230608286,0.3123204107768407,0.7426943736403023,1.2024335814908305,0,,,,dropout,165.5,175.5,0.5634834680113077,
fault,30639_e4379d7f,a0c46036cc19092a,master,main,0,0.0,,,,,,0,,,,lock,165.5,168.5,,
fault,30639_e4379d7f,a0c46036cc19092a,master,candidate,0,0.0,,,,,,0,,,,lock,165.5,168.5,,
fault,30639_e4379d7f,a0c46036cc19092a,rover,main,100,0.15151515151515152,0.12186167910499171,0.09838491179439326,0.0848236816388249,0.24437122371621567,0.212059204097049,0,,,,lock,165.5,168.5,0.15777796614564962,
fault,30639_e4379d7f,a0c46036cc19092a,rover,candidate,100,0.15151515151515152,0.14216378905586194,0.10794673505890331,0.09483789046820323,0.31917981601280876,0.23709472617049476,0,,,,lock,165.5,168.5,0.19962284323464202,
