suite,bag,group,receiver,model,kind,duration_s,start_s,n,coverage,rmse,mae,bias,p95,event_rmse,recovery_s,false_stop_samples,distance_rmse
clean,30618_0652866c,8269991eafa82c45,master,baseline_v8,,0,,28586,0.9787379737734104,0.03581761396605538,0.025328524151279418,-0.011421300051586581,0.07223971684486141,,,0,0.3470724769444702
clean,30618_0652866c,8269991eafa82c45,master,H30_joint_native,,0,,28586,0.9787379737734104,0.03584186082635828,0.025346706810655695,-0.011424232623184606,0.072358290685138,,,0,0.3472445569114421
clean,30618_0652866c,8269991eafa82c45,rover,baseline_v8,,0,,27714,0.9488821173006471,0.03639643781273983,0.025289953323253747,-0.011361611597974101,0.07483102095709845,,,0,0.4759879524296647
clean,30618_0652866c,8269991eafa82c45,rover,H30_joint_native,,0,,27714,0.9488821173006471,0.036417081184415036,0.025303619107395592,-0.011364733909742195,0.07500018744064538,,,0,0.4754445298599649
clean,30618_073f08d1,8269991eafa82c45,master,baseline_v8,,0,,24724,0.9720081773863815,0.03348245154291824,0.023108869787608212,-0.006070035787324373,0.06937720395129368,,,0,0.22510198625126168
clean,30618_073f08d1,8269991eafa82c45,master,H30_joint_native,,0,,24724,0.9720081773863815,0.03344726036980374,0.023078304373973058,-0.006118560448296203,0.06916293529071285,,,0,0.22489497357444016
clean,30618_073f08d1,8269991eafa82c45,rover,baseline_v8,,0,,24530,0.9643811920113226,0.03438795608244706,0.024009384607715595,-0.006689857347010079,0.0719216728809112,,,0,0.5466859334919867
clean,30618_073f08d1,8269991eafa82c45,rover,H30_joint_native,,0,,24530,0.9643811920113226,0.03435232440105041,0.023974364555486745,-0.006737535371934564,0.07173023275330832,,,0,0.5473280442586572
clean,30618_117c2d02,664cca45aeb0db23,master,baseline_v8,,0,,0,0.0,,,,,,,0,
clean,30618_117c2d02,664cca45aeb0db23,master,H30_joint_native,,0,,0,0.0,,,,,,,0,
clean,30618_117c2d02,664cca45aeb0db23,rover,baseline_v8,,0,,0,0.0,,,,,,,0,
clean,30618_117c2d02,664cca45aeb0db23,rover,H30_joint_native,,0,,0,0.0,,,,,,,0,
clean,30618_1551d0a9,8269991eafa82c45,master,baseline_v8,,0,,22,0.9565217391304348,0.003942772444036626,0.003545454545454546,-0.003545454545454546,0.00695,,,0,0.0022139408508153715
clean,30618_1551d0a9,8269991eafa82c45,master,H30_joint_native,,0,,22,0.9565217391304348,0.003942772444036626,0.003545454545454546,-0.003545454545454546,0.00695,,,0,0.0022139408508153715
clean,30618_1551d0a9,8269991eafa82c45,rover,baseline_v8,,0,,22,0.9565217391304348,0.004033946860424326,0.0033636363636363647,-0.0033636363636363647,0.007,,,0,0.002231565899460818
clean,30618_1551d0a9,8269991eafa82c45,rover,H30_joint_native,,0,,22,0.9565217391304348,0.004033946860424326,0.0033636363636363647,-0.0033636363636363647,0.007,,,0,0.002231565899460818
clean,30618_27e994fc,711abb923942f9fe,master,baseline_v8,,0,,37199,0.9803399657398867,0.16363254547951553,0.042800840605809985,-0.026264077712623596,0.12450286937004977,,,0,1.6812826250370876
clean,30618_27e994fc,711abb923942f9fe,master,H30_joint_native,,0,,37199,0.9803399657398867,0.16352132029566396,0.04271338425479644,-0.026217813697972138,0.12441753708010282,,,0,1.677118967814991
clean,30618_27e994fc,711abb923942f9fe,rover,baseline_v8,,0,,37143,0.9788641454737119,0.15909625801028546,0.04155353317847114,-0.028081437516887502,0.12327414179729806,,,0,1.116948628798278
clean,30618_27e994fc,711abb923942f9fe,rover,H30_joint_native,,0,,37143,0.9788641454737119,0.15896409980234608,0.04146589119478642,-0.02803572827840394,0.1230745342134156,,,0,1.115452085055491
clean,30618_3e012faf,664cca45aeb0db23,master,baseline_v8,,0,,0,0.0,,,,,,,0,
clean,30618_3e012faf,664cca45aeb0db23,master,H30_joint_native,,0,,0,0.0,,,,,,,0,
clean,30618_3e012faf,664cca45aeb0db23,rover,baseline_v8,,0,,0,0.0,,,,,,,0,
clean,30618_3e012faf,664cca45aeb0db23,rover,H30_joint_native,,0,,0,0.0,,,,,,,0,
clean,30618_46e21b9b,664cca45aeb0db23,master,baseline_v8,,0,,0,0.0,,,,,,,0,
clean,30618_46e21b9b,664cca45aeb0db23,master,H30_joint_native,,0,,0,0.0,,,,,,,0,
clean,30618_46e21b9b,664cca45aeb0db23,rover,baseline_v8,,0,,0,0.0,,,,,,,0,
clean,30618_46e21b9b,664cca45aeb0db23,rover,H30_joint_native,,0,,0,0.0,,,,,,,0,
clean,30618_5036aa78,664cca45aeb0db23,master,baseline_v8,,0,,0,0.0,,,,,,,0,
clean,30618_5036aa78,664cca45aeb0db23,master,H30_joint_native,,0,,0,0.0,,,,,,,0,
clean,30618_5036aa78,664cca45aeb0db23,rover,baseline_v8,,0,,0,0.0,,,,,,,0,
clean,30618_5036aa78,664cca45aeb0db23,rover,H30_joint_native,,0,,0,0.0,,,,,,,0,
clean,30618_74559c73,664cca45aeb0db23,master,baseline_v8,,0,,0,0.0,,,,,,,0,
clean,30618_74559c73,664cca45aeb0db23,master,H30_joint_native,,0,,0,0.0,,,,,,,0,
clean,30618_74559c73,664cca45aeb0db23,rover,baseline_v8,,0,,0,0.0,,,,,,,0,
clean,30618_74559c73,664cca45aeb0db23,rover,H30_joint_native,,0,,0,0.0,,,,,,,0,
clean,30618_88548b02,711abb923942f9fe,master,baseline_v8,,0,,24833,0.9909021986353298,0.050336406717138904,0.03654137905188038,-0.030652837222753776,0.10232414189425944,,,0,2.8397907385231904
clean,30618_88548b02,711abb923942f9fe,master,H30_joint_native,,0,,24833,0.9909021986353298,0.05014571555649967,0.03639858089892684,-0.030637955279017998,0.10181209169019562,,,0,2.8463818993134664
clean,30618_88548b02,711abb923942f9fe,rover,baseline_v8,,0,,24673,0.9845177766250349,0.05086529861779218,0.03695173712221383,-0.03100029830590161,0.1037368000021362,,,0,1.9392125883370643
clean,30618_88548b02,711abb923942f9fe,rover,H30_joint_native,,0,,24673,0.9845177766250349,0.050657920477210044,0.036796276216213404,-0.030980088815058753,0.10297318655273775,,,0,1.9337088292605744
clean,30618_bcc9e7a2,664cca45aeb0db23,master,baseline_v8,,0,,0,0.0,,,,,,,0,
clean,30618_bcc9e7a2,664cca45aeb0db23,master,H30_joint_native,,0,,0,0.0,,,,,,,0,
clean,30618_bcc9e7a2,664cca45aeb0db23,rover,baseline_v8,,0,,0,0.0,,,,,,,0,
clean,30618_bcc9e7a2,664cca45aeb0db23,rover,H30_joint_native,,0,,0,0.0,,,,,,,0,
clean,30618_e151d6e4,664cca45aeb0db23,master,baseline_v8,,0,,0,0.0,,,,,,,0,
clean,30618_e151d6e4,664cca45aeb0db23,master,H30_joint_native,,0,,0,0.0,,,,,,,0,
clean,30618_e151d6e4,664cca45aeb0db23,rover,baseline_v8,,0,,0,0.0,,,,,,,0,
clean,30618_e151d6e4,664cca45aeb0db23,rover,H30_joint_native,,0,,0,0.0,,,,,,,0,
clean,30639_0ab96c59,2cd82bc27dbad052,master,baseline_v8,,0,,1592,0.9993722536095417,0.018981005982407435,0.006284063129902641,-0.002179024853688053,0.013528623835174438,,,0,0.11011468379779153
clean,30639_0ab96c59,2cd82bc27dbad052,master,H30_joint_native,,0,,1592,0.9993722536095417,0.018832265216017777,0.00626244329395271,-0.002226381548991402,0.013288970908894745,,,0,0.11161979554850535
clean,30639_0ab96c59,2cd82bc27dbad052,rover,baseline_v8,,0,,1592,0.9993722536095417,0.019389049497011826,0.006765810322137451,-0.0025772660597182034,0.015999999999999997,,,0,0.13322449416239673
clean,30639_0ab96c59,2cd82bc27dbad052,rover,H30_joint_native,,0,,1592,0.9993722536095417,0.019240318218071453,0.006746406578428585,-0.002624622755021553,0.015999999999999997,,,0,0.1347851457660098
clean,30639_9c362687,a8a4c11ebcc1dde2,master,baseline_v8,,0,,27156,0.9988230101515374,0.07832969221186231,0.04530803814455253,0.01955911724427634,0.11421708881508164,,,0,16.067518821165372
clean,30639_9c362687,a8a4c11ebcc1dde2,master,H30_joint_native,,0,,27156,0.9988230101515374,0.07839511663994793,0.045298360634132444,0.01960599636884197,0.11397941436700676,,,0,16.085449480611064
clean,30639_9c362687,a8a4c11ebcc1dde2,rover,baseline_v8,,0,,27096,0.9966161541856702,0.16237357481214673,0.05247213454195867,0.01978766358173068,0.12219023038955679,,,0,19.212920562989922
clean,30639_9c362687,a8a4c11ebcc1dde2,rover,H30_joint_native,,0,,27096,0.9966161541856702,0.1624065941875247,0.05246567401142306,0.019834562796204866,0.12197961626584197,,,0,19.23490116151834
clean,30639_c31df386,70bb14d1c90f301f,master,baseline_v8,,0,,24006,0.8811158010644154,0.06253184971146651,0.046091496620704005,0.028717676524354117,0.1276898592840081,,,0,4.058011804137411
clean,30639_c31df386,70bb14d1c90f301f,master,H30_joint_native,,0,,24006,0.8811158010644154,0.06250828735122926,0.04606958102537137,0.028714107273041387,0.12759867155272886,,,0,4.0526656809062045
clean,30639_c31df386,70bb14d1c90f301f,rover,baseline_v8,,0,,27162,0.9969535694622866,0.06488326117957367,0.04730059884625296,0.03258407515642759,0.13204690067272268,,,0,28.322408034794446
clean,30639_c31df386,70bb14d1c90f301f,rover,H30_joint_native,,0,,27162,0.9969535694622866,0.06486793930369814,0.04728020695997642,0.032585433824605534,0.1318364993180827,,,0,28.324247375119057
clean,30639_dce52be4,70bb14d1c90f301f,master,baseline_v8,,0,,21963,0.9580788693072763,0.3600590120977054,0.061033525620136996,0.047715848332589975,0.12187388870653612,,,0,11.266619291972654
clean,30639_dce52be4,70bb14d1c90f301f,master,H30_joint_native,,0,,21963,0.9580788693072763,0.3600507131687765,0.060992318402973054,0.047723344908354594,0.12171738945183853,,,0,11.265524326688624
clean,30639_dce52be4,70bb14d1c90f301f,rover,baseline_v8,,0,,22798,0.9945035770371663,0.10320819551241453,0.053495927559678,0.03982032099672915,0.12686949016965424,,,0,3.9919015095513934
clean,30639_dce52be4,70bb14d1c90f301f,rover,H30_joint_native,,0,,22798,0.9945035770371663,0.10319645087252442,0.05345772782161975,0.03982960277768394,0.12681576795756286,,,0,3.9892827740813566
clean,30639_e4379d7f,a0c46036cc19092a,master,baseline_v8,,0,,0,0.0,,,,,,,0,
clean,30639_e4379d7f,a0c46036cc19092a,master,H30_joint_native,,0,,0,0.0,,,,,,,0,
clean,30639_e4379d7f,a0c46036cc19092a,rover,baseline_v8,,0,,11410,0.3966764010568766,0.13814212669565956,0.04530186424414684,0.019914317950860905,0.11662264361818621,,,0,0.02928796648509978
clean,30639_e4379d7f,a0c46036cc19092a,rover,H30_joint_native,,0,,11410,0.3966764010568766,0.13815903280228364,0.04532582399594356,0.019894551497753425,0.11686451149690592,,,0,0.02963754258852533
original,30618_0652866c,8269991eafa82c45,master,baseline_v8,bias,5.0,156.9,300,0.4291845493562232,0.03272535079417663,0.02492969588341831,-0.006788001148673842,0.06935872162869577,0.046062129388877174,0.006544645999980503,0,
original,30618_0652866c,8269991eafa82c45,master,H30_joint_native,bias,5.0,156.9,300,0.4291845493562232,0.03262682801921499,0.024814191110975558,-0.006931811752658034,0.0693668388160607,0.04599630213345071,0.006544645999980503,0,
original,30618_0652866c,8269991eafa82c45,rover,baseline_v8,bias,5.0,156.9,300,0.4291845493562232,0.03676987861681634,0.028762094182646827,-0.00672133448200718,0.0746185757748848,0.049277182132701,0.006544645999980503,0,
original,30618_0652866c,8269991eafa82c45,rover,H30_joint_native,bias,5.0,156.9,300,0.4291845493562232,0.03672832754088669,0.028733485990696382,-0.0068651450859913655,0.07429574020605068,0.04924988787093006,0.006544645999980503,0,
original,30618_0652866c,8269991eafa82c45,master,baseline_v8,dropout,5.0,156.9,300,0.4291845493562232,0.060735492283645706,0.03871130266178159,-0.028266980066455137,0.15125532413407242,0.09999648347634237,0.006544645999980503,0,
original,30618_0652866c,8269991eafa82c45,master,H30_joint_native,dropout,5.0,156.9,300,0.4291845493562232,0.059843929732570085,0.03812040813555043,-0.02743634413253495,0.15037155396534224,0.09843632271307963,0.006544645999980503,0,
original,30618_0652866c,8269991eafa82c45,rover,baseline_v8,dropout,5.0,156.9,300,0.4291845493562232,0.06378728804192392,0.042706669651826165,-0.02820031339978847,0.1566413773566227,0.10298372524688669,0.006544645999980503,0,
original,30618_0652866c,8269991eafa82c45,rover,H30_joint_native,dropout,5.0,156.9,300,0.4291845493562232,0.0630160216962382,0.04214307322012595,-0.027369677465868283,0.1527816915827848,0.10157865205316384,0.006544645999980503,0,
original,30618_0652866c,8269991eafa82c45,master,baseline_v8,dropout,10.0,156.9,400,0.5,0.14278282541009035,0.09794992338239354,-0.09071652905036885,0.32837830710219545,0.15780494520013125,1.2565446459999805,0,
original,30618_0652866c,8269991eafa82c45,master,H30_joint_native,dropout,10.0,156.9,400,0.5,0.1424151824158712,0.09751735491690113,-0.090028676947475,0.32817703383780944,0.1571906195903647,1.2565446459999805,0,
original,30618_0652866c,8269991eafa82c45,rover,baseline_v8,dropout,10.0,156.9,400,0.5,0.1448776244264721,0.10157153848913819,-0.08643152905036883,0.3303845266293857,0.1604127348839681,1.2565446459999805,0,
original,30618_0652866c,8269991eafa82c45,rover,H30_joint_native,dropout,10.0,156.9,400,0.5,0.1445240573330823,0.10109410558751529,-0.085743676947475,0.330181914010163,0.15984164515677152,1.2565446459999805,0,
original,30618_0652866c,8269991eafa82c45,master,baseline_v8,lock,3.0,156.9,260,0.3945371775417299,0.032723406564617336,0.024876491227769155,-0.012854301665481875,0.0641047904467125,0.04609706040210767,0.006544645999980503,0,
original,30618_0652866c,8269991eafa82c45,master,H30_joint_native,lock,3.0,156.9,260,0.3945371775417299,0.031961276956755845,0.024244030707284082,-0.013283401675300862,0.06106031358572359,0.044241341647906794,0.006544645999980503,0,
original,30618_0652866c,8269991eafa82c45,rover,baseline_v8,lock,3.0,156.9,260,0.3945371775417299,0.03751089853930301,0.02921382728148195,-0.013815840127020335,0.07895312783187086,0.046350605584348885,0.006544645999980503,0,
original,30618_0652866c,8269991eafa82c45,rover,H30_joint_native,lock,3.0,156.9,260,0.3945371775417299,0.03632464148773986,0.02828393676555847,-0.014244940136839322,0.07458302402006267,0.04487420245448965,0.006544645999980503,0,
original,30618_073f08d1,8269991eafa82c45,master,baseline_v8,bias,5.000000000000014,127.60000000000001,296,0.4222539229671897,0.0719475947465785,0.05889268165063283,-0.056196096470605736,0.13832764441102985,0.08876829296488531,0.015782163999972454,0,
original,30618_073f08d1,8269991eafa82c45,master,H30_joint_native,bias,5.000000000000014,127.60000000000001,296,0.4222539229671897,0.07104037675035815,0.05807400569820172,-0.0553925792198168,0.1362050630935836,0.08861068139052616,0.015782163999972454,0,
original,30618_073f08d1,8269991eafa82c45,rover,baseline_v8,bias,5.000000000000014,127.60000000000001,270,0.38516405135520687,0.06770508521405613,0.055731847870782246,-0.05234431895582459,0.12995352136420435,0.08549924140752002,0.015782163999972454,0,
original,30618_073f08d1,8269991eafa82c45,rover,H30_joint_native,bias,5.000000000000014,127.60000000000001,270,0.38516405135520687,0.06681517753862298,0.05490507394949933,-0.05146344633578117,0.1293374850541438,0.08540211196407325,0.015782163999972454,0,
original,30618_073f08d1,8269991eafa82c45,master,baseline_v8,dropout,5.000000000000014,127.60000000000001,296,0.4222539229671897,0.4383886653479657,0.266062361201065,-0.26336581556990035,0.9976150616236689,0.7644039095639792,0.015782163999972454,0,
original,30618_073f08d1,8269991eafa82c45,master,H30_joint_native,dropout,5.000000000000014,127.60000000000001,296,0.4222539229671897,0.4477264796758494,0.27095806522444527,-0.2682766903081863,1.0154468610584344,0.7811299138080733,0.015782163999972454,0,
original,30618_073f08d1,8269991eafa82c45,rover,baseline_v8,dropout,5.000000000000014,127.60000000000001,270,0.38516405135520687,0.3848142665552842,0.21313721653478915,-0.20974968799318608,0.9946232326365136,0.7487385273836106,0.015782163999972454,0,
original,30618_073f08d1,8269991eafa82c45,rover,H30_joint_native,dropout,5.000000000000014,127.60000000000001,270,0.38516405135520687,0.39284873132286174,0.21685795270220026,-0.213416325528093,1.0124550319977408,0.764925294481779,0.015782163999972454,0,
original,30618_073f08d1,8269991eafa82c45,master,baseline_v8,dropout,10.000000000000014,127.60000000000001,388,0.484394506866417,1.6052568690353133,1.082916113052812,-1.0685287848928657,3.513288028621289,1.5693744405944205,2.165782163999978,0,
original,30618_073f08d1,8269991eafa82c45,master,H30_joint_native,dropout,10.000000000000014,127.60000000000001,388,0.484394506866417,1.6163736397766255,1.0935206894760436,-1.079256162292911,3.527664809698891,1.584817130780725,2.2657821639999725,0,
original,30618_073f08d1,8269991eafa82c45,rover,baseline_v8,dropout,10.000000000000014,127.60000000000001,352,0.4394506866416979,1.6700724718700863,1.132961278710576,-1.1183682668592612,3.5301412307808184,1.6565414833891217,2.165782163999978,0,
original,30618_073f08d1,8269991eafa82c45,rover,H30_joint_native,dropout,10.000000000000014,127.60000000000001,352,0.4394506866416979,1.6812019826698787,1.1433922911274732,-1.1288517276390682,3.5471272892435604,1.6720727113731149,2.2657821639999725,0,
original,30618_073f08d1,8269991eafa82c45,master,baseline_v8,lock,3.000000000000014,127.60000000000001,256,0.3878787878787879,0.2928063488775902,0.1705611488426664,-0.1701161591982193,0.7275292927100316,0.5925587417854886,0.11578216399996677,0,
original,30618_073f08d1,8269991eafa82c45,master,H30_joint_native,lock,3.000000000000014,127.60000000000001,256,0.3878787878787879,0.30034792936598365,0.17356121568266425,-0.17307582938610375,0.7453610922570144,0.6091986491309285,0.11578216399996677,0,
original,30618_073f08d1,8269991eafa82c45,rover,baseline_v8,lock,3.000000000000014,127.60000000000001,230,0.3484848484848485,0.2212343035082436,0.12545343762540176,-0.12483928531126667,0.6735219926446587,0.5012545337439237,0.5657821639999838,0,
original,30618_073f08d1,8269991eafa82c45,rover,H30_joint_native,lock,3.000000000000014,127.60000000000001,230,0.3484848484848485,0.22735715959405509,0.12725847618268377,-0.12654758851332323,0.6913537921919605,0.5173383364180884,0.5657821639999838,0,
original,30618_117c2d02,664cca45aeb0db23,master,baseline_v8,bias,5.0,141.4,0,0.0,,,,,,,0,
original,30618_117c2d02,664cca45aeb0db23,master,H30_joint_native,bias,5.0,141.4,0,0.0,,,,,,,0,
original,30618_117c2d02,664cca45aeb0db23,rover,baseline_v8,bias,5.0,141.4,0,0.0,,,,,,,0,
original,30618_117c2d02,664cca45aeb0db23,rover,H30_joint_native,bias,5.0,141.4,0,0.0,,,,,,,0,
original,30618_117c2d02,664cca45aeb0db23,master,baseline_v8,dropout,5.0,141.4,0,0.0,,,,,,,0,
original,30618_117c2d02,664cca45aeb0db23,master,H30_joint_native,dropout,5.0,141.4,0,0.0,,,,,,,0,
original,30618_117c2d02,664cca45aeb0db23,rover,baseline_v8,dropout,5.0,141.4,0,0.0,,,,,,,0,
original,30618_117c2d02,664cca45aeb0db23,rover,H30_joint_native,dropout,5.0,141.4,0,0.0,,,,,,,0,
original,30618_117c2d02,664cca45aeb0db23,master,baseline_v8,dropout,10.0,141.4,0,0.0,,,,,,,0,
original,30618_117c2d02,664cca45aeb0db23,master,H30_joint_native,dropout,10.0,141.4,0,0.0,,,,,,,0,
original,30618_117c2d02,664cca45aeb0db23,rover,baseline_v8,dropout,10.0,141.4,0,0.0,,,,,,,0,
original,30618_117c2d02,664cca45aeb0db23,rover,H30_joint_native,dropout,10.0,141.4,0,0.0,,,,,,,0,
original,30618_117c2d02,664cca45aeb0db23,master,baseline_v8,lock,3.0,141.4,0,0.0,,,,,,,0,
original,30618_117c2d02,664cca45aeb0db23,master,H30_joint_native,lock,3.0,141.4,0,0.0,,,,,,,0,
original,30618_117c2d02,664cca45aeb0db23,rover,baseline_v8,lock,3.0,141.4,0,0.0,,,,,,,0,
original,30618_117c2d02,664cca45aeb0db23,rover,H30_joint_native,lock,3.0,141.4,0,0.0,,,,,,,0,
original,30618_27e994fc,711abb923942f9fe,master,baseline_v8,bias,5.0,190.10000000000002,300,0.42857142857142855,0.39988033691045693,0.2882549108117785,0.2708093846525646,0.940785138727716,0.11560710653848347,7.450035174999982,0,
original,30618_27e994fc,711abb923942f9fe,master,H30_joint_native,bias,5.0,190.10000000000002,300,0.42857142857142855,0.39527075335334216,0.2856079017683565,0.2672224849195674,0.920499002012233,0.11628286477573817,7.450035174999982,0,
original,30618_27e994fc,711abb923942f9fe,rover,baseline_v8,bias,5.0,190.10000000000002,292,0.41714285714285715,0.40527258519419707,0.2927562781863184,0.27801214901713434,0.9679023561569751,0.12083156481938344,7.450035174999982,0,
original,30618_27e994fc,711abb923942f9fe,rover,H30_joint_native,bias,5.0,190.10000000000002,292,0.41714285714285715,0.4006070161056067,0.2899678740495644,0.27459424748039063,0.9383901966208122,0.12128299768062889,7.450035174999982,0,
original,30618_27e994fc,711abb923942f9fe,master,baseline_v8,dropout,5.0,190.10000000000002,300,0.42857142857142855,0.39700639311017694,0.28095699216458636,0.2635081477371991,0.9407851585469458,0.08948210461103095,7.450035174999982,0,
original,30618_27e994fc,711abb923942f9fe,master,H30_joint_native,dropout,5.0,190.10000000000002,300,0.42857142857142855,0.39163731914869365,0.2770797316125658,0.2478802477888125,0.9204990084891684,0.08134034097055151,7.450035174999982,0,
original,30618_27e994fc,711abb923942f9fe,rover,baseline_v8,dropout,5.0,190.10000000000002,292,0.41714285714285715,0.4024149764759493,0.28600470660332816,0.2709076151734396,0.9679023707615844,0.09357727528727404,7.450035174999982,0,
original,30618_27e994fc,711abb923942f9fe,rover,H30_joint_native,dropout,5.0,190.10000000000002,292,0.41714285714285715,0.39673673280701377,0.28161360248231576,0.2557014840487514,0.9383902158404978,0.08196779134729429,7.450035174999982,0,
original,30618_27e994fc,711abb923942f9fe,master,baseline_v8,dropout,10.0,190.10000000000002,400,0.5,0.3247641192561688,0.19715493967057682,0.1781395605967476,0.863931559838356,0.24443268632171536,2.4500351749999822,0,
original,30618_27e994fc,711abb923942f9fe,master,H30_joint_native,dropout,10.0,190.10000000000002,400,0.5,0.30817320465223197,0.1841783988962865,0.1563502641204018,0.8410468097794489,0.21702012859620198,2.4500351749999822,0,
original,30618_27e994fc,711abb923942f9fe,rover,baseline_v8,dropout,10.0,190.10000000000002,388,0.485,0.32980573198571733,0.20115928129117444,0.18364519981975655,0.8367273894292997,0.24515450546543252,2.400035174999971,0,
original,30618_27e994fc,711abb923942f9fe,rover,H30_joint_native,dropout,10.0,190.10000000000002,388,0.485,0.3128763628749718,0.18762852650527642,0.16197545354842124,0.8313720180438637,0.21689664356136323,2.4500351749999822,0,
original,30618_27e994fc,711abb923942f9fe,master,baseline_v8,lock,3.0,190.10000000000002,260,0.3945371775417299,0.4246722489278812,0.3177646811326069,0.3047157868959055,0.9719125810815643,0.0429475732570077,3.517499999361462e-05,0,
original,30618_27e994fc,711abb923942f9fe,master,H30_joint_native,lock,3.0,190.10000000000002,260,0.3945371775417299,0.4213851954200302,0.31954647403851166,0.29210142022068863,0.9471152205378571,0.06796699260490291,3.517499999361462e-05,0,
original,30618_27e994fc,711abb923942f9fe,rover,baseline_v8,lock,3.0,190.10000000000002,252,0.38239757207890746,0.4313427008886167,0.32461325011807307,0.31438146493354446,0.9832520031484692,0.038466047613189294,0.30003517499997656,0,
original,30618_27e994fc,711abb923942f9fe,rover,H30_joint_native,lock,3.0,190.10000000000002,252,0.38239757207890746,0.4278428109283396,0.3260666093118992,0.3023294289372381,0.9669882821488809,0.06233328361883193,0.30003517499997656,0,
original,30618_3e012faf,664cca45aeb0db23,master,baseline_v8,bias,5.0,102.7,0,0.0,,,,,,,0,
original,30618_3e012faf,664cca45aeb0db23,master,H30_joint_native,bias,5.0,102.7,0,0.0,,,,,,,0,
original,30618_3e012faf,664cca45aeb0db23,rover,baseline_v8,bias,5.0,102.7,0,0.0,,,,,,,0,
original,30618_3e012faf,664cca45aeb0db23,rover,H30_joint_native,bias,5.0,102.7,0,0.0,,,,,,,0,
original,30618_3e012faf,664cca45aeb0db23,master,baseline_v8,dropout,5.0,102.7,0,0.0,,,,,,,0,
original,30618_3e012faf,664cca45aeb0db23,master,H30_joint_native,dropout,5.0,102.7,0,0.0,,,,,,,0,
original,30618_3e012faf,664cca45aeb0db23,rover,baseline_v8,dropout,5.0,102.7,0,0.0,,,,,,,0,
original,30618_3e012faf,664cca45aeb0db23,rover,H30_joint_native,dropout,5.0,102.7,0,0.0,,,,,,,0,
original,30618_3e012faf,664cca45aeb0db23,master,baseline_v8,dropout,10.0,102.7,0,0.0,,,,,,,0,
original,30618_3e012faf,664cca45aeb0db23,master,H30_joint_native,dropout,10.0,102.7,0,0.0,,,,,,,0,
original,30618_3e012faf,664cca45aeb0db23,rover,baseline_v8,dropout,10.0,102.7,0,0.0,,,,,,,0,
original,30618_3e012faf,664cca45aeb0db23,rover,H30_joint_native,dropout,10.0,102.7,0,0.0,,,,,,,0,
original,30618_3e012faf,664cca45aeb0db23,master,baseline_v8,lock,3.0,102.7,0,0.0,,,,,,,0,
original,30618_3e012faf,664cca45aeb0db23,master,H30_joint_native,lock,3.0,102.7,0,0.0,,,,,,,0,
original,30618_3e012faf,664cca45aeb0db23,rover,baseline_v8,lock,3.0,102.7,0,0.0,,,,,,,0,
original,30618_3e012faf,664cca45aeb0db23,rover,H30_joint_native,lock,3.0,102.7,0,0.0,,,,,,,0,
original,30618_46e21b9b,664cca45aeb0db23,master,baseline_v8,bias,5.0,141.4,0,0.0,,,,,,,0,
original,30618_46e21b9b,664cca45aeb0db23,master,H30_joint_native,bias,5.0,141.4,0,0.0,,,,,,,0,
original,30618_46e21b9b,664cca45aeb0db23,rover,baseline_v8,bias,5.0,141.4,0,0.0,,,,,,,0,
original,30618_46e21b9b,664cca45aeb0db23,rover,H30_joint_native,bias,5.0,141.4,0,0.0,,,,,,,0,
original,30618_46e21b9b,664cca45aeb0db23,master,baseline_v8,dropout,5.0,141.4,0,0.0,,,,,,,0,
original,30618_46e21b9b,664cca45aeb0db23,master,H30_joint_native,dropout,5.0,141.4,0,0.0,,,,,,,0,
original,30618_46e21b9b,664cca45aeb0db23,rover,baseline_v8,dropout,5.0,141.4,0,0.0,,,,,,,0,
original,30618_46e21b9b,664cca45aeb0db23,rover,H30_joint_native,dropout,5.0,141.4,0,0.0,,,,,,,0,
original,30618_46e21b9b,664cca45aeb0db23,master,baseline_v8,dropout,10.0,141.4,0,0.0,,,,,,,0,
original,30618_46e21b9b,664cca45aeb0db23,master,H30_joint_native,dropout,10.0,141.4,0,0.0,,,,,,,0,
original,30618_46e21b9b,664cca45aeb0db23,rover,baseline_v8,dropout,10.0,141.4,0,0.0,,,,,,,0,
original,30618_46e21b9b,664cca45aeb0db23,rover,H30_joint_native,dropout,10.0,141.4,0,0.0,,,,,,,0,
original,30618_46e21b9b,664cca45aeb0db23,master,baseline_v8,lock,3.0,141.4,0,0.0,,,,,,,0,
original,30618_46e21b9b,664cca45aeb0db23,master,H30_joint_native,lock,3.0,141.4,0,0.0,,,,,,,0,
original,30618_46e21b9b,664cca45aeb0db23,rover,baseline_v8,lock,3.0,141.4,0,0.0,,,,,,,0,
original,30618_46e21b9b,664cca45aeb0db23,rover,H30_joint_native,lock,3.0,141.4,0,0.0,,,,,,,0,
original,30618_5036aa78,664cca45aeb0db23,master,baseline_v8,bias,5.0,25.1,0,0.0,,,,,,,0,
original,30618_5036aa78,664cca45aeb0db23,master,H30_joint_native,bias,5.0,25.1,0,0.0,,,,,,,0,
original,30618_5036aa78,664cca45aeb0db23,rover,baseline_v8,bias,5.0,25.1,0,0.0,,,,,,,0,
original,30618_5036aa78,664cca45aeb0db23,rover,H30_joint_native,bias,5.0,25.1,0,0.0,,,,,,,0,
original,30618_5036aa78,664cca45aeb0db23,master,baseline_v8,dropout,5.0,25.1,0,0.0,,,,,,,0,
original,30618_5036aa78,664cca45aeb0db23,master,H30_joint_native,dropout,5.0,25.1,0,0.0,,,,,,,0,
original,30618_5036aa78,664cca45aeb0db23,rover,baseline_v8,dropout,5.0,25.1,0,0.0,,,,,,,0,
original,30618_5036aa78,664cca45aeb0db23,rover,H30_joint_native,dropout,5.0,25.1,0,0.0,,,,,,,0,
original,30618_5036aa78,664cca45aeb0db23,master,baseline_v8,dropout,10.0,25.1,0,0.0,,,,,,,0,
original,30618_5036aa78,664cca45aeb0db23,master,H30_joint_native,dropout,10.0,25.1,0,0.0,,,,,,,0,
original,30618_5036aa78,664cca45aeb0db23,rover,baseline_v8,dropout,10.0,25.1,0,0.0,,,,,,,0,
original,30618_5036aa78,664cca45aeb0db23,rover,H30_joint_native,dropout,10.0,25.1,0,0.0,,,,,,,0,
original,30618_5036aa78,664cca45aeb0db23,master,baseline_v8,lock,3.0,25.1,0,0.0,,,,,,,0,
original,30618_5036aa78,664cca45aeb0db23,master,H30_joint_native,lock,3.0,25.1,0,0.0,,,,,,,0,
original,30618_5036aa78,664cca45aeb0db23,rover,baseline_v8,lock,3.0,25.1,0,0.0,,,,,,,0,
original,30618_5036aa78,664cca45aeb0db23,rover,H30_joint_native,lock,3.0,25.1,0,0.0,,,,,,,0,
original,30618_74559c73,664cca45aeb0db23,master,baseline_v8,bias,5.000000000000007,62.800000000000004,0,0.0,,,,,,,0,
original,30618_74559c73,664cca45aeb0db23,master,H30_joint_native,bias,5.000000000000007,62.800000000000004,0,0.0,,,,,,,0,
original,30618_74559c73,664cca45aeb0db23,rover,baseline_v8,bias,5.000000000000007,62.800000000000004,0,0.0,,,,,,,0,
original,30618_74559c73,664cca45aeb0db23,rover,H30_joint_native,bias,5.000000000000007,62.800000000000004,0,0.0,,,,,,,0,
original,30618_74559c73,664cca45aeb0db23,master,baseline_v8,dropout,5.000000000000007,62.800000000000004,0,0.0,,,,,,,0,
original,30618_74559c73,664cca45aeb0db23,master,H30_joint_native,dropout,5.000000000000007,62.800000000000004,0,0.0,,,,,,,0,
original,30618_74559c73,664cca45aeb0db23,rover,baseline_v8,dropout,5.000000000000007,62.800000000000004,0,0.0,,,,,,,0,
original,30618_74559c73,664cca45aeb0db23,rover,H30_joint_native,dropout,5.000000000000007,62.800000000000004,0,0.0,,,,,,,0,
original,30618_74559c73,664cca45aeb0db23,master,baseline_v8,dropout,10.000000000000007,62.800000000000004,0,0.0,,,,,,,0,
original,30618_74559c73,664cca45aeb0db23,master,H30_joint_native,dropout,10.000000000000007,62.800000000000004,0,0.0,,,,,,,0,
original,30618_74559c73,664cca45aeb0db23,rover,baseline_v8,dropout,10.000000000000007,62.800000000000004,0,0.0,,,,,,,0,
original,30618_74559c73,664cca45aeb0db23,rover,H30_joint_native,dropout,10.000000000000007,62.800000000000004,0,0.0,,,,,,,0,
original,30618_74559c73,664cca45aeb0db23,master,baseline_v8,lock,3.000000000000007,62.800000000000004,0,0.0,,,,,,,0,
original,30618_74559c73,664cca45aeb0db23,master,H30_joint_native,lock,3.000000000000007,62.800000000000004,0,0.0,,,,,,,0,
original,30618_74559c73,664cca45aeb0db23,rover,baseline_v8,lock,3.000000000000007,62.800000000000004,0,0.0,,,,,,,0,
original,30618_74559c73,664cca45aeb0db23,rover,H30_joint_native,lock,3.000000000000007,62.800000000000004,0,0.0,,,,,,,0,
original,30618_88548b02,711abb923942f9fe,master,baseline_v8,bias,5.000000000000014,125.60000000000001,288,0.4114285714285714,0.06671141272809533,0.06199188610123585,-0.061947522104790535,0.10225298009011742,0.0636638314255101,2.8616999998121173e-05,0,
original,30618_88548b02,711abb923942f9fe,master,H30_joint_native,bias,5.000000000000014,125.60000000000001,288,0.4114285714285714,0.0658893854167066,0.06095458026695661,-0.06091401601691114,0.10244994932297502,0.0615863336741222,2.8616999998121173e-05,0,
original,30618_88548b02,711abb923942f9fe,rover,baseline_v8,bias,5.000000000000014,125.60000000000001,296,0.4228571428571429,0.06660171318414883,0.06152261056382374,-0.06150056211768996,0.10637018426666867,0.06448460284544086,2.8616999998121173e-05,0,
original,30618_88548b02,711abb923942f9fe,rover,H30_joint_native,bias,5.000000000000014,125.60000000000001,296,0.4228571428571429,0.0658308061449101,0.06051739526897457,-0.06049491368432741,0.10458438700744055,0.062442756297520156,2.8616999998121173e-05,0,
original,30618_88548b02,711abb923942f9fe,master,baseline_v8,dropout,5.000000000000014,125.60000000000001,288,0.4114285714285714,0.07730107010200392,0.07078329392628271,-0.06749663833332875,0.12423702273615796,0.0915249403113225,2.8616999998121173e-05,0,
original,30618_88548b02,711abb923942f9fe,master,H30_joint_native,dropout,5.000000000000014,125.60000000000001,288,0.4114285714285714,0.0662515660894419,0.06130828505291216,-0.05069252770992759,0.10291161768935574,0.0597444328914081,2.8616999998121173e-05,0,
original,30618_88548b02,711abb923942f9fe,rover,baseline_v8,dropout,5.000000000000014,125.60000000000001,296,0.4228571428571429,0.07716716671050516,0.07049288212922929,-0.06714979902203926,0.12435717907374011,0.09230433785587162,2.8616999998121173e-05,0,
original,30618_88548b02,711abb923942f9fe,rover,H30_joint_native,dropout,5.000000000000014,125.60000000000001,296,0.4228571428571429,0.06594019872481488,0.06077126760574583,-0.05046838799838884,0.10405688979667937,0.06016242810848823,2.8616999998121173e-05,0,
original,30618_88548b02,711abb923942f9fe,master,baseline_v8,dropout,10.000000000000014,125.60000000000001,388,0.4856070087609512,0.18343513842796064,0.1266472595387177,0.03636986428909961,0.45845770321236884,0.2445533483108201,1.4000286169999754,0,
original,30618_88548b02,711abb923942f9fe,master,H30_joint_native,dropout,10.000000000000014,125.60000000000001,388,0.4856070087609512,0.21023054562269286,0.13651296142548164,0.06435317538456642,0.5285654661393426,0.28227396571486457,1.4000286169999754,0,
original,30618_88548b02,711abb923942f9fe,rover,baseline_v8,dropout,10.000000000000014,125.60000000000001,396,0.4956195244055069,0.18330005084928697,0.12666687552396452,0.03631703895691187,0.4502049740198859,0.24490005792309696,0.10002861699999244,0,
original,30618_88548b02,711abb923942f9fe,rover,H30_joint_native,dropout,10.000000000000014,125.60000000000001,396,0.4956195244055069,0.2100033931704388,0.13628707372878293,0.06423560724878802,0.5200251533174476,0.28249650082562455,0.10002861699999244,0,
original,30618_88548b02,711abb923942f9fe,master,baseline_v8,lock,3.000000000000014,125.60000000000001,248,0.37575757575757573,0.0788318223418887,0.07364645501950455,-0.07364645501950455,0.1263443382282318,0.10456199135055094,0.4000286169999754,0,
original,30618_88548b02,711abb923942f9fe,master,H30_joint_native,lock,3.000000000000014,125.60000000000001,248,0.37575757575757573,0.06554071854387367,0.06150747665857182,-0.061400866327944746,0.09850641103254014,0.060146638335575146,0.4000286169999754,0,
original,30618_88548b02,711abb923942f9fe,rover,baseline_v8,lock,3.000000000000014,125.60000000000001,260,0.3939393939393939,0.07813731289315479,0.07264716715202177,-0.072646364608578,0.12492018297463828,0.10413054533409423,2.8616999998121173e-05,0,
original,30618_88548b02,711abb923942f9fe,rover,H30_joint_native,lock,3.000000000000014,125.60000000000001,260,0.3939393939393939,0.06531321717607172,0.06092555473978373,-0.060848670156784336,0.09986446011335985,0.05979305568658059,2.8616999998121173e-05,0,
original,30618_bcc9e7a2,664cca45aeb0db23,master,baseline_v8,bias,5.0,102.7,0,0.0,,,,,,,0,
original,30618_bcc9e7a2,664cca45aeb0db23,master,H30_joint_native,bias,5.0,102.7,0,0.0,,,,,,,0,
original,30618_bcc9e7a2,664cca45aeb0db23,rover,baseline_v8,bias,5.0,102.7,0,0.0,,,,,,,0,
original,30618_bcc9e7a2,664cca45aeb0db23,rover,H30_joint_native,bias,5.0,102.7,0,0.0,,,,,,,0,
original,30618_bcc9e7a2,664cca45aeb0db23,master,baseline_v8,dropout,5.0,102.7,0,0.0,,,,,,,0,
original,30618_bcc9e7a2,664cca45aeb0db23,master,H30_joint_native,dropout,5.0,102.7,0,0.0,,,,,,,0,
original,30618_bcc9e7a2,664cca45aeb0db23,rover,baseline_v8,dropout,5.0,102.7,0,0.0,,,,,,,0,
original,30618_bcc9e7a2,664cca45aeb0db23,rover,H30_joint_native,dropout,5.0,102.7,0,0.0,,,,,,,0,
original,30618_bcc9e7a2,664cca45aeb0db23,master,baseline_v8,dropout,10.0,102.7,0,0.0,,,,,,,0,
original,30618_bcc9e7a2,664cca45aeb0db23,master,H30_joint_native,dropout,10.0,102.7,0,0.0,,,,,,,0,
original,30618_bcc9e7a2,664cca45aeb0db23,rover,baseline_v8,dropout,10.0,102.7,0,0.0,,,,,,,0,
original,30618_bcc9e7a2,664cca45aeb0db23,rover,H30_joint_native,dropout,10.0,102.7,0,0.0,,,,,,,0,
original,30618_bcc9e7a2,664cca45aeb0db23,master,baseline_v8,lock,3.0,102.7,0,0.0,,,,,,,0,
original,30618_bcc9e7a2,664cca45aeb0db23,master,H30_joint_native,lock,3.0,102.7,0,0.0,,,,,,,0,
original,30618_bcc9e7a2,664cca45aeb0db23,rover,baseline_v8,lock,3.0,102.7,0,0.0,,,,,,,0,
original,30618_bcc9e7a2,664cca45aeb0db23,rover,H30_joint_native,lock,3.0,102.7,0,0.0,,,,,,,0,
original,30639_9c362687,a8a4c11ebcc1dde2,master,baseline_v8,bias,5.0,136.0,300,0.42796005706134094,0.08202798371390896,0.06933874948138961,0.06860856530970348,0.15706250064317145,0.10930527522193631,0.007980078999992202,0,
original,30639_9c362687,a8a4c11ebcc1dde2,master,H30_joint_native,bias,5.0,136.0,300,0.42796005706134094,0.08116639224733403,0.06865318168798396,0.0679276310229261,0.15603376787055875,0.10929501021407596,0.007980078999992202,0,
original,30639_9c362687,a8a4c11ebcc1dde2,rover,baseline_v8,bias,5.0,136.0,300,0.42796005706134094,0.32276076046300284,0.10874277431322227,0.1079285653097034,0.1773517623485552,0.11621717661814171,0.007980078999992202,0,
original,30639_9c362687,a8a4c11ebcc1dde2,rover,H30_joint_native,bias,5.0,136.0,300,0.42796005706134094,0.32252015612535206,0.10805488758661962,0.10724763102292606,0.17735852606158495,0.11621115746862744,0.007980078999992202,0,
original,30639_9c362687,a8a4c11ebcc1dde2,master,baseline_v8,dropout,5.0,136.0,300,0.42796005706134094,0.09586884795996535,0.07350239087530977,0.009751053437327798,0.21846015868483273,0.14009505232412092,0.007980078999992202,0,
original,30639_9c362687,a8a4c11ebcc1dde2,master,H30_joint_native,dropout,5.0,136.0,300,0.42796005706134094,0.09532762642480158,0.07274986921578744,0.00828004459157532,0.21997906408692808,0.141002211982822,0.007980078999992202,0,
original,30639_9c362687,a8a4c11ebcc1dde2,rover,baseline_v8,dropout,5.0,136.0,300,0.42796005706134094,0.325315294850015,0.11081562531499393,0.04907105343732776,0.23813896675008084,0.13688365830250557,0.007980078999992202,0,
original,30639_9c362687,a8a4c11ebcc1dde2,rover,H30_joint_native,dropout,5.0,136.0,300,0.42796005706134094,0.3251140519764331,0.11001926941541645,0.04760004459157528,0.23969353159925777,0.13774359619826104,0.007980078999992202,0,
original,30639_9c362687,a8a4c11ebcc1dde2,master,baseline_v8,dropout,10.0,136.0,400,0.5,0.18639874652847596,0.12503420075812094,0.07211068288157464,0.4401533756239941,0.2570956101757153,0.05798007900000357,0,
original,30639_9c362687,a8a4c11ebcc1dde2,master,H30_joint_native,dropout,10.0,136.0,400,0.5,0.18584132700190817,0.12440802592729348,0.07103048649687883,0.4388797389109579,0.2565607265002456,0.05798007900000357,0,
original,30639_9c362687,a8a4c11ebcc1dde2,rover,baseline_v8,dropout,10.0,136.0,400,0.5,0.4391685850167858,0.189294868844474,0.1351031828815746,0.458248074675193,0.258670138631096,0.05798007900000357,0,
original,30639_9c362687,a8a4c11ebcc1dde2,rover,H30_joint_native,dropout,10.0,136.0,400,0.5,0.43885824982329574,0.18861328263567415,0.1340229864968788,0.4569805019427038,0.2581074622282899,0.05798007900000357,0,
original,30639_9c362687,a8a4c11ebcc1dde2,master,baseline_v8,lock,3.0,136.0,260,0.3939393939393939,0.10226095415480102,0.08221590304285555,0.025943224658920124,0.2280444193689353,0.16024774427260532,0.007980078999992202,0,
original,30639_9c362687,a8a4c11ebcc1dde2,master,H30_joint_native,lock,3.0,136.0,260,0.3939393939393939,0.10162140212455711,0.08148187734411833,0.024655851638984858,0.2296010291647865,0.16112369444649297,0.007980078999992202,0,
original,30639_9c362687,a8a4c11ebcc1dde2,rover,baseline_v8,lock,3.0,136.0,260,0.3939393939393939,0.10908745157027513,0.09153769012344137,0.03579322465892009,0.2328510726146013,0.154943595630792,0.15798007899999789,0,
original,30639_9c362687,a8a4c11ebcc1dde2,rover,H30_joint_native,lock,3.0,136.0,260,0.3939393939393939,0.10841048153873492,0.09077549979723294,0.034505851638984814,0.23440919157552126,0.155818559100761,0.15798007899999789,0,
original,30639_c31df386,70bb14d1c90f301f,master,baseline_v8,bias,5.0,142.4,300,0.42857142857142855,0.08937720365346748,0.07823199324990117,0.060501049178339567,0.1382249811426105,0.043808469218313204,0.04167189599999688,0,
original,30639_c31df386,70bb14d1c90f301f,master,H30_joint_native,bias,5.0,142.4,300,0.42857142857142855,0.0901574029911416,0.07927015743501999,0.06224129520724034,0.13967678664154512,0.042469540248165696,0.04167189599999688,0,
original,30639_c31df386,70bb14d1c90f301f,rover,baseline_v8,bias,5.0,142.4,300,0.42857142857142855,0.08981576057618769,0.07858577073276668,0.060391049178339505,0.14908392345686022,0.04499047423512338,0.04167189599999688,0,
original,30639_c31df386,70bb14d1c90f301f,rover,H30_joint_native,bias,5.0,142.4,300,0.42857142857142855,0.09060801910832902,0.07955716035725942,0.06213129520724028,0.14852583616164877,0.04345326285683723,0.04167189599999688,0,
original,30639_c31df386,70bb14d1c90f301f,master,baseline_v8,dropout,5.0,142.4,300,0.42857142857142855,0.23197930700445596,0.18297832972279238,-0.04954729946696169,0.4735192495458594,0.37335518171707316,0.04167189599999688,0,
original,30639_c31df386,70bb14d1c90f301f,master,H30_joint_native,dropout,5.0,142.4,300,0.42857142857142855,0.2194963491958282,0.17627619981327616,-0.0391706340843843,0.44708108791206247,0.34883333221555174,0.04167189599999688,0,
original,30639_c31df386,70bb14d1c90f301f,rover,baseline_v8,dropout,5.0,142.4,300,0.42857142857142855,0.2315164917629049,0.18275165844493554,-0.04965729946696174,0.4715396823889536,0.3723425838884605,0.04167189599999688,0,
original,30639_c31df386,70bb14d1c90f301f,rover,H30_joint_native,dropout,5.0,142.4,300,0.42857142857142855,0.21902416037173394,0.1760191652323142,-0.039280634084384355,0.44506383573673636,0.3477997369903014,0.04167189599999688,0,
original,30639_c31df386,70bb14d1c90f301f,master,baseline_v8,dropout,10.0,142.4,355,0.4431960049937578,0.3384095963550736,0.2789869279265642,-0.20139916161540922,0.5428105768508479,0.4413995048875248,0.09167189600000825,0,
original,30639_c31df386,70bb14d1c90f301f,master,H30_joint_native,dropout,10.0,142.4,355,0.4431960049937578,0.3226185711903953,0.2662451016498948,-0.18840459162547935,0.5251725068945362,0.41993910037537374,0.09167189600000825,0,
original,30639_c31df386,70bb14d1c90f301f,rover,baseline_v8,dropout,10.0,142.4,400,0.4993757802746567,0.31952427478616574,0.25662150379055954,-0.16934607743578456,0.5380091431926686,0.4406594935280277,0.09167189600000825,0,
original,30639_c31df386,70bb14d1c90f301f,rover,H30_joint_native,dropout,10.0,142.4,400,0.4993757802746567,0.30469612322202005,0.24530407734337337,-0.15781724950279988,0.5208849542095609,0.4191863458814826,0.09167189600000825,0,
original,30639_c31df386,70bb14d1c90f301f,master,baseline_v8,lock,3.0,142.4,260,0.3939393939393939,0.1741371721761973,0.14128712727712864,0.0073895100225264115,0.3874028124093728,0.2994322130804756,0.1416718959999912,0,
original,30639_c31df386,70bb14d1c90f301f,master,H30_joint_native,lock,3.0,142.4,260,0.3939393939393939,0.1644066462680475,0.1359016239113414,0.014745171821730253,0.3609269787759414,0.27538706593657525,0.1416718959999912,0,
original,30639_c31df386,70bb14d1c90f301f,rover,baseline_v8,lock,3.0,142.4,260,0.3939393939393939,0.17458313005303022,0.1416822310488033,0.0073010484840648196,0.391896815921939,0.30036140509334913,0.1416718959999912,0,
original,30639_c31df386,70bb14d1c90f301f,rover,H30_joint_native,lock,3.0,142.4,260,0.3939393939393939,0.16484681650416616,0.13623294594709218,0.014656710283268669,0.36542097942127433,0.2762265769528296,0.1416718959999912,0,
original,30639_dce52be4,70bb14d1c90f301f,master,baseline_v8,bias,5.0,114.9,300,0.42796005706134094,0.06244364261522036,0.0472332778553839,0.03234324541462102,0.137214973985645,0.0799638014420416,0.014843622999990203,0,
original,30639_dce52be4,70bb14d1c90f301f,master,H30_joint_native,bias,5.0,114.9,300,0.42796005706134094,0.061055487035065074,0.04621978032690222,0.03141848338699639,0.13269620993742068,0.08014276419932463,0.014843622999990203,0,
original,30639_dce52be4,70bb14d1c90f301f,rover,baseline_v8,bias,5.0,114.9,300,0.42796005706134094,0.059802553050799165,0.04545792064140924,0.027929912081287683,0.12083097569893553,0.07964387341988126,0.014843622999990203,0,
original,30639_dce52be4,70bb14d1c90f301f,rover,H30_joint_native,bias,5.0,114.9,300,0.42796005706134094,0.05873531478860899,0.04444524257541566,0.027005150053663066,0.11303421114417435,0.07982418170002427,0.014843622999990203,0,
original,30639_dce52be4,70bb14d1c90f301f,master,baseline_v8,dropout,5.0,114.9,300,0.42796005706134094,0.15818167656294072,0.10470408309210333,-0.05461795108002675,0.35456653231763025,0.2646800279422154,0.014843622999990203,0,
original,30639_dce52be4,70bb14d1c90f301f,master,H30_joint_native,dropout,5.0,114.9,300,0.42796005706134094,0.15298791835887818,0.10114683881161841,-0.052780618583458214,0.344788932598375,0.2568969826954043,0.014843622999990203,0,
original,30639_dce52be4,70bb14d1c90f301f,rover,baseline_v8,dropout,5.0,114.9,300,0.42796005706134094,0.16100877799084384,0.10438630879288023,-0.05903128441336007,0.3713547841310758,0.27116437513893255,0.014843622999990203,0,
original,30639_dce52be4,70bb14d1c90f301f,rover,H30_joint_native,dropout,5.0,114.9,300,0.42796005706134094,0.15609081736984665,0.10067827598477341,-0.057193951916791545,0.36157718441183134,0.2634636746343209,0.014843622999990203,0,
original,30639_dce52be4,70bb14d1c90f301f,master,baseline_v8,dropout,10.0,114.9,400,0.5,0.16495249431640233,0.11388710612813199,-0.03625383722758159,0.35352513510877515,0.22795906454340564,0.06484362299998736,0,
original,30639_dce52be4,70bb14d1c90f301f,master,H30_joint_native,dropout,10.0,114.9,400,0.5,0.16287983042847093,0.1125842020406758,-0.031939051766717116,0.34678085396411745,0.22506581936898018,0.06484362299998736,0,
original,30639_dce52be4,70bb14d1c90f301f,rover,baseline_v8,dropout,10.0,114.9,400,0.5,0.1690396015487569,0.11598100756223681,-0.03948883722758158,0.3656950858294407,0.23422860540305324,0.06484362299998736,0,
original,30639_dce52be4,70bb14d1c90f301f,rover,H30_joint_native,dropout,10.0,114.9,400,0.5,0.16686981501226902,0.11447961176744922,-0.03517405176671711,0.3579142184769519,0.2312171392565444,0.06484362299998736,0,
original,30639_dce52be4,70bb14d1c90f301f,master,baseline_v8,lock,3.0,114.9,260,0.3939393939393939,0.1275517992073352,0.08474402735218793,-0.008640219918261942,0.340072126036577,0.2261360595716466,0.21484362299999304,0,
original,30639_dce52be4,70bb14d1c90f301f,master,H30_joint_native,lock,3.0,114.9,260,0.3939393939393939,0.12407120816118453,0.0828139283954206,-0.007216244865777984,0.33029452631737455,0.21989412805138006,0.21484362299999304,0,
original,30639_dce52be4,70bb14d1c90f301f,rover,baseline_v8,lock,3.0,114.9,260,0.3939393939393939,0.12821074319389306,0.08274757084776008,-0.013355604533646554,0.35490985725280955,0.22919062151453962,0.21484362299999304,0,
original,30639_dce52be4,70bb14d1c90f301f,rover,H30_joint_native,lock,3.0,114.9,260,0.3939393939393939,0.12472315555784698,0.08078903744008879,-0.011931629481162598,0.34513225753359894,0.22304000587731795,0.21484362299999304,0,
original,30639_e4379d7f,a0c46036cc19092a,master,baseline_v8,bias,5.0,165.5,0,0.0,,,,,,,0,
original,30639_e4379d7f,a0c46036cc19092a,master,H30_joint_native,bias,5.0,165.5,0,0.0,,,,,,,0,
original,30639_e4379d7f,a0c46036cc19092a,rover,baseline_v8,bias,5.0,165.5,116,0.1657142857142857,0.09691170545430397,0.0830014364560184,0.05473588549175669,0.16540547848235843,0.07437063789617557,,0,
original,30639_e4379d7f,a0c46036cc19092a,rover,H30_joint_native,bias,5.0,165.5,116,0.1657142857142857,0.09670207488500049,0.08294875643621141,0.056880088352425834,0.16525145329060797,0.0749086810988515,,0,
original,30639_e4379d7f,a0c46036cc19092a,master,baseline_v8,dropout,5.0,165.5,0,0.0,,,,,,,0,
original,30639_e4379d7f,a0c46036cc19092a,master,H30_joint_native,dropout,5.0,165.5,0,0.0,,,,,,,0,
original,30639_e4379d7f,a0c46036cc19092a,rover,baseline_v8,dropout,5.0,165.5,116,0.1657142857142857,0.21325647752245103,0.15643809018861574,0.1445778165967107,0.5083867434338583,0.34011946552944894,,0,
original,30639_e4379d7f,a0c46036cc19092a,rover,H30_joint_native,dropout,5.0,165.5,116,0.1657142857142857,0.24790592357737182,0.17888530085028015,0.17324745861617086,0.5914673717808829,0.40579629503494913,,0,
original,30639_e4379d7f,a0c46036cc19092a,master,baseline_v8,dropout,10.0,165.5,0,0.0,,,,,,,0,
original,30639_e4379d7f,a0c46036cc19092a,master,H30_joint_native,dropout,10.0,165.5,0,0.0,,,,,,,0,
original,30639_e4379d7f,a0c46036cc19092a,rover,baseline_v8,dropout,10.0,165.5,154,0.1925,0.2621641060383793,0.21592306113842596,0.2097055298683478,0.5051663280522861,0.3504594682056353,,0,
original,30639_e4379d7f,a0c46036cc19092a,rover,H30_joint_native,dropout,10.0,165.5,154,0.1925,0.30674253887148517,0.25112744813731414,0.2481572150842873,0.5837564184248086,0.41593781949101666,,0,
original,30639_e4379d7f,a0c46036cc19092a,master,baseline_v8,lock,3.0,165.5,0,0.0,,,,,,,0,
original,30639_e4379d7f,a0c46036cc19092a,master,H30_joint_native,lock,3.0,165.5,0,0.0,,,,,,,0,
original,30639_e4379d7f,a0c46036cc19092a,rover,baseline_v8,lock,3.0,165.5,100,0.15151515151515152,0.12186167910499171,0.09838491179439326,0.0848236816388249,0.24437122371621567,0.15777796614564962,,0,
original,30639_e4379d7f,a0c46036cc19092a,rover,H30_joint_native,lock,3.0,165.5,100,0.15151515151515152,0.1440830759528163,0.11302390213995883,0.10608950727902344,0.3274475738797958,0.2138689918682068,,0,
low_speed,30618_0652866c,8269991eafa82c45,master,baseline_v8,lock,3.0,154.8,260,0.39334341906202724,0.05436590422542384,0.034831587879927364,0.0017572846107018541,0.1095621563944469,0.0920218993596373,0.006501137999975981,0,
low_speed,30618_0652866c,8269991eafa82c45,master,H30_joint_native,lock,3.0,154.8,260,0.39334341906202724,0.05764252740677292,0.035904997338399365,0.00495945810266251,0.12413537734699519,0.09887143380922836,0.006501137999975981,0,
low_speed,30618_0652866c,8269991eafa82c45,rover,baseline_v8,lock,3.0,154.8,260,0.39334341906202724,0.05631120501401634,0.0386968121492629,-0.00025810000468275634,0.12470478168596114,0.09627737726788384,0.006501137999975981,0,
low_speed,30618_0652866c,8269991eafa82c45,rover,H30_joint_native,lock,3.0,154.8,260,0.39334341906202724,0.05921306929242637,0.03916913105292302,0.0029440734872778966,0.13928607444128752,0.10314302311737973,0.006501137999975981,0,
low_speed,30618_0652866c,8269991eafa82c45,master,baseline_v8,lock,5.0,154.8,300,0.42796005706134094,0.10988723082069704,0.06594383893629725,0.04016912670202503,0.27788537735127355,0.17626223609843092,0.2065011379999646,0,
low_speed,30618_0652866c,8269991eafa82c45,master,H30_joint_native,lock,5.0,154.8,300,0.42796005706134094,0.11580727601115398,0.06831468399260016,0.04324942291927944,0.2924895965994312,0.18672572777645852,0.2065011379999646,0,
low_speed,30618_0652866c,8269991eafa82c45,rover,baseline_v8,lock,5.0,154.8,300,0.42796005706134094,0.11075014942860598,0.06943393501841442,0.0387157933686917,0.2740781276638454,0.1794936961152468,0.05650113799998735,0,
low_speed,30618_0652866c,8269991eafa82c45,rover,H30_joint_native,lock,5.0,154.8,300,0.42796005706134094,0.11634082420172998,0.0707815779236887,0.041796089585946106,0.28866573859202754,0.18991033627823817,0.15650113799998167,0,
low_speed,30618_073f08d1,8269991eafa82c45,master,baseline_v8,lock,3.0,150.5,260,0.3951367781155015,0.03806123533205146,0.02768459974632363,0.0035844683132585007,0.08360129107069521,0.06105285366127843,0.01578437500000973,0,
low_speed,30618_073f08d1,8269991eafa82c45,master,H30_joint_native,lock,3.0,150.5,260,0.3951367781155015,0.039231534151904446,0.027262516185066532,0.010085369128746136,0.09144469854508963,0.06388040236740496,0.01578437500000973,0,
low_speed,30618_073f08d1,8269991eafa82c45,rover,baseline_v8,lock,3.0,150.5,260,0.3951367781155015,0.038677392359779704,0.02803479580328061,0.0025306221594123524,0.0858136491453216,0.059203205943556964,0.01578437500000973,0,
low_speed,30618_073f08d1,8269991eafa82c45,rover,H30_joint_native,lock,3.0,150.5,260,0.3951367781155015,0.039424957062056655,0.027461540655452588,0.009031522974899987,0.08138862305540749,0.06185267170037289,0.01578437500000973,0,
low_speed,30618_073f08d1,8269991eafa82c45,master,baseline_v8,lock,5.0,150.5,298,0.4263233190271817,0.11504345616835678,0.06316538704329065,0.04119781409795604,0.3110943192061141,0.18288669553364548,0.11578437500000405,0,
low_speed,30618_073f08d1,8269991eafa82c45,master,H30_joint_native,lock,5.0,150.5,298,0.4263233190271817,0.12226066382244644,0.0660963873862806,0.04860863649825634,0.3318587733164789,0.19526728338806787,0.11578437500000405,0,
low_speed,30618_073f08d1,8269991eafa82c45,rover,baseline_v8,lock,5.0,150.5,300,0.4291845493562232,0.11592615224286111,0.06355024338964606,0.0393829053569834,0.30694115709595654,0.18396906659177598,0.11578437500000405,0,
low_speed,30618_073f08d1,8269991eafa82c45,rover,H30_joint_native,lock,5.0,150.5,300,0.4291845493562232,0.12310398043986581,0.06640787645965918,0.04674636737277445,0.32770514893892777,0.19633215922665326,0.11578437500000405,0,
low_speed,30618_117c2d02,664cca45aeb0db23,master,baseline_v8,lock,3.0,140.3,0,0.0,,,,,,,0,
low_speed,30618_117c2d02,664cca45aeb0db23,master,H30_joint_native,lock,3.0,140.3,0,0.0,,,,,,,0,
low_speed,30618_117c2d02,664cca45aeb0db23,rover,baseline_v8,lock,3.0,140.3,0,0.0,,,,,,,0,
low_speed,30618_117c2d02,664cca45aeb0db23,rover,H30_joint_native,lock,3.0,140.3,0,0.0,,,,,,,0,
low_speed,30618_117c2d02,664cca45aeb0db23,master,baseline_v8,lock,5.0,140.3,0,0.0,,,,,,,0,
low_speed,30618_117c2d02,664cca45aeb0db23,master,H30_joint_native,lock,5.0,140.3,0,0.0,,,,,,,0,
low_speed,30618_117c2d02,664cca45aeb0db23,rover,baseline_v8,lock,5.0,140.3,0,0.0,,,,,,,0,
low_speed,30618_117c2d02,664cca45aeb0db23,rover,H30_joint_native,lock,5.0,140.3,0,0.0,,,,,,,0,
low_speed,30618_27e994fc,711abb923942f9fe,master,baseline_v8,lock,3.0,223.0,260,0.3939393939393939,0.42112370808063604,0.29459168258874574,0.08440732921100644,0.9566960621428697,0.40974627240174644,0.4500319809999951,0,
low_speed,30618_27e994fc,711abb923942f9fe,master,H30_joint_native,lock,3.0,223.0,260,0.3939393939393939,0.41616030347913163,0.2884657226997939,0.0909446736749204,0.9589481380271007,0.3915592096353762,0.40003198100001214,0,
low_speed,30618_27e994fc,711abb923942f9fe,rover,baseline_v8,lock,3.0,223.0,258,0.39090909090909093,0.42257773763095513,0.29732407300961505,0.0854414945537274,0.9450069604703694,0.4085185872671193,0.5000319810000065,0,
low_speed,30618_27e994fc,711abb923942f9fe,rover,H30_joint_native,lock,3.0,223.0,258,0.39090909090909093,0.41762319521640734,0.2912674314695543,0.09202951610650893,0.9472757914661079,0.3904127907321125,0.4500319809999951,0,
low_speed,30618_27e994fc,711abb923942f9fe,master,baseline_v8,lock,5.0,223.0,300,0.42857142857142855,0.39163683278435346,0.2554320058547869,0.07413505275305166,0.8985082125961281,0.3524427226425713,3.6000319810000008,0,
low_speed,30618_27e994fc,711abb923942f9fe,master,H30_joint_native,lock,5.0,223.0,300,0.42857142857142855,0.38756314421593024,0.2513904120361599,0.0812422167252631,0.8976052024480092,0.33935876494689454,3.6000319810000008,0,
low_speed,30618_27e994fc,711abb923942f9fe,rover,baseline_v8,lock,5.0,223.0,298,0.4257142857142857,0.3928016117713297,0.25851461118140157,0.07398159673126006,0.9195008649081964,0.35144121501149245,3.6000319810000008,0,
low_speed,30618_27e994fc,711abb923942f9fe,rover,H30_joint_native,lock,5.0,223.0,298,0.4257142857142857,0.38874993924330986,0.2545026488718877,0.08113645979053333,0.9197256859191958,0.3384491433695405,3.6000319810000008,0,
low_speed,30618_3e012faf,664cca45aeb0db23,master,baseline_v8,lock,3.0,102.30000000000001,0,0.0,,,,,,,0,
low_speed,30618_3e012faf,664cca45aeb0db23,master,H30_joint_native,lock,3.0,102.30000000000001,0,0.0,,,,,,,0,
low_speed,30618_3e012faf,664cca45aeb0db23,rover,baseline_v8,lock,3.0,102.30000000000001,0,0.0,,,,,,,0,
low_speed,30618_3e012faf,664cca45aeb0db23,rover,H30_joint_native,lock,3.0,102.30000000000001,0,0.0,,,,,,,0,
low_speed,30618_3e012faf,664cca45aeb0db23,master,baseline_v8,lock,5.0,102.30000000000001,0,0.0,,,,,,,0,
low_speed,30618_3e012faf,664cca45aeb0db23,master,H30_joint_native,lock,5.0,102.30000000000001,0,0.0,,,,,,,0,
low_speed,30618_3e012faf,664cca45aeb0db23,rover,baseline_v8,lock,5.0,102.30000000000001,0,0.0,,,,,,,0,
low_speed,30618_3e012faf,664cca45aeb0db23,rover,H30_joint_native,lock,5.0,102.30000000000001,0,0.0,,,,,,,0,
low_speed,30618_46e21b9b,664cca45aeb0db23,master,baseline_v8,lock,3.0,140.3,0,0.0,,,,,,,0,
low_speed,30618_46e21b9b,664cca45aeb0db23,master,H30_joint_native,lock,3.0,140.3,0,0.0,,,,,,,0,
low_speed,30618_46e21b9b,664cca45aeb0db23,rover,baseline_v8,lock,3.0,140.3,0,0.0,,,,,,,0,
low_speed,30618_46e21b9b,664cca45aeb0db23,rover,H30_joint_native,lock,3.0,140.3,0,0.0,,,,,,,0,
low_speed,30618_46e21b9b,664cca45aeb0db23,master,baseline_v8,lock,5.0,140.3,0,0.0,,,,,,,0,
low_speed,30618_46e21b9b,664cca45aeb0db23,master,H30_joint_native,lock,5.0,140.3,0,0.0,,,,,,,0,
low_speed,30618_46e21b9b,664cca45aeb0db23,rover,baseline_v8,lock,5.0,140.3,0,0.0,,,,,,,0,
low_speed,30618_46e21b9b,664cca45aeb0db23,rover,H30_joint_native,lock,5.0,140.3,0,0.0,,,,,,,0,
low_speed,30618_88548b02,711abb923942f9fe,master,baseline_v8,lock,3.0,186.3,246,0.37272727272727274,0.08593340572041375,0.06732991630650736,-0.06543238325914912,0.18585347867702168,0.14623767315875313,8.07449999911114e-05,0,
low_speed,30618_88548b02,711abb923942f9fe,master,H30_joint_native,lock,3.0,186.3,246,0.37272727272727274,0.07625932993400714,0.06078373540659923,-0.05806100324101796,0.16346459346707037,0.1253009167058018,8.07449999911114e-05,0,
low_speed,30618_88548b02,711abb923942f9fe,rover,baseline_v8,lock,3.0,186.3,260,0.3939393939393939,0.08455454894867821,0.06610546027121117,-0.0629747248329307,0.18140537662154277,0.14653425427532557,8.07449999911114e-05,0,
low_speed,30618_88548b02,711abb923942f9fe,rover,H30_joint_native,lock,3.0,186.3,260,0.3939393939393939,0.074794215995954,0.05952891603142555,-0.0558207231471621,0.15901440301394978,0.125551777217628,8.07449999911114e-05,0,
low_speed,30618_88548b02,711abb923942f9fe,master,baseline_v8,lock,5.0,186.3,286,0.4085714285714286,0.10034100446141345,0.08179756451712152,-0.08087089994792773,0.19926933834753402,0.15840979614916567,8.07449999911114e-05,0,
low_speed,30618_88548b02,711abb923942f9fe,master,H30_joint_native,lock,5.0,186.3,286,0.4085714285714286,0.08969441113141459,0.07429132823782816,-0.07322100437362629,0.17688272764999957,0.13717073999892673,8.07449999911114e-05,0,
low_speed,30618_88548b02,711abb923942f9fe,rover,baseline_v8,lock,5.0,186.3,300,0.42857142857142855,0.10437830954972493,0.0859552449050447,-0.08511144506254498,0.197970494339012,0.15822860149259207,8.07449999911114e-05,0,
low_speed,30618_88548b02,711abb923942f9fe,rover,H30_joint_native,lock,5.0,186.3,300,0.42857142857142855,0.09301936880457881,0.07771937513247511,-0.0767734260160562,0.1755810715288828,0.13687164120045903,8.07449999911114e-05,0,
low_speed,30618_bcc9e7a2,664cca45aeb0db23,master,baseline_v8,lock,3.0,102.30000000000001,0,0.0,,,,,,,0,
low_speed,30618_bcc9e7a2,664cca45aeb0db23,master,H30_joint_native,lock,3.0,102.30000000000001,0,0.0,,,,,,,0,
low_speed,30618_bcc9e7a2,664cca45aeb0db23,rover,baseline_v8,lock,3.0,102.30000000000001,0,0.0,,,,,,,0,
low_speed,30618_bcc9e7a2,664cca45aeb0db23,rover,H30_joint_native,lock,3.0,102.30000000000001,0,0.0,,,,,,,0,
low_speed,30618_bcc9e7a2,664cca45aeb0db23,master,baseline_v8,lock,5.0,102.30000000000001,0,0.0,,,,,,,0,
low_speed,30618_bcc9e7a2,664cca45aeb0db23,master,H30_joint_native,lock,5.0,102.30000000000001,0,0.0,,,,,,,0,
low_speed,30618_bcc9e7a2,664cca45aeb0db23,rover,baseline_v8,lock,5.0,102.30000000000001,0,0.0,,,,,,,0,
low_speed,30618_bcc9e7a2,664cca45aeb0db23,rover,H30_joint_native,lock,5.0,102.30000000000001,0,0.0,,,,,,,0,
low_speed,30639_0ab96c59,2cd82bc27dbad052,master,baseline_v8,lock,3.0,53.900000000000006,260,0.3939393939393939,1.2380960405461425,1.2158247809163567,1.2158247809163567,1.4550414860230378,1.2922899779785115,,0,
low_speed,30639_0ab96c59,2cd82bc27dbad052,master,H30_joint_native,lock,3.0,53.900000000000006,260,0.3939393939393939,1.278462761496684,1.2567519844348565,1.2567519844348565,1.4960642784003695,1.3309717709091582,,0,
low_speed,30639_0ab96c59,2cd82bc27dbad052,rover,baseline_v8,lock,3.0,53.900000000000006,260,0.3939393939393939,1.2369209586420278,1.2145055501471258,1.2145055501471258,1.44503931878707,1.2901426642996663,,0,
low_speed,30639_0ab96c59,2cd82bc27dbad052,rover,H30_joint_native,lock,3.0,53.900000000000006,260,0.3939393939393939,1.2772802889815165,1.2554327536656258,1.2554327536656258,1.4860685633251771,1.3287734998786074,,0,
low_speed,30639_0ab96c59,2cd82bc27dbad052,master,baseline_v8,lock,5.0,53.900000000000006,300,0.42857142857142855,1.2052762470811025,1.182355443701734,1.182355443701734,1.4538911843270232,1.3286073190998942,,0,
low_speed,30639_0ab96c59,2cd82bc27dbad052,master,H30_joint_native,lock,5.0,53.900000000000006,300,0.42857142857142855,1.2456149671836214,1.2233185322266558,1.2233185322266558,1.4949176268977868,1.3682523742383685,,0,
low_speed,30639_0ab96c59,2cd82bc27dbad052,rover,baseline_v8,lock,5.0,53.900000000000006,300,0.42857142857142855,1.204275445735415,1.1812687770350674,1.1812687770350674,1.4417701746645228,1.3255532241489925,,0,
low_speed,30639_0ab96c59,2cd82bc27dbad052,rover,H30_joint_native,lock,5.0,53.900000000000006,300,0.42857142857142855,1.2446088747477035,1.2222318655599893,1.2222318655599893,1.4827903859284717,1.3651689868569328,,0,
low_speed,30639_9c362687,a8a4c11ebcc1dde2,master,baseline_v8,lock,3.0,164.9,260,0.3939393939393939,0.09675649100677287,0.08106870734070674,0.006404289536438911,0.19273264693491488,0.15671868287203106,0.007960325999988527,0,
low_speed,30639_9c362687,a8a4c11ebcc1dde2,master,H30_joint_native,lock,3.0,164.9,260,0.3939393939393939,0.08855470761977571,0.07559912899174884,0.012928678695819687,0.17035022569148325,0.13571984126045375,0.007960325999988527,0,
low_speed,30639_9c362687,a8a4c11ebcc1dde2,rover,baseline_v8,lock,3.0,164.9,260,0.3939393939393939,0.09732460550067397,0.08275948624431773,0.011381212613361936,0.1832502424246291,0.15054648319664893,0.007960325999988527,0,
low_speed,30639_9c362687,a8a4c11ebcc1dde2,rover,H30_joint_native,lock,3.0,164.9,260,0.3939393939393939,0.0897311825173057,0.07757112539432284,0.01790560177274271,0.16089014030108642,0.12964821893268316,0.007960325999988527,0,
low_speed,30639_9c362687,a8a4c11ebcc1dde2,master,baseline_v8,lock,5.0,164.9,300,0.42857142857142855,0.11181899079253377,0.09782268347343197,-0.0071000498053397365,0.20015271420540018,0.1602371130326865,0.007960325999988527,0,
low_speed,30639_9c362687,a8a4c11ebcc1dde2,master,H30_joint_native,lock,5.0,164.9,300,0.42857142857142855,0.10210964719276248,0.0910290929794104,0.002050281911387201,0.17776493306744393,0.13903109817302467,0.007960325999988527,0,
low_speed,30639_9c362687,a8a4c11ebcc1dde2,rover,baseline_v8,lock,5.0,164.9,300,0.42857142857142855,0.11062417825507502,0.09766861896724488,-0.0025700498053398135,0.19300697006148204,0.15356224668614313,0.007960325999988527,0,
low_speed,30639_9c362687,a8a4c11ebcc1dde2,rover,H30_joint_native,lock,5.0,164.9,300,0.42857142857142855,0.1012735193248516,0.09061510141422736,0.006580281911387124,0.1706252909572925,0.13246467377089022,0.007960325999988527,0,
low_speed,30639_c31df386,70bb14d1c90f301f,master,baseline_v8,lock,3.0,138.70000000000002,260,0.39334341906202724,0.10339847011842321,0.08278805594579597,0.07235543516135916,0.19389838001231474,0.1294141478284939,0.2416991319999795,0,
low_speed,30639_c31df386,70bb14d1c90f301f,master,H30_joint_native,lock,3.0,138.70000000000002,260,0.39334341906202724,0.11154298900385763,0.08586526268394606,0.08262785977476662,0.23349553104633602,0.15038396875363771,0.2416991319999795,0,
low_speed,30639_c31df386,70bb14d1c90f301f,rover,baseline_v8,lock,3.0,138.70000000000002,260,0.39334341906202724,0.10438673622755784,0.08366212322766764,0.07207851208443604,0.1965983800123145,0.1303550353740505,0.2416991319999795,0,
low_speed,30639_c31df386,70bb14d1c90f301f,rover,H30_joint_native,lock,3.0,138.70000000000002,260,0.39334341906202724,0.11228162813288539,0.08615207396460245,0.08235093669784349,0.23619553104633578,0.15056267881438165,0.2416991319999795,0,
low_speed,30639_c31df386,70bb14d1c90f301f,master,baseline_v8,lock,5.0,138.70000000000002,300,0.42857142857142855,0.1253492884496435,0.10461745484749528,0.09551102815535473,0.2811664842801231,0.1693024419483614,0.04169913199999087,0,
low_speed,30639_c31df386,70bb14d1c90f301f,master,H30_joint_native,lock,5.0,138.70000000000002,300,0.42857142857142855,0.13848611382926412,0.11222390078505066,0.11001369094914182,0.3207752626606967,0.19751480352919762,0.04169913199999087,0,
low_speed,30639_c31df386,70bb14d1c90f301f,rover,baseline_v8,lock,5.0,138.70000000000002,300,0.42857142857142855,0.12629401008984859,0.1051739863013065,0.0950710281553546,0.27906088790804057,0.1706964853227136,0.04169913199999087,0,
low_speed,30639_c31df386,70bb14d1c90f301f,rover,H30_joint_native,lock,5.0,138.70000000000002,300,0.42857142857142855,0.13922337189314776,0.11223411243206553,0.10957369094914171,0.31867601704800796,0.19849083759693503,0.04169913199999087,0,
low_speed,30639_dce52be4,70bb14d1c90f301f,master,baseline_v8,lock,3.0,135.6,260,0.3945371775417299,0.12815564574045693,0.1120161838822803,0.015451039606404707,0.23118485020188526,0.19455433553326368,0.16478777800000444,0,
low_speed,30639_dce52be4,70bb14d1c90f301f,master,H30_joint_native,lock,3.0,135.6,260,0.3945371775417299,0.10929246429045789,0.10048523437184391,0.03718545554864109,0.17072748265322302,0.13523527905063437,0.014787777999998752,0,
low_speed,30639_dce52be4,70bb14d1c90f301f,rover,baseline_v8,lock,3.0,135.6,260,0.3945371775417299,0.1321387269038812,0.11491920754280366,0.014212578067943186,0.24586739087022375,0.2025189709023154,0.16478777800000444,0,
low_speed,30639_dce52be4,70bb14d1c90f301f,rover,H30_joint_native,lock,3.0,135.6,260,0.3945371775417299,0.11303203178122836,0.10342724489083135,0.035946994010179575,0.18946029936807562,0.1428708657933345,0.014787777999998752,0,
low_speed,30639_dce52be4,70bb14d1c90f301f,master,baseline_v8,lock,5.0,135.6,300,0.42857142857142855,0.14290003521991373,0.1259060120310728,-0.01036065970696909,0.2553979610371368,0.20596208914901082,0.014787777999998752,0,
low_speed,30639_dce52be4,70bb14d1c90f301f,master,H30_joint_native,lock,5.0,135.6,300,0.42857142857142855,0.11829375796043023,0.10981916968989681,0.017199272879741382,0.19251219476602796,0.14604747402213358,0.014787777999998752,0,
low_speed,30639_dce52be4,70bb14d1c90f301f,rover,baseline_v8,lock,5.0,135.6,300,0.42857142857142855,0.14596654381937588,0.12775041524676414,-0.010853993040302368,0.26484694796634056,0.21076573330314977,0.014787777999998752,0,
low_speed,30639_dce52be4,70bb14d1c90f301f,rover,H30_joint_native,lock,5.0,135.6,300,0.42857142857142855,0.1214703276253643,0.1122355788063527,0.01670593954640811,0.20197435501455224,0.15090145768027993,0.014787777999998752,0,
low_speed,30639_e4379d7f,a0c46036cc19092a,master,baseline_v8,lock,3.0,164.5,0,0.0,,,,,,,0,
low_speed,30639_e4379d7f,a0c46036cc19092a,master,H30_joint_native,lock,3.0,164.5,0,0.0,,,,,,,0,
low_speed,30639_e4379d7f,a0c46036cc19092a,rover,baseline_v8,lock,3.0,164.5,100,0.15151515151515152,0.11968274036660849,0.09529557414384301,0.00831337385306636,0.2100402904914383,0.18793198027346106,,0,
low_speed,30639_e4379d7f,a0c46036cc19092a,rover,H30_joint_native,lock,3.0,164.5,100,0.15151515151515152,0.10280855751945317,0.08414510331349837,0.024784476493190127,0.16492693028525277,0.14171473703544946,,0,
low_speed,30639_e4379d7f,a0c46036cc19092a,master,baseline_v8,lock,5.0,164.5,0,0.0,,,,,,,0,
low_speed,30639_e4379d7f,a0c46036cc19092a,master,H30_joint_native,lock,5.0,164.5,0,0.0,,,,,,,0,
low_speed,30639_e4379d7f,a0c46036cc19092a,rover,baseline_v8,lock,5.0,164.5,116,0.1657142857142857,0.12267908030007216,0.10175498409025381,0.026377311860635213,0.196664658770634,0.16171339566286927,,0,
low_speed,30639_e4379d7f,a0c46036cc19092a,rover,H30_joint_native,lock,5.0,164.5,116,0.1657142857142857,0.1130902314575956,0.09520656117345348,0.05005694606792994,0.20123755866024218,0.13734347271658723,,0,
common_mode,30618_0652866c,8269991eafa82c45,master,baseline_v8,common_bias,0.6999999999999886,156.9,214,0.34910277324632955,0.030451372569739735,0.02262097147056151,-0.013216759642318925,0.06321357865853416,0.06539814000435595,0.006544645999980503,0,
common_mode,30618_0652866c,8269991eafa82c45,master,H30_joint_native,common_bias,0.6999999999999886,156.9,214,0.34910277324632955,0.03031910846016885,0.02260087592365917,-0.013056962169810058,0.06295698816684432,0.06338805041872543,0.006544645999980503,0,
common_mode,30618_0652866c,8269991eafa82c45,rover,baseline_v8,common_bias,0.6999999999999886,156.9,214,0.34910277324632955,0.03239533738266144,0.02617377690777261,-0.014917694221758176,0.062244239820326425,0.03175483687093479,0.006544645999980503,0,
common_mode,30618_0652866c,8269991eafa82c45,rover,H30_joint_native,common_bias,0.6999999999999886,156.9,214,0.34910277324632955,0.032562834905687205,0.026175425053897524,-0.014757896749249308,0.06396040480817311,0.030792521918612325,0.006544645999980503,0,
common_mode,30618_0652866c,8269991eafa82c45,master,baseline_v8,common_bias,1.1999999999999886,156.9,224,0.3595505617977528,0.02988275603004249,0.022268389712053353,-0.011913906430227371,0.05855371384806949,0.05282301142487749,0.006544645999980503,0,
common_mode,30618_0652866c,8269991eafa82c45,master,H30_joint_native,common_bias,1.1999999999999886,156.9,224,0.3595505617977528,0.030003652531756096,0.022436575130051647,-0.012129044550117676,0.06234122050884004,0.05172077510424503,0.006544645999980503,0,
common_mode,30618_0652866c,8269991eafa82c45,rover,baseline_v8,common_bias,1.1999999999999886,156.9,224,0.3595505617977528,0.03219612449652356,0.02571362491129051,-0.013869263573084514,0.06828831372487933,0.03949846268716453,0.006544645999980503,0,
common_mode,30618_0652866c,8269991eafa82c45,rover,H30_joint_native,common_bias,1.1999999999999886,156.9,224,0.3595505617977528,0.0313686057018609,0.02511816406303299,-0.014084401692974816,0.06192942561347925,0.038790640471750217,0.006544645999980503,0,
common_mode,30618_073f08d1,8269991eafa82c45,master,baseline_v8,common_bias,0.7000000000000028,127.60000000000001,210,0.34146341463414637,0.0999010108673295,0.07474577733638132,-0.07462376065793772,0.21031148823981932,0.2475273370416084,0.11578216399999519,0,
common_mode,30618_073f08d1,8269991eafa82c45,master,H30_joint_native,common_bias,0.7000000000000028,127.60000000000001,210,0.34146341463414637,0.1029206667720055,0.07529385027465084,-0.07510548610411168,0.22814328778719487,0.2641257901902221,0.11578216399999519,0,
common_mode,30618_073f08d1,8269991eafa82c45,rover,baseline_v8,common_bias,0.7000000000000028,127.60000000000001,184,0.2991869918699187,0.09440335436387835,0.0730220803253249,-0.07289245409183437,0.19441154315733844,0.21593545283248264,0.11578216399999519,0,
common_mode,30618_073f08d1,8269991eafa82c45,rover,H30_joint_native,common_bias,0.7000000000000028,127.60000000000001,184,0.2991869918699187,0.0975741805303035,0.07379015590911046,-0.07355874331361041,0.21174409890574225,0.23257057698009934,0.11578216399999519,0,
common_mode,30618_073f08d1,8269991eafa82c45,master,baseline_v8,common_bias,1.2000000000000028,127.60000000000001,220,0.3525641025641026,0.15018442334399731,0.09583966334778812,-0.09570067645826304,0.3635712617984321,0.36956572207888216,0.11578216399999519,0,
common_mode,30618_073f08d1,8269991eafa82c45,master,H30_joint_native,common_bias,1.2000000000000028,127.60000000000001,220,0.3525641025641026,0.15473198828189494,0.09678471437592745,-0.09660637294187902,0.3814030613457973,0.385899727201428,0.11578216399999519,0,
common_mode,30618_073f08d1,8269991eafa82c45,rover,baseline_v8,common_bias,1.2000000000000028,127.60000000000001,194,0.3108974358974359,0.14755543916178074,0.09658077650197798,-0.09645783203310039,0.3583220729169799,0.33595829425397933,2.365782163999995,0,
common_mode,30618_073f08d1,8269991eafa82c45,rover,H30_joint_native,common_bias,1.2000000000000028,127.60000000000001,194,0.3108974358974359,0.15240392993627727,0.09781243322979992,-0.09759294911860399,0.3761538724643427,0.3521463864554604,2.365782163999995,0,
common_mode,30618_117c2d02,664cca45aeb0db23,master,baseline_v8,common_bias,0.6999999999999886,141.4,0,0.0,,,,,,,0,
common_mode,30618_117c2d02,664cca45aeb0db23,master,H30_joint_native,common_bias,0.6999999999999886,141.4,0,0.0,,,,,,,0,
common_mode,30618_117c2d02,664cca45aeb0db23,rover,baseline_v8,common_bias,0.6999999999999886,141.4,0,0.0,,,,,,,0,
common_mode,30618_117c2d02,664cca45aeb0db23,rover,H30_joint_native,common_bias,0.6999999999999886,141.4,0,0.0,,,,,,,0,
common_mode,30618_117c2d02,664cca45aeb0db23,master,baseline_v8,common_bias,1.1999999999999886,141.4,0,0.0,,,,,,,0,
common_mode,30618_117c2d02,664cca45aeb0db23,master,H30_joint_native,common_bias,1.1999999999999886,141.4,0,0.0,,,,,,,0,
common_mode,30618_117c2d02,664cca45aeb0db23,rover,baseline_v8,common_bias,1.1999999999999886,141.4,0,0.0,,,,,,,0,
common_mode,30618_117c2d02,664cca45aeb0db23,rover,H30_joint_native,common_bias,1.1999999999999886,141.4,0,0.0,,,,,,,0,
common_mode,30618_27e994fc,711abb923942f9fe,master,baseline_v8,common_bias,0.6999999999999886,190.10000000000002,214,0.3485342019543974,0.31317395315145524,0.2489294976415219,0.22600550649617535,0.5233672072522925,0.0577324342706333,3.517499999361462e-05,0,
common_mode,30618_27e994fc,711abb923942f9fe,master,H30_joint_native,common_bias,0.6999999999999886,190.10000000000002,214,0.3485342019543974,0.3140456058101423,0.2531087077046573,0.2215283476233499,0.523229454372188,0.09184823882973027,3.517499999361462e-05,0,
common_mode,30618_27e994fc,711abb923942f9fe,rover,baseline_v8,common_bias,0.6999999999999886,190.10000000000002,206,0.3355048859934853,0.31836524581650694,0.2538865193417001,0.2342489063361833,0.5287067710970963,0.05965449416011929,3.517499999361462e-05,0,
common_mode,30618_27e994fc,711abb923942f9fe,rover,H30_joint_native,common_bias,0.6999999999999886,190.10000000000002,206,0.3355048859934853,0.31902510778737464,0.2571706446001669,0.2299669256622632,0.5290489767826878,0.0908382792219928,3.517499999361462e-05,0,
common_mode,30618_27e994fc,711abb923942f9fe,master,baseline_v8,common_bias,1.1999999999999886,190.10000000000002,224,0.358974358974359,0.36088385528003886,0.27685321889188547,0.25790152013610884,0.6442204525594434,0.04895957205549318,3.517499999361462e-05,0,
common_mode,30618_27e994fc,711abb923942f9fe,master,H30_joint_native,common_bias,1.1999999999999886,190.10000000000002,224,0.358974358974359,0.3581472165619424,0.28051425341776876,0.2507524651261763,0.6444845672064698,0.08196932435605525,3.517499999361462e-05,0,
common_mode,30618_27e994fc,711abb923942f9fe,rover,baseline_v8,common_bias,1.1999999999999886,190.10000000000002,216,0.34615384615384615,0.36765240603189253,0.2830774019947064,0.26715736860628514,0.6772438275029443,0.04826109389260298,3.517499999361462e-05,0,
common_mode,30618_27e994fc,711abb923942f9fe,rover,H30_joint_native,common_bias,1.1999999999999886,190.10000000000002,216,0.34615384615384615,0.36452902658726377,0.2855874605250669,0.2600957039368078,0.6774659296634793,0.07695804321290645,3.517499999361462e-05,0,
common_mode,30618_3e012faf,664cca45aeb0db23,master,baseline_v8,common_bias,0.7000000000000028,102.7,0,0.0,,,,,,,0,
common_mode,30618_3e012faf,664cca45aeb0db23,master,H30_joint_native,common_bias,0.7000000000000028,102.7,0,0.0,,,,,,,0,
common_mode,30618_3e012faf,664cca45aeb0db23,rover,baseline_v8,common_bias,0.7000000000000028,102.7,0,0.0,,,,,,,0,
common_mode,30618_3e012faf,664cca45aeb0db23,rover,H30_joint_native,common_bias,0.7000000000000028,102.7,0,0.0,,,,,,,0,
common_mode,30618_3e012faf,664cca45aeb0db23,master,baseline_v8,common_bias,1.2000000000000028,102.7,0,0.0,,,,,,,0,
common_mode,30618_3e012faf,664cca45aeb0db23,master,H30_joint_native,common_bias,1.2000000000000028,102.7,0,0.0,,,,,,,0,
common_mode,30618_3e012faf,664cca45aeb0db23,rover,baseline_v8,common_bias,1.2000000000000028,102.7,0,0.0,,,,,,,0,
common_mode,30618_3e012faf,664cca45aeb0db23,rover,H30_joint_native,common_bias,1.2000000000000028,102.7,0,0.0,,,,,,,0,
common_mode,30618_46e21b9b,664cca45aeb0db23,master,baseline_v8,common_bias,0.6999999999999886,141.4,0,0.0,,,,,,,0,
common_mode,30618_46e21b9b,664cca45aeb0db23,master,H30_joint_native,common_bias,0.6999999999999886,141.4,0,0.0,,,,,,,0,
common_mode,30618_46e21b9b,664cca45aeb0db23,rover,baseline_v8,common_bias,0.6999999999999886,141.4,0,0.0,,,,,,,0,
common_mode,30618_46e21b9b,664cca45aeb0db23,rover,H30_joint_native,common_bias,0.6999999999999886,141.4,0,0.0,,,,,,,0,
common_mode,30618_46e21b9b,664cca45aeb0db23,master,baseline_v8,common_bias,1.1999999999999886,141.4,0,0.0,,,,,,,0,
common_mode,30618_46e21b9b,664cca45aeb0db23,master,H30_joint_native,common_bias,1.1999999999999886,141.4,0,0.0,,,,,,,0,
common_mode,30618_46e21b9b,664cca45aeb0db23,rover,baseline_v8,common_bias,1.1999999999999886,141.4,0,0.0,,,,,,,0,
common_mode,30618_46e21b9b,664cca45aeb0db23,rover,H30_joint_native,common_bias,1.1999999999999886,141.4,0,0.0,,,,,,,0,
common_mode,30618_5036aa78,664cca45aeb0db23,master,baseline_v8,common_bias,0.6999999999999993,25.1,0,0.0,,,,,,,0,
common_mode,30618_5036aa78,664cca45aeb0db23,master,H30_joint_native,common_bias,0.6999999999999993,25.1,0,0.0,,,,,,,0,
common_mode,30618_5036aa78,664cca45aeb0db23,rover,baseline_v8,common_bias,0.6999999999999993,25.1,0,0.0,,,,,,,0,
common_mode,30618_5036aa78,664cca45aeb0db23,rover,H30_joint_native,common_bias,0.6999999999999993,25.1,0,0.0,,,,,,,0,
common_mode,30618_5036aa78,664cca45aeb0db23,master,baseline_v8,common_bias,1.1999999999999993,25.1,0,0.0,,,,,,,0,
common_mode,30618_5036aa78,664cca45aeb0db23,master,H30_joint_native,common_bias,1.1999999999999993,25.1,0,0.0,,,,,,,0,
common_mode,30618_5036aa78,664cca45aeb0db23,rover,baseline_v8,common_bias,1.1999999999999993,25.1,0,0.0,,,,,,,0,
common_mode,30618_5036aa78,664cca45aeb0db23,rover,H30_joint_native,common_bias,1.1999999999999993,25.1,0,0.0,,,,,,,0,
common_mode,30618_74559c73,664cca45aeb0db23,master,baseline_v8,common_bias,0.7000000000000028,62.800000000000004,0,0.0,,,,,,,0,
common_mode,30618_74559c73,664cca45aeb0db23,master,H30_joint_native,common_bias,0.7000000000000028,62.800000000000004,0,0.0,,,,,,,0,
common_mode,30618_74559c73,664cca45aeb0db23,rover,baseline_v8,common_bias,0.7000000000000028,62.800000000000004,0,0.0,,,,,,,0,
common_mode,30618_74559c73,664cca45aeb0db23,rover,H30_joint_native,common_bias,0.7000000000000028,62.800000000000004,0,0.0,,,,,,,0,
common_mode,30618_74559c73,664cca45aeb0db23,master,baseline_v8,common_bias,1.1999999999999957,62.800000000000004,0,0.0,,,,,,,0,
common_mode,30618_74559c73,664cca45aeb0db23,master,H30_joint_native,common_bias,1.1999999999999957,62.800000000000004,0,0.0,,,,,,,0,
common_mode,30618_74559c73,664cca45aeb0db23,rover,baseline_v8,common_bias,1.1999999999999957,62.800000000000004,0,0.0,,,,,,,0,
common_mode,30618_74559c73,664cca45aeb0db23,rover,H30_joint_native,common_bias,1.1999999999999957,62.800000000000004,0,0.0,,,,,,,0,
common_mode,30618_88548b02,711abb923942f9fe,master,baseline_v8,common_bias,0.7000000000000028,125.60000000000001,210,0.34201954397394135,0.06328350858774814,0.05806749988092538,-0.058008185051231814,0.10024938960194375,0.07244160950160623,2.8616999998121173e-05,0,
common_mode,30618_88548b02,711abb923942f9fe,master,H30_joint_native,common_bias,0.7000000000000028,125.60000000000001,210,0.34201954397394135,0.059068409412580986,0.05375042954259366,-0.05356480727566744,0.09251980366572243,0.034882543058315556,2.8616999998121173e-05,0,
common_mode,30618_88548b02,711abb923942f9fe,rover,baseline_v8,common_bias,0.7000000000000028,125.60000000000001,214,0.3485342019543974,0.06286121814192815,0.057391168455272014,-0.05730417421788815,0.100929979375978,0.07030154940328452,2.8616999998121173e-05,0,
common_mode,30618_88548b02,711abb923942f9fe,rover,H30_joint_native,common_bias,0.7000000000000028,125.60000000000001,214,0.3485342019543974,0.05866051807397697,0.053111549149433404,-0.05294233929769365,0.0930789289209339,0.0323161758705855,2.8616999998121173e-05,0,
common_mode,30618_88548b02,711abb923942f9fe,master,baseline_v8,common_bias,1.2000000000000028,125.60000000000001,214,0.34294871794871795,0.06766168483567106,0.06221962118463211,-0.06221872874192483,0.105326598751404,0.08983866314050151,2.8616999998121173e-05,0,
common_mode,30618_88548b02,711abb923942f9fe,master,H30_joint_native,common_bias,1.2000000000000028,125.60000000000001,214,0.34294871794871795,0.06053017714191503,0.05530382753187086,-0.0551283246602535,0.09594134725276565,0.04918625661440994,2.8616999998121173e-05,0,
common_mode,30618_88548b02,711abb923942f9fe,rover,baseline_v8,common_bias,1.2000000000000028,125.60000000000001,224,0.358974358974359,0.06767702995345094,0.061727504288973375,-0.061676491513739794,0.10938062299939072,0.09165584420293764,2.8616999998121173e-05,0,
common_mode,30618_88548b02,711abb923942f9fe,rover,H30_joint_native,common_bias,1.2000000000000028,125.60000000000001,224,0.358974358974359,0.060694987238671214,0.05504199964616508,-0.054898019492485114,0.09486079602265639,0.05121004354802917,2.8616999998121173e-05,0,
common_mode,30618_bcc9e7a2,664cca45aeb0db23,master,baseline_v8,common_bias,0.7000000000000028,102.7,0,0.0,,,,,,,0,
common_mode,30618_bcc9e7a2,664cca45aeb0db23,master,H30_joint_native,common_bias,0.7000000000000028,102.7,0,0.0,,,,,,,0,
common_mode,30618_bcc9e7a2,664cca45aeb0db23,rover,baseline_v8,common_bias,0.7000000000000028,102.7,0,0.0,,,,,,,0,
common_mode,30618_bcc9e7a2,664cca45aeb0db23,rover,H30_joint_native,common_bias,0.7000000000000028,102.7,0,0.0,,,,,,,0,
common_mode,30618_bcc9e7a2,664cca45aeb0db23,master,baseline_v8,common_bias,1.2000000000000028,102.7,0,0.0,,,,,,,0,
common_mode,30618_bcc9e7a2,664cca45aeb0db23,master,H30_joint_native,common_bias,1.2000000000000028,102.7,0,0.0,,,,,,,0,
common_mode,30618_bcc9e7a2,664cca45aeb0db23,rover,baseline_v8,common_bias,1.2000000000000028,102.7,0,0.0,,,,,,,0,
common_mode,30618_bcc9e7a2,664cca45aeb0db23,rover,H30_joint_native,common_bias,1.2000000000000028,102.7,0,0.0,,,,,,,0,
common_mode,30639_9c362687,a8a4c11ebcc1dde2,master,baseline_v8,common_bias,0.6999999999999886,136.0,214,0.34796747967479674,0.08011374075236521,0.07450835595410124,0.07450835595410124,0.12784468641506005,0.08804961654077817,0.007980079000020623,0,
common_mode,30639_9c362687,a8a4c11ebcc1dde2,master,H30_joint_native,common_bias,0.6999999999999886,136.0,214,0.34796747967479674,0.07994163437647918,0.07432560281871059,0.07432560281871059,0.1278647057988909,0.08654140424869262,0.007980079000020623,0,
common_mode,30639_9c362687,a8a4c11ebcc1dde2,rover,baseline_v8,common_bias,0.6999999999999886,136.0,214,0.34796747967479674,0.08819059555939007,0.08181209427185825,0.08181209427185825,0.13871540315103761,0.0893603101740505,0.007980079000020623,0,
common_mode,30639_9c362687,a8a4c11ebcc1dde2,rover,H30_joint_native,common_bias,0.6999999999999886,136.0,214,0.34796747967479674,0.08807799740538386,0.0816293411364676,0.0816293411364676,0.1391069931779543,0.08790783711580907,0.007980079000020623,0,
common_mode,30639_9c362687,a8a4c11ebcc1dde2,master,baseline_v8,common_bias,1.1999999999999886,136.0,224,0.358974358974359,0.07763472831370798,0.07105724157898861,0.06815410029628034,0.12708264434590175,0.06872051625786546,0.007980079000020623,0,
common_mode,30639_9c362687,a8a4c11ebcc1dde2,master,H30_joint_native,common_bias,1.1999999999999886,136.0,224,0.358974358974359,0.07749622361446966,0.07096373866427944,0.06791701319077773,0.12700206893948857,0.06762783033410784,0.007980079000020623,0,
common_mode,30639_9c362687,a8a4c11ebcc1dde2,rover,baseline_v8,common_bias,1.1999999999999886,136.0,224,0.358974358974359,0.08501030654171518,0.07747119185990162,0.07536392172485176,0.13712852831181202,0.07119838126818671,0.007980079000020623,0,
common_mode,30639_9c362687,a8a4c11ebcc1dde2,rover,H30_joint_native,common_bias,1.1999999999999886,136.0,224,0.358974358974359,0.08491932498946587,0.07734804197854027,0.07512683461934914,0.13768916145939078,0.07018075627781474,0.007980079000020623,0,
common_mode,30639_c31df386,70bb14d1c90f301f,master,baseline_v8,common_bias,0.6999999999999886,142.4,214,0.3485342019543974,0.09648539961145805,0.08764326308426462,0.06867949171427071,0.13935607416965165,0.11633075723432958,0.04167189599999688,0,
common_mode,30639_c31df386,70bb14d1c90f301f,master,H30_joint_native,common_bias,0.6999999999999886,142.4,214,0.3485342019543974,0.0945150315327669,0.08613334132062678,0.07183977584336543,0.13869076759298096,0.0940681840379872,0.04167189599999688,0,
common_mode,30639_c31df386,70bb14d1c90f301f,rover,baseline_v8,common_bias,0.6999999999999886,142.4,214,0.3485342019543974,0.09729802115261549,0.08843842510134713,0.06869351040585936,0.15103051234675594,0.11928734939992217,0.04167189599999688,0,
common_mode,30639_c31df386,70bb14d1c90f301f,rover,H30_joint_native,common_bias,0.6999999999999886,142.4,214,0.3485342019543974,0.09521694425482823,0.08676999481602819,0.0718537945349541,0.15029966112434132,0.09582890477653311,0.04167189599999688,0,
common_mode,30639_c31df386,70bb14d1c90f301f,master,baseline_v8,common_bias,1.1999999999999886,142.4,224,0.358974358974359,0.10930861742663989,0.09810749263135898,0.05700126289093198,0.18245635344540312,0.17156192957575112,0.14167189600001961,0,
common_mode,30639_c31df386,70bb14d1c90f301f,master,H30_joint_native,common_bias,1.1999999999999886,142.4,224,0.358974358974359,0.10463607306984986,0.09450000003714365,0.06220102068270238,0.16771076897304746,0.14841916605587835,0.14167189600001961,0,
common_mode,30639_c31df386,70bb14d1c90f301f,rover,baseline_v8,common_bias,1.1999999999999886,142.4,224,0.358974358974359,0.11014256533105686,0.09876342410206575,0.056782512890931836,0.1816062225511223,0.17311595808078561,0.14167189600001961,0,
common_mode,30639_c31df386,70bb14d1c90f301f,rover,H30_joint_native,common_bias,1.1999999999999886,142.4,224,0.358974358974359,0.10538613497319187,0.09497717719691136,0.06198227068270224,0.16723206580341166,0.14961837510735335,0.14167189600001961,0,
common_mode,30639_dce52be4,70bb14d1c90f301f,master,baseline_v8,common_bias,0.7000000000000028,114.9,214,0.3485342019543974,0.06849651940561985,0.05861339456668267,0.053748157280609506,0.12401503919456588,0.09616335801800338,0.014843622999990203,0,
common_mode,30639_dce52be4,70bb14d1c90f301f,master,H30_joint_native,common_bias,0.7000000000000028,114.9,214,0.3485342019543974,0.06911099853359798,0.058885028913816445,0.05527540658591152,0.12382705159090154,0.1048802689641191,0.014843622999990203,0,
common_mode,30639_dce52be4,70bb14d1c90f301f,rover,baseline_v8,common_bias,0.7000000000000028,114.9,214,0.3485342019543974,0.06645797382765863,0.05510623605120313,0.04940236288808613,0.12073209128070327,0.09827672903020326,0.014843622999990203,0,
common_mode,30639_dce52be4,70bb14d1c90f301f,rover,H30_joint_native,common_bias,0.7000000000000028,114.9,214,0.3485342019543974,0.06677180804511483,0.055314267886725645,0.050929612193388166,0.1211292554053238,0.10717350897191004,0.014843622999990203,0,
common_mode,30639_dce52be4,70bb14d1c90f301f,master,baseline_v8,common_bias,1.2000000000000028,114.9,224,0.358974358974359,0.0677681522003046,0.05703204674323871,0.04589898854061742,0.12495614711357228,0.08424585581930806,0.014843622999990203,0,
common_mode,30639_dce52be4,70bb14d1c90f301f,master,H30_joint_native,common_bias,1.2000000000000028,114.9,224,0.358974358974359,0.06811648404738668,0.05756064009301454,0.04770519570636861,0.12400409529071896,0.08945880355154301,0.014843622999990203,0,
common_mode,30639_dce52be4,70bb14d1c90f301f,rover,baseline_v8,common_bias,1.2000000000000028,114.9,224,0.358974358974359,0.06549317416485649,0.05352173281205809,0.04150613139776028,0.12016077024765348,0.08305137931755827,0.014843622999990203,0,
common_mode,30639_dce52be4,70bb14d1c90f301f,rover,H30_joint_native,common_bias,1.2000000000000028,114.9,224,0.358974358974359,0.0660131157320155,0.05417576983815698,0.043312338563511465,0.12165090870054804,0.08836231161169339,0.014843622999990203,0,
common_mode,30639_e4379d7f,a0c46036cc19092a,master,baseline_v8,common_bias,0.6999999999999886,165.5,0,0.0,,,,,,,0,
common_mode,30639_e4379d7f,a0c46036cc19092a,master,H30_joint_native,common_bias,0.6999999999999886,165.5,0,0.0,,,,,,,0,
common_mode,30639_e4379d7f,a0c46036cc19092a,rover,baseline_v8,common_bias,0.6999999999999886,165.5,82,0.13355048859934854,0.08501218857080958,0.0664098247947283,0.0374661491845903,0.1639177418828671,0.034210231864872154,,0,
common_mode,30639_e4379d7f,a0c46036cc19092a,rover,H30_joint_native,common_bias,0.6999999999999886,165.5,82,0.13355048859934854,0.08433419406561124,0.06975645107858482,0.04691139062209368,0.14678059567381316,0.07788367745216405,,0,
common_mode,30639_e4379d7f,a0c46036cc19092a,master,baseline_v8,common_bias,1.1999999999999886,165.5,0,0.0,,,,,,,0,
common_mode,30639_e4379d7f,a0c46036cc19092a,master,H30_joint_native,common_bias,1.1999999999999886,165.5,0,0.0,,,,,,,0,
common_mode,30639_e4379d7f,a0c46036cc19092a,rover,baseline_v8,common_bias,1.1999999999999886,165.5,86,0.13782051282051283,0.08639699384820808,0.07117569665571755,0.04158670571502438,0.16030736887644004,0.10361312045378711,,0,
common_mode,30639_e4379d7f,a0c46036cc19092a,rover,H30_joint_native,common_bias,1.1999999999999886,165.5,86,0.13782051282051283,0.08820907156795052,0.07340443880183062,0.05444628860348745,0.16015349093881803,0.0966345288764577,,0,
