source_ns,v_mps,s_m,velocity_received_ns,position_received_ns
1785168872059677832,0.0,0.0,91122502750,91123154609
1785168872109677832,0.0,0.0,91123587589,91123749231
1785168872159677832,0.0,0.0,91182489112,91182929326
1785168872209677832,0.0,0.0,91183379257,91183544567
1785168872259677832,0.0,0.0,91222411546,91222783361
1785168872309677832,0.0,0.0,91272450462,91272669512
1785168872359677832,0.0,0.0,91322362640,91322739525
1785168872409677832,0.0,0.0,91372373915,91372584279
1785168872459677832,0.0,0.0,91422322532,91422670432
1785168872509677832,0.0,0.0,91472394810,91472756046
1785168872559677832,0.0,0.0,91522374786,91522739578
1785168872609677832,0.0,0.0,91572358238,91572707562
1785168872659677832,0.0,0.0,91622432370,91622643756
1785168872709677832,0.0,0.0,91672347345,91672558530
1785168872759677832,0.0,0.0,91722530211,91722934658
1785168872809677832,0.0,0.0,91772368581,91772759362
1785168872859677832,0.0,0.0,91822379957,91822766129
1785168872909677832,0.0,0.0,91872328062,91872542012
1785168872959677832,0.0,0.0,91922377879,91922741799
1785168873009677832,0.0,0.0,91972363505,91972730952
1785168873059677832,0.0,0.0,92022305841,92022677867
1785168873109677832,0.0,0.0,92072457077,92072857115
1785168873159677832,0.0,0.0,92122392791,92122799712
1785168873209677832,0.0,0.0,92172416778,92172797089
1785168873259677832,0.0,0.0,92222379482,92222763861
1785168873309677832,0.0,0.0,92272409221,92272632399
1785168873359677832,0.0,0.0,92322483383,92322693516
1785168873409677832,0.0,0.0,92372442399,92372660758
1785168873459677832,0.0,0.0,92422383212,92422767210
1785168873509677832,0.0,0.0,92472427809,92472819011
1785168873559677832,0.0,0.0,92522421881,92522801441
1785168873609677832,0.0,0.0,92572361151,92572732967
1785168873659677832,0.0,0.0,92622458546,92622665633
1785168873709677832,0.0,0.0,92672469996,92673085056
1785168873759677832,0.0,0.0,92722458124,92723078494
1785168873809677832,0.00109900942515595,2.747523562889865e-05,92772500044,92773116016
1785168873859677832,0.001009923721020098,8.019856428330061e-05,92822418920,92822812246
1785168873909677832,0.003915358779323945,0.00020333062679190122,92872490825,92872700527
1785168873959677832,0.0028113178090699697,0.0003714975415017485,92922371204,92922742449
1785168874009677832,0.007103831931173696,0.0006193762850078392,92972596743,92972916801
1785168874059677832,0.004923489641396156,0.0009200593243220845,93022502320,93023097763
1785168874109677832,0.012183445267154874,0.0013477326970358662,93072399317,93072699799
1785168874159677832,0.02058345747063891,0.002166905265480708,93122398960,93122934792
1785168874209677832,0.009605210060349579,0.0029216219537554176,93172430926,93172855210
1785168874259677832,0.020083063087400446,0.0036638287824491654,93222380422,93222933296
1785168874309677832,0.018641808090336782,0.0046319505618925925,93272492478,93273050612
1785168874359677832,0.031361294724924514,0.005882028132274143,93322417267,93322955664
1785168874409677832,0.025365756329229727,0.007300204408627994,93372483915,93372818541
1785168874459677832,0.04040851741423333,0.008944561252214564,93422671018,93423320143
1785168874509677832,0.030815166395060455,0.010725153347446902,93472653349,93473108530
1785168874559677832,0.04765168758953863,0.012686824697061873,93522447049,93522869079
1785168874609677832,0.06502645862138383,0.015503778352334975,93572458231,93572674706
1785168874659677832,0.08284877155130102,0.019200659106652085,93622385838,93622768394
1785168874709677832,0.040524061183909436,0.022284979925032332,93672438564,93672659427
1785168874759677832,0.059790325014368526,0.024792839579989272,93722365821,93722741974
1785168874809677832,0.041395639211832674,0.027322488685644294,93772667839,93772893922
1785168874859677832,0.061528524949634206,0.029895592789681,93822354556,93822728917
1785168874909677832,0.08175723354404385,0.03347773675202294,93872444705,93872633108
1785168874959677832,0.052440474189842115,0.036832679445370074,93922366846,93922723834
1785168875009677832,0.0734601107192652,0.039980194068097746,93972406063,93972596208
1785168875059677832,0.09445463763700365,0.04417806277700446,94022372971,94022750698
1785168875109677832,0.13050636949166738,0.049802087955221314,94072422808,94072616931
1785168875159677832,0.15121612095831227,0.05684515021647078,94122457386,94122865118
1785168875209677832,0.15090046003840044,0.06439806474138857,94172407856,94172789410
1785168875259677832,0.17171631809983026,0.0724634841948443,94222441593,94222661604
1785168875309677832,0.1859285699358373,0.08140460639573596,94272454140,94272652681
1785168875359677832,0.2072590642145359,0.09123429724949543,94322305124,94322661631
1785168875409677832,0.20461406365818877,0.10153112544631351,94372415414,94372757434
1785168875459677832,0.22692922204246224,0.11231970758882974,94422438453,94422634149
1785168875509677832,0.24957282184186866,0.12423225868593797,94472471819,94472678335
1785168875559677832,0.27250911673535144,0.13728430715036843,94522355475,94522734514
1785168875609677832,0.24201487298380622,0.15014740689334755,94572408588,94572768381
1785168875659677832,0.24482007202784514,0.1623182805186388,94622391476,94622777848
1785168875709677832,0.26719221028000734,0.17511858757633508,94672473112,94672734921
1785168875759677832,0.26216906426502323,0.1883526194399608,94722503151,94722908279
1785168875809677832,0.28419385024782773,0.202011692302782,94772408798,94772903844
1785168875859677832,0.3065987433278096,0.21678150714217315,94822363527,94822743658
1785168875909677832,0.3293413671451167,0.23268000990399623,94872432680,94872640318
1785168875959677832,0.3121137367661917,0.24871638750177888,94922356480,94922740539
1785168876009677832,0.3355456075661927,0.26490787111008846,94972315898,94972666824
1785168876059677832,0.3591916341838619,0.28227630215383975,95022426508,95022626612
1785168876109677832,0.3489094961659452,0.29997883041258516,95072432142,95072626856
1785168876159677832,0.3597319742141215,0.31769486717208645,95122468122,95122662506
1785168876209677832,0.3844242275152101,0.33629877221531995,95172419014,95172608358
1785168876259677832,0.40966887815407815,0.35615109985705246,95222572407,95222800674
1785168876309677832,0.4067514119193957,0.37656160710888886,95272430375,95272847695
1785168876359677832,0.4329506959099148,0.39755415980462194,95322367127,95322742008
1785168876409677832,0.45995651740835125,0.4198768401375781,95372352944,95372729518
1785168876459677832,0.4713006677567132,0.4431582697667051,95422440150,95422801486
1785168876509677832,0.49967014993677994,0.4674325402090427,95472495767,95472902097
1785168876559677832,0.4992787136496765,0.4924062617987036,95522396415,95522778499
1785168876609677832,0.5290795484529558,0.5181152183512698,95572420132,95572799572
1785168876659677832,0.5486888247440513,0.5450594276811944,95622390744,95622708178
1785168876709677832,0.5798467407250021,0.5732728168179211,95672464993,95672802464
1785168876759677832,0.6116084232115416,0.6030591959163352,95722470430,95722801399
1785168876809677832,0.6439025339362077,0.6344469698450282,95772441238,95772755987
1785168876859677832,0.5964926329878737,0.6654568490181307,95822487819,95822797568
1785168876909677832,0.6206886927984772,0.6958863821627888,95872422136,95872746613
1785168876959677832,0.6952888440288281,0.728785820583472,95922625563,95922955821
1785168877009677832,0.730202540731114,0.764423105202471,95972446428,95972769973
1785168877059677832,0.7653988568898112,0.8018131401429934,96022446702,96022765528
1785168877109677832,0.8008442728100791,0.8409692183854912,96072417023,96072731441
1785168877159677832,0.8604317562789623,0.8825011191127163,96122429540,96122728830
1785168877209677832,0.8964536551554597,0.9264232543985775,96172412648,96172704304
1785168877259677832,0.9326460305270685,0.9721507465406414,96222442911,96222999492
1785168877309677832,0.9689885583138029,1.0196916112616623,96272432071,96272741159
1785168877359677832,1.0015742052045848,1.0689556803496225,96322330354,96322674036
1785168877409677832,1.0373453799357353,1.1199286699781295,96372372556,96372718052
1785168877459677832,1.0703519813338258,1.1726211040098693,96422412102,96422766966
1785168877509677832,1.106071221233481,1.2270316840740527,96472371770,96472723478
1785168877559677832,1.141806259760794,1.2832286210989083,96522457955,96522676143
1785168877609677832,1.1775552160105311,1.3412126579931924,96572423914,96572632905
1785168877659677832,1.2136821068485744,1.400993591064671,96622401896,96622832472
1785168877709677832,1.2665290781425702,1.4629988706894481,96672403512,96672781179
1785168877759677832,1.3049853920438743,1.5272867324441102,96722407223,96722797142
1785168877809677832,1.3436996742642586,1.593503859101812,96772396176,96772770696
1785168877859677832,1.3878943539947581,1.6617937098082884,96822391119,96822762063
1785168877909677832,1.4269653298386387,1.7321652019041245,96872362519,96872714217
1785168877959677832,1.442977694230228,1.8039137775058447,96922374516,96922722307
1785168878009677832,1.479053757543542,1.87696456380019,96972358149,96972697273
1785168878059677832,1.530629200191269,1.9522066377435587,97022446437,97022640240
1785168878109677832,1.5704535607743568,2.0297337067677006,97072349870,97072717788
1785168878159677832,1.6103837409321795,2.109254639310365,97122469367,97122685391
1785168878209677832,1.6582003422870417,2.1909692413908437,97172382337,97172574657
1785168878259677832,1.6984580923928168,2.274885702257841,97222316317,97222671031
1785168878309677832,1.7367408521154324,2.360765675870545,97272415336,97272765831
1785168878359677832,1.77647144293649,2.4485959832468445,97322395160,97322579215
1785168878409677832,1.810098857083542,2.5382602407473467,97372385375,97372736702
1785168878459677832,1.849186870439986,2.629742383935433,97422348069,97422555898
1785168878509677832,1.8805037067984989,2.722984648366397,97472453369,97472837307
1785168878559677832,1.918924937227615,2.817970364467048,97522441321,97522643299
1785168878609677832,1.9573798174458998,2.9148779833338874,97572364521,97572726037
1785168878659677832,1.968503631648283,3.0130250695612433,97622460884,97622664465
1785168878709677832,2.0038681919811974,3.112334365151978,97672377951,97672561034
1785168878759677832,2.055198585795308,3.213811034596392,97722377414,97722739531
1785168878809677832,2.0942674565032595,3.3175476856538544,97772583122,97772828060
1785168878859677832,2.13335413238744,3.4232382253761235,97822451659,97822842861
1785168878909677832,2.1724564851303945,3.530883490814071,97872627471,97872870636
1785168878959677832,2.2159819775949297,3.640594452382201,97922434839,97922826883
1785168879009677832,2.2548154605111415,3.7523643883348545,97972406741,97972801359
1785168879059677832,2.2936596437615395,3.866076265941669,98022442401,98022841558
1785168879109677832,2.3179466674664555,3.9813664237223705,98072427247,98072667877
1785168879159677832,2.354749301151221,4.0981838229378145,98122441678,98122831988
1785168879209677832,2.3915592384130138,4.216841536426918,98172380608,98172610507
1785168879259677832,2.428375606228543,4.337339907542958,98222419705,98222800167
1785168879309677832,2.4532018323031584,4.4593793435062485,98272343146,98272718037
1785168879359677832,2.489373649099173,4.5829437305413085,98322520165,98322836627
1785168879409677832,2.5081649716735575,4.707882196060628,98372407468,98372703832
1785168879459677832,2.534716891052759,4.833954242628783,98422407549,98422702832
1785168879509677832,2.568302807943459,4.96152973510369,98472393771,98472707357
1785168879559677832,2.601569756010058,5.090776549202526,98522440852,98522761602
1785168879609677832,2.6345558627650796,5.221679689671906,98572539137,98572917785
1785168879659677832,2.6669436677504397,5.354217177934797,98622561331,98623255530
1785168879709677832,2.700179352660634,5.48839525344507,98672460285,98673053805
1785168879759677832,2.7279959133405485,5.624099635095102,98722491829,98723081291
1785168879809677832,2.7601280815886073,5.761302734968328,98772434755,98773119145
1785168879859677832,2.7921092090672306,5.900108667234726,98822484603,98822865225
1785168879909677832,2.8243721176237764,6.040520700402003,98872432370,98872630681
1785168879959677832,2.850468103225835,6.18239170592324,98922312980,98922666591
1785168880009677832,2.881043104688756,6.325679486121106,98972357807,98972716257
1785168880059677832,2.9042146591595333,6.470310930217311,99022392376,99022680014
1785168880109677832,2.9336116068079665,6.616256586866501,99072382170,99072981391
1785168880159677832,2.9480590271872034,6.763298352716382,99122393606,99122679360
1785168880209677832,2.975152389010146,6.911378638121313,99172396205,99172693090
1785168880259677832,2.99779931466428,7.060702430713175,99222451021,99222760880
1785168880309677832,3.0239788148343907,7.211246883950639,99272395971,99272690593
1785168880359677832,3.061624879571517,7.363386976310789,99322413249,99322977224
1785168880409677832,3.088846932243427,7.5171487716061645,99372502538,99372804122
1785168880459677832,3.1019781567320797,7.671919398830549,99422517101,99422859701
1785168880509677832,3.1253128114686644,7.82760167303557,99472584941,99473297955
1785168880559677832,3.147912256348429,7.984432299730994,99522574856,99523202500
1785168880609677832,3.1698643736999945,8.142376715482207,99572457430,99572772208
1785168880659677832,3.174290352693659,8.300980583642051,99622458466,99622771823
1785168880709677832,3.194275928365871,8.460194740668538,99672427071,99672740006
1785168880759677832,3.1801793654144244,8.619556123013046,99722482619,99722787089
1785168880809677832,3.19424358722403,8.778916696829004,99772441045,99772747028
1785168880859677832,3.2075345523347396,8.938961150317976,99822440719,99822748995
1785168880909677832,3.2201446909536418,9.099653131400187,99872429832,99872722680
1785168880959677832,3.231275142830865,9.260938627244796,99922620614,99922918391
1785168881009677832,3.2437612300216716,9.422814536566111,99972437518,99972980814
1785168881059677832,3.25525254952673,9.58528988105482,100022448630,100022853627
1785168881109677832,3.2743169742047353,9.74852911914811,100072453393,100072655070
1785168881159677832,3.2855204143761743,9.912525053862634,100122474489,100122695653
1785168881209677832,3.2960448699308738,10.077064185970306,100172351490,100172711634
1785168881259677832,3.304960323696215,10.242089315810986,100222401067,100222781789
1785168881309677832,3.279851734301138,10.406709617260915,100272434343,100272621102
1785168881359677832,3.28302994741924,10.570781659303927,100322437335,100322635857
1785168881409677832,3.285109926769868,10.734985156158658,100372421146,100372791869
1785168881459677832,3.261790135379168,10.898657657712379,100422432614,100422656794
1785168881509677832,3.2608093847954422,11.061722645716747,100472548001,100472773913
1785168881559677832,3.2683751212433125,11.224952258367713,100522472877,100522860692
1785168881609677832,3.26883458729338,11.388382501081132,100572466399,100572685368
1785168881659677832,3.282768997780209,11.552172590707974,100622412181,100622793344
1785168881709677832,3.2834671393790624,11.716328494136953,100672459962,100672671367
1785168881759677832,3.2892768143681836,11.880647092980636,100722448615,100722827413
1785168881809677832,3.2891556186327713,12.045107903805658,100772418812,100772770560
1785168881859677832,3.2891766346838205,12.209566210138574,100822447310,100822651612
1785168881909677832,3.2883164528249624,12.374003537326296,100872422277,100872772582
1785168881959677832,3.267618951154029,12.537901922425768,100922396395,100922756238
1785168882009677832,3.2636788809494903,12.701184368228358,100972435091,100972635617
1785168882059677832,3.258429926367091,12.864237088411269,101022397555,101022759783
1785168882109677832,3.265459825511092,13.027334332208225,101072484251,101072800493
1785168882159677832,3.2612712555929937,13.19050260923583,101122419935,101122719485
1785168882209677832,3.2561892988365515,13.353439123096566,101172521466,101173131055
1785168882259677832,3.268914984140526,13.516566730170995,101222566303,101222886442
1785168882309677832,3.2643971510840593,13.679899533551607,101272495264,101272830962
1785168882359677832,3.230783072662429,13.842279039145273,101322425130,101323048405
1785168882409677832,3.2201820737029596,14.003553167804409,101372399586,101372938434
1785168882459677832,3.1717065679785263,14.163350383846442,101422474700,101422789419
1785168882509677832,3.1574936740863357,14.321580389898067,101472434930,101472729311
1785168882559677832,3.1429143182874837,14.47909058970741,101522528860,101523193292
1785168882609677832,3.140651708268536,14.636179740371311,101572449926,101572743505
1785168882659677832,3.1304307239462354,14.792956801176683,101622503640,101622901714
1785168882709677832,3.1209272496648124,14.949240750516957,101672384217,101672739261
1785168882759677832,3.1120555188195134,15.105065319729066,101722381797,101722749034
1785168882809677832,3.110444169441865,15.260627811935597,101772445700,101772824528
1785168882859677832,3.1020630317259283,15.415940491964793,101822640040,101822880220
1785168882909677832,3.09411309426006,15.570844895114446,101872384056,101872762894
1785168882959677832,3.071820995665937,15.724993247362592,101922407243,101922785671
1785168883009677832,3.0622789815740807,15.878345746793595,101972426189,101972646662
1785168883059677832,3.0087906278262837,16.0301224870286,102022403761,102022770487
1785168883109677832,2.99468054126494,16.180209266255883,102072422490,102072626011
1785168883159677832,2.9859853061004156,16.32972591244002,102122635776,102122885012
1785168883209677832,2.9754392099576816,16.478761525341465,102172339716,102172726930
1785168883259677832,2.9650699895635153,16.627274255329496,102222435970,102222806433
1785168883309677832,2.9548565023114683,16.77527241762637,102272597012,102272820390
1785168883359677832,2.957165796194007,16.923072975089006,102322414362,102323051734
1785168883409677832,2.9483443426020113,17.070710728558907,102372577903,102372853929
1785168883459677832,2.952915304577893,17.218242219738404,102422427525,102422964439
1785168883509677832,2.946453790365009,17.365726447111978,102472407652,102472932514
1785168883559677832,2.940964988290869,17.51291191657837,102522435347,102522654467
1785168883609677832,2.936332626508684,17.659844356948362,102572424611,102572780947
1785168883659677832,2.9414139888137485,17.806788022331425,102622447438,102622648624
1785168883709677832,2.9388408452774937,17.953794393183703,102672437653,102672692810
1785168883759677832,2.9374542983026397,18.100701771773206,102722607064,102722833006
1785168883809677832,2.9575079133718427,18.248075827065065,102772430128,102772648897
1785168883859677832,2.960137019343664,18.396016950382954,102822408331,102822785737
1785168883909677832,2.9635760438753764,18.544109776963435,102872388176,102872750614
1785168883959677832,3.003961435740488,18.693298213953828,102922419950,102922789211
1785168884009677832,3.0118047478918633,18.843692368544637,102972487861,102972893289
1785168884059677832,3.0274213674361006,18.994673021427836,103022578343,103022822089
1785168884109677832,3.0357791632186584,19.146253034694208,103072461769,103072836450
1785168884159677832,3.04456551258138,19.29826165158921,103122397102,103122787933
1785168884209677832,3.065606173289448,19.451015943735985,103172419218,103172633469
1785168884259677832,3.076186467093664,19.604560759745556,103222352427,103222706549
1785168884309677832,3.0870592726999315,19.7586419032404,103272459090,103272833030
1785168884359677832,3.0773304617304595,19.91275164660116,103322499710,103322689795
1785168884409677832,3.08548986582755,20.06682215479011,103372466732,103372860668
1785168884459677832,3.09316516506478,20.221288530562422,103422385604,103422608390
1785168884509677832,3.10041422627022,20.376128015345788,103472487949,103472887246
1785168884559677832,3.1480952605032426,20.53234075251513,103522461844,103522863174
1785168884609677832,3.16026044700265,20.690049645202777,103572419539,103572794781
1785168884659677832,3.17213470219136,20.84835952393263,103622382173,103622752595
1785168884709677832,3.1837528021551598,21.007256711541295,103672389792,103672638627
1785168884759677832,3.2018323795394297,21.16689634108365,103722422046,103722792459
1785168884809677832,3.2115814543098216,21.32723168692988,103772454020,103772856362
1785168884859677832,3.201057454882629,21.487547659659697,103822430590,103822640282
1785168884909677832,3.2064117056916817,21.647734388674056,103872391811,103872748909
1785168884959677832,3.173033236897032,21.807220512238775,103922423543,103922781202
1785168885009677832,3.173399580739379,21.965881332679672,103972320074,103972666051
1785168885059677832,3.173125804554377,22.124544467312017,104022319647,104022664732
1785168885109677832,3.1722884242348393,22.28317982303175,104072403738,104072753212
1785168885159677832,3.160290039297885,22.441494284620074,104122462101,104122656044
1785168885209677832,3.1595100956989945,22.599489287995,104172419577,104172609552
1785168885259677832,3.1583454607367205,22.75743567690588,104222386879,104222728638
1785168885309677832,3.156842117979564,22.91531536637379,104272441136,104272823821
1785168885359677832,3.176478465436582,23.0736483809592,104322413878,104322893526
1785168885409677832,3.1775807948533537,23.232499862466447,104372393624,104372837174
1785168885459677832,3.161459080168061,23.39097585934199,104422430828,104422787956
1785168885509677832,3.158853570084054,23.54898367559828,104472432735,104472796846
1785168885559677832,3.156068838970533,23.706856735824648,104522448519,104522652520
1785168885609677832,3.1531263097739743,23.86458661454326,104572442932,104572791093
1785168885659677832,3.1435421721896275,24.022003326592355,104622482841,104622868812
1785168885709677832,3.14051642756619,24.17910479158625,104672567773,104672779609
1785168885759677832,3.1429376294612426,24.336191143011927,104722416434,104722805312
1785168885809677832,3.1407495197208903,24.493283321741483,104772765223,104773109397
1785168885859677832,3.1521774012824304,24.650606494766567,104822529617,104822891313
1785168885909677832,3.1513746061502887,24.80819529495239,104872457225,104872658992
1785168885959677832,3.164534668360314,24.96609302681516,104922415287,104922781973
1785168886009677832,3.1646827910158,25.12432346329955,104972441721,104972641935
1785168886059677832,3.154286325381031,25.28229769120947,105022444099,105022641669
1785168886109677832,3.151832777143845,25.439950668772592,105072467086,105072647524
1785168886159677832,3.148334567445408,25.59745485238733,105122473184,105122667578
1785168886209677832,3.1466922454902755,25.754830522710723,105172446478,105172637155
1785168886259677832,3.1475927387065026,25.912187647315637,105222448586,105222788462
1785168886309677832,3.1461948229553567,26.069532336357184,105272440412,105272810073
1785168886359677832,3.1482320810183837,26.22689300895653,105322376506,105322730769
1785168886409677832,3.147113324269216,26.384276644088725,105372540988,105372742194
1785168886459677832,3.151503692592229,26.541742069510263,105422467614,105422829792
1785168886509677832,3.150922323424797,26.69930271991068,105472661060,105472942767
1785168886559677832,3.1503269053006973,26.856833950628822,105522528085,105522949303
1785168886609677832,3.1410909362533754,27.014119396667674,105572475711,105572876581
1785168886659677832,3.139055160981401,27.171123049098547,105622420575,105622803511
1785168886709677832,3.13903079915897,27.32807519810206,105672412564,105672802693
1785168886759677832,3.1377674641363433,27.48499515468443,105722572016,105722777911
1785168886809677832,3.1364966953654654,27.64185175867198,105772441683,105772831662
1785168886859677832,3.1275213428122837,27.798452209626426,105822419596,105822814023
1785168886909677832,3.125046018458473,27.954766393658197,105872446022,105872645785
1785168886959677832,3.127570198199936,28.11108179907466,105922417789,105922787059
1785168887009677832,3.1263007962731106,28.267428573936478,105972429447,105972615856
1785168887059677832,3.138757607844642,28.424055034039423,106022416617,106022778864
1785168887109677832,3.1391372552481736,28.581002405616744,106072434157,106072627498
1785168887159677832,3.12685386270541,28.737652183565583,106122430239,106122800772
1785168887209677832,3.12456603135634,28.893937680917134,106172400510,106172764691
1785168887259677832,3.122275836142399,29.050108727604602,106222437746,106222779946
1785168887309677832,3.1199835596250187,29.206165212498778,106272544513,106272906329
1785168887359677832,3.1176894505900266,29.362107037754157,106322382253,106322723641
1785168887409677832,3.1077857105297846,29.517743916782155,106372456599,106372821922
1785168887459677832,3.1053216179296967,29.673071599993644,106422569039,106422782287
1785168887509677832,3.1028562745337838,29.828276047305234,106472476673,106472860541
1785168887559677832,3.0983555526587794,29.983306342985042,106522487730,106522892497
1785168887609677832,3.0958588671725207,30.138161703480826,106572392916,106572754512
1785168887659677832,3.111908365676434,30.29335588430205,106622640028,106622881379
1785168887709677832,3.1121290379606688,30.44895681939298,106672452181,106672836419
1785168887759677832,3.1154604419076595,30.60464655638969,106722503516,106722900339
1785168887809677832,3.1147283505973724,30.76040127620231,106772576807,106772772633
1785168887859677832,3.082833808492099,30.91534033017955,106822426833,106822794611
1785168887909677832,3.0775236653359697,31.069349267025252,106872441951,106872795853
1785168887959677832,3.068320271336835,31.222995365442074,106922476379,106922840240
1785168888009677832,3.064808999394894,31.37632359721037,106972472642,106972831834
1785168888059677832,3.0612974191151805,31.52947625767311,107022400812,107022759272
1785168888109677832,3.0557601791062194,31.68240269762865,107072390832,107072752379
1785168888159677832,3.0521846222867466,31.835101317663476,107112529015,107112993724
1785168888209677832,3.072520841521973,31.9882189542587,107172499296,107172873025
1785168888259677832,3.072495247865837,32.141844356493394,107222413652,107222764849
1785168888309677832,3.0724694910584134,32.29546847496649,107272569340,107272807125
1785168888359677832,3.0678092004785817,32.44897544225492,107322424486,107322799077
1785168888409677832,3.0655772017601572,32.60231010231089,107372434682,107372813730
1785168888459677832,3.0428411054117257,32.75502055999019,107422430443,107422634004
1785168888509677832,3.0381816694929435,32.907046129362804,107472452949,107472835364
1785168888559677832,3.033522147245644,33.05883872478126,107522441284,107522830562
1785168888609677832,3.0417858873061934,33.210721425645055,107572394912,107572771847
1785168888659677832,3.040088956574063,33.36276829674206,107622369321,107622719005
1785168888709677832,3.038391966917888,33.51473031982936,107672346306,107672699336
1785168888759677832,3.035917155827419,33.666588047897996,107722548340,107722763202
1785168888809677832,3.033373877922915,33.818320323741744,107772919655,107773307500
1785168888859677832,3.048998837678534,33.97037964163178,107822578501,107822761844
1785168888909677832,3.0464554841436335,34.122765999677334,107872441244,107872632231
1785168888959677832,3.0263675556897183,34.27458657567317,107922468942,107922835218
1785168889009677832,3.023061167684479,34.42582229375753,107972405518,107972984771
1785168889059677832,3.0192110979052385,34.576879100397264,108022486379,108022872851
1785168889109677832,3.0168045033816395,34.72777949042944,108072456720,108072690046
1785168889159677832,3.0143978901207262,34.878559550267,108122554587,108122976345
1785168889209677832,3.0228163489780147,35.029489906244464,108172617334,108173086140
1785168889259677832,3.022098091567817,35.18061276725811,108222622124,108223219210
1785168889309677832,3.0205999596405766,35.33168021853832,108272513843,108272931063
1785168889359677832,3.019101816452818,35.48267276294065,108322402151,108322757406
1785168889409677832,3.024684706172185,35.63376742600628,108372549060,108372748883
1785168889459677832,3.0251372221665536,35.78501297421475,108422375051,108422721829
1785168889509677832,3.0276476377538772,35.93633259571276,108472480244,108472716276
1785168889559677832,3.0292911571516314,36.087756065585396,108522414138,108522805760
1785168889609677832,3.031624856638182,36.23927896593014,108572577860,108572773426
1785168889659677832,3.0109032819619865,36.39034216939515,108622476410,108622850460
1785168889709677832,3.011776061797071,36.54090915298913,108672620734,108672879868
1785168889759677832,3.0228561073251723,36.69177495721719,108722540093,108722954528
1785168889809677832,3.027970631883327,36.84304562569739,108772436546,108772827958
1785168889859677832,3.0339170574325847,36.9945928179303,108822468813,108822693122
1785168889909677832,3.0405959437986865,37.14645564296108,108872452810,108872815668
1785168889959677832,3.0621222037797216,37.29902359665054,108922426177,108922802951
1785168890009677832,3.0708902771844744,37.452348908674644,108972464074,108972652968
1785168890059677832,3.0912238524098594,37.60640176191449,109022570791,109022752140
1785168890109677832,3.1016745293498857,37.76122422145849,109072438309,109072782533
1785168890159677832,3.1004178345303472,37.9162765305555,109122732416,109122950704
1785168890209677832,3.1092125601383347,38.071517290422214,109172419698,109172801532
1785168890259677832,3.1089988429570066,38.2269725754996,109222412311,109222769188
1785168890309677832,3.1165131181925516,38.38261037452833,109272440821,109272816183
1785168890359677832,3.123730243855741,38.53861645857955,109322443122,109322798817
1785168890409677832,3.130685739323967,38.69497685815904,109372434299,109372796386
1785168890459677832,3.1294795244312477,38.85148098975292,109422450516,109422649769
1785168890509677832,3.13566974757663,39.008109721553126,109472415908,109472796350
1785168890559677832,3.134750709999167,39.164870232992506,109522461133,109522829221
1785168890609677832,3.1406051246378044,39.32175412885844,109572436974,109572791527
1785168890659677832,3.1463211024479962,39.47892728453558,109622460902,109622660686
1785168890709677832,3.164013316307996,39.636685645004476,109672412188,109672823637
1785168890759677832,3.169755995312516,39.795029877794995,109722398970,109722750197
1785168890809677832,3.1634619531395973,39.95336032650629,109772410398,109772745905
1785168890859677832,3.1654034322768254,40.1115819611417,109822432857,109822622271
1785168890909677832,3.166581474053316,40.26988158379996,109872427523,109872690004
1785168890959677832,3.1629285917969994,40.42811933544622,109922429845,109922779138
1785168891009677832,3.1633952813119244,40.586277432273945,109972553042,109972777431
1785168891059677832,3.1633408821031086,40.74444583635931,110022441019,110022822943
1785168891109677832,3.162827681815413,40.90260005045727,110072448550,110072799346
1785168891159677832,3.170616849349004,41.060936163736386,110122439560,110122807668
1785168891209677832,3.170839558758068,41.219472573939065,110172432804,110172622368
1785168891259677832,3.193193042602348,41.378573388973074,110222562633,110222769029
1785168891309677832,3.1954395440696857,41.53828920363986,110272592145,110272789825
1785168891359677832,3.2159806713322965,41.69857470902492,110322442685,110322808900
1785168891409677832,3.219305346649977,41.85945685947448,110372451686,110372646700
1785168891459677832,3.209892810141213,42.02018681339426,110422450811,110422810514
1785168891509677832,3.209789617294982,42.180678874080165,110472508165,110472942116
1785168891559677832,3.209540529845322,42.341162127758665,110522496360,110522892460
1785168891609677832,3.21687065996451,42.501822407503916,110572573530,110572786529
1785168891659677832,3.2185408742638604,42.66270769585962,110622427808,110622794804
1785168891709677832,3.2278284930703314,42.82386693004298,110672454825,110672833874
1785168891759677832,3.229935169952548,42.98531102161856,110722564777,110722792984
1785168891809677832,3.2319646493760046,43.146858517101755,110772586494,110772784064
1785168891859677832,3.251157816507602,43.30893657874885,110822448543,110822824727
1785168891909677832,3.254916293311767,43.47158843149434,110872453860,110872663011
1785168891959677832,3.258622078530047,43.63442689079039,110922403873,110922757705
1785168892009677832,3.2678807522321547,43.79758946155945,110972438114,110972632337
1785168892059677832,3.271251769058907,43.96106777459171,111022456986,111022653053
1785168892109677832,3.278049980434589,44.12480031832905,111072463845,111072816355
1785168892159677832,3.281652573009419,44.288792882165154,111122464951,111122655367
1785168892209677832,3.2852272847961133,44.4529648786103,111172437697,111172631970
1785168892259677832,3.2887774484874566,44.61731499694239,111222409741,111222781456
1785168892309677832,3.2913544033009137,44.781818293237095,111272578163,111272799807
1785168892359677832,3.294582445946066,44.94646671446827,111322488422,111322892077
1785168892409677832,3.297793733142331,45.11127611894548,111372457714,111372665202
1785168892459677832,3.318887930523413,45.276693160537135,111422554071,111422992611
1785168892509677832,3.324479146767949,45.44277733746942,111472570629,111472807321
1785168892559677832,3.3340089976967096,45.60923954108103,111522462711,111522851427
1785168892609677832,3.3390111666172397,45.77606504518888,111572531857,111572745897
1785168892659677832,3.332751772206551,45.94285911865948,111622731219,111622979934
1785168892709677832,3.3359827827676973,46.10957748253384,111672569053,111672999337
1785168892759677832,3.334593970256288,46.27634190135944,111722561846,111722972344
1785168892809677832,3.338073378841358,46.44315858508687,111772524543,111772934419
1785168892859677832,3.3361958571361265,46.61001531598631,111822533022,111822945434
1785168892909677832,3.3390952167532086,46.77689759283355,111872491672,111872897030
1785168892959677832,3.346759623184112,46.94404396383198,111922517497,111922910682
1785168893009677832,3.3507272621383914,47.11148113596505,112032526099,112032958678
1785168893059677832,3.3546916990885554,47.27911660999571,112033439667,112033610076
1785168893109677832,3.369095574284741,47.44721129183005,112072502963,112072879737
1785168893159677832,3.3739734913240365,47.615788018470276,112122535601,112122956047
1785168893209677832,3.378475967298203,47.784599254935834,112172596781,112173070287
1785168893259677832,3.3827679924272114,47.95363035392898,112222551200,112222967569
1785168893309677832,3.3878425865551125,48.122895618403525,112272596454,112273065762
1785168893359677832,3.392318507416494,48.29239964575282,112322509989,112322922982
1785168893409677832,3.3967931148350505,48.46212743630911,112372548265,112372975884
1785168893459677832,3.4012665658114156,48.63207892832528,112422578448,112422997682
1785168893509677832,3.428517198495001,48.80282352243294,112472591900,112473037743
1785168893559677832,3.435529075283382,48.974424679277384,112522536001,112523147454
1785168893609677832,3.4377770938900163,49.146257333506725,112572472788,112572825097
1785168893659677832,3.4514993411416395,49.31848924438252,112622600615,112623000312
1785168893709677832,3.4586528350300005,49.491243048786814,112672783163,112673095196
1785168893759677832,3.465805790152016,49.66435451441637,112722595469,112723039830
1785168893809677832,3.472958270908401,49.83782361594287,112772585216,112773039806
1785168893859677832,3.4915213673870698,50.01193560690025,112822580785,112823077624
1785168893909677832,3.4994367002902544,50.186709558592185,112872591801,112872834295
1785168893959677832,3.514087537488334,50.36204766453665,112922516778,112922918369
1785168894009677832,3.5223892312284306,50.53795958375457,112972623625,112972875526
1785168894059677832,3.530690673966637,50.71428658138444,113022513485,113022909475
1785168894109677832,3.555306360194573,50.891436507238474,113072489887,113072886619
1785168894159677832,3.5654148920131377,51.06945453854367,113122568261,113122794073
1785168894209677832,3.559172599422247,51.24756922582955,113172585434,113173061354
1785168894259677832,3.566062126334749,51.425700093973475,113222542137,113222946313
1785168894309677832,3.5720822578031313,51.60415370357692,113272721810,113272959915
1785168894359677832,3.5800136833946987,51.782956102106866,113322519348,113322927201
1785168894409677832,3.587945006026801,51.96215506934241,113372521812,113372976042
1785168894459677832,3.6057015664042797,52.14199623365319,113422515226,113422888194
1785168894509677832,3.6147862232022656,52.32250842839335,113472633529,113472957105
1785168894559677832,3.623870809724654,52.50347485421651,113522644517,113523251251
1785168894609677832,3.6353145239085554,52.68495448755735,113572523036,113572833637
1785168894659677832,3.643189099572862,52.86691707814439,113622490904,113622790113
1785168894709677832,3.6610739829941736,53.04952365520857,113672455463,113672991315
1785168894759677832,3.6688987641576123,53.23277297388737,113722447996,113722971555
1785168894809677832,3.6787131121505707,53.41646327079506,113772624694,113772978906
1785168894859677832,3.684990732331207,53.600555866907115,113822538480,113822859370
1785168894909677832,3.690686802965593,53.78494780528954,113872525120,113872844127
1785168894959677832,3.658261433202773,53.96867151119375,113922635070,113922935852
1785168895009677832,3.6583404835417332,54.15158655911236,113972486377,113973131544
1785168895059677832,3.6588824859644387,54.334517133350005,114022565483,114022858801
1785168895109677832,3.660420191935346,54.5174997002975,114072505947,114072842867
1785168895159677832,3.6590503915241457,54.70048646488399,114122534246,114122834297
1785168895209677832,3.659606145389553,54.883452878306834,114172459243,114173048104
1785168895259677832,3.6588698526260166,55.066414778257226,114222472404,114222787173
1785168895309677832,3.650112548106587,55.24913933827553,114272529107,114273247681
1785168895359677832,3.6467965042874515,55.43156206458539,114322525506,114322833372
1785168895409677832,3.642598566335916,55.61379694135098,114372530031,114373266368
1785168895459677832,3.6350807208389835,55.79573892353035,114422560134,114423120311
1785168895509677832,3.6298394322932923,55.977361927358665,114472551926,114472877144
1785168895559677832,3.623996201647882,56.15870781820718,114522617645,114523225221
1785168895609677832,3.617622981247959,56.339748297779586,114572467561,114573052344
1785168895659677832,3.6070695712711314,56.52036561159257,114622500799,114622785161
1785168895709677832,3.5997462297457505,56.700536006617995,114672578111,114673201867
1785168895759677832,3.571261755963376,56.87981120626072,114722701518,114723323452
1785168895809677832,3.562150773969352,57.05814651950902,114772587792,114772938557
1785168895859677832,3.5679227579898987,57.236398357808014,114822573632,114823289159
1785168895909677832,3.5631155980350946,57.414674316708634,114872461439,114873037086
1785168895959677832,3.558724157883998,57.592720310606616,114922556833,114923171362
1785168896009677832,3.5130925127611263,57.76951572737275,114972526243,114972829810
1785168896059677832,3.502895609478334,57.94491543042872,115022494932,115022803318
1785168896109677832,3.4449116858640223,58.11861061281229,115072533661,115072891209
1785168896159677832,3.4305813020820253,58.29049793751094,115122541290,115122822045
1785168896209677832,3.416995663327442,58.461687361646185,115172480052,115172781135
1785168896259677832,3.4061030987038285,58.63226483069697,115222493114,115222795709
1785168896309677832,3.3953810598428142,58.80230193466062,115272492589,115272790105
1785168896359677832,3.3832327727871148,58.97176728047637,115322615647,115322953599
1785168896409677832,3.3722085904759456,59.14065331455795,115372550430,115373264255
1785168896459677832,3.3816939902890266,59.30950087907708,115422617373,115423295701
1785168896509677832,3.3739493424197744,59.4783919623948,115472489449,115472784621
1785168896559677832,3.3666609628198376,59.64690722002578,115522646330,115523238908
1785168896609677832,3.3591159725626296,59.81505164341035,115572519129,115572829459
1785168896659677832,3.3524929060970683,59.98284186537684,115622505690,115622810420
1785168896709677832,3.3392012345837583,60.15013421889386,115672486371,115673100288
1785168896759677832,3.332902305283609,60.316936807390555,115722533083,115723097919
1785168896809677832,3.323971711613665,60.48335865781297,115772583455,115773263406
1785168896859677832,3.3186350129318267,60.64942382592661,115822495186,115823095678
1785168896909677832,3.313786133348246,60.81523435458361,115872604687,115873220338
1785168896959677832,3.331307086048282,60.98136168506853,115922542798,115922900166
1785168897009677832,3.330047680529668,61.14789555423298,115972571688,115972783364
1785168897059677832,3.334528517039629,61.314509959172206,116022471778,116022833715
1785168897109677832,3.333299575248949,61.48120566147942,116072462788,116072667500
1785168897159677832,3.311559301477498,61.64732713339759,116122600933,116122780989
1785168897209677832,3.3076343856973986,61.81280697557696,116172463954,116172772381
1785168897259677832,3.303909570376788,61.97809557447882,116222490780,116222792804
1785168897309677832,3.300360936774405,62.14320233715759,116272478815,116272767865
1785168897359677832,3.29696742524379,62.30813554620804,116322503386,116322800642
1785168897409677832,3.2795493695798386,62.472548466078635,116372495749,116373057099
1785168897459677832,3.278960318194736,62.636511208273,116422509722,116422805385
1785168897509677832,3.2762910887138954,62.80039249344572,116472492156,116472782268
1785168897559677832,3.273715082564196,62.96414264772766,116522515956,116522828611
1785168897609677832,3.2711288016117868,63.127763744832066,116572515982,116572835760
1785168897659677832,3.268443971554001,63.29125306416122,116622486315,116622784202
1785168897709677832,3.2598642601929555,63.45446076995489,116672575818,116672905384
1785168897759677832,3.2564456210765416,63.61736851698663,116722574482,116722928824
1785168897809677832,3.25307630937932,63.78010656524802,116772597441,116772945672
1785168897859677832,3.250095049000414,63.942685849207514,116822668360,116823033333
1785168897909677832,3.2472214402314923,64.10511876143832,116872519548,116872837964
1785168897959677832,3.246951921235562,64.267473095475,116922624963,116923217250
1785168898009677832,3.2444177623438684,64.42975733756448,116972519111,116972816307
1785168898059677832,3.2663911144990303,64.59252755948556,117022475607,117023026868
1785168898109677832,3.2670224443267846,64.7558628984562,117072498626,117073083900
1785168898159677832,3.2791196812809633,64.9195164515964,117122498372,117122774588
1785168898209677832,3.2800992429852083,65.08349692470306,117172478101,117172782470
1785168898259677832,3.2615912070468442,65.24703918595387,117222505278,117222798205
1785168898309677832,3.2590911309439057,65.41005624440363,117272489705,117272800416
1785168898359677832,3.256603214704519,65.57294860304485,117322555465,117322962375
1785168898409677832,3.2541260048156304,65.73571683353286,117372500017,117372883424
1785168898459677832,3.2516582215079275,65.89836143919095,117422437848,117422792370
1785168898509677832,3.2622458135188506,66.06120904006661,117472636997,117473083802
1785168898559677832,3.2622042125504476,66.22432029071834,117522576541,117522990826
1785168898609677832,3.262169045751253,66.38742962217589,117572647100,117573121246
1785168898659677832,3.2880135936236137,66.55118418816025,117622609815,117623050329
1785168898709677832,3.2905307499434695,66.71564779674942,117672584986,117672814646
1785168898759677832,3.2930522979438925,66.88023737294662,117722422800,117722799745
1785168898809677832,3.2955777126712094,67.04495312321198,117772550365,117772777600
1785168898859677832,3.305297055528849,67.20997499241699,117822484667,117822878965
1785168898909677832,3.307689886215186,67.3752996659606,117872462483,117872834589
1785168898959677832,3.2869143117891815,67.5401647709107,117922452511,117922818645
1785168899009677832,3.285835064244381,67.70448350531154,117972431329,117972802923
1785168899059677832,3.284757862707335,67.86874832848532,118022452835,118022830191
1785168899109677832,3.2923540461281817,68.0331761262062,118072424979,118072631756
1785168899159677832,3.2936478792808774,68.19782617434143,118122454121,118122815667
1785168899209677832,3.2949431089483685,68.36254094904716,118172413711,118172660161
1785168899259677832,3.3120173223357146,68.52771495982927,118222475523,118222833071
1785168899309677832,3.314816428513044,68.69338580360048,118272381735,118272730687
1785168899359677832,3.3171736007225,68.85918555433138,118322405054,118322764727
1785168899409677832,3.3189954356550926,69.0250897802408,118372466627,118372850464
1785168899459677832,3.320818009527925,69.19108511637039,118422558704,118422773696
1785168899509677832,3.2981231392798462,69.35655864509059,118472405174,118472761290
1785168899559677832,3.297148216891944,69.52144042899486,118522471144,118522844642
1785168899609677832,3.29617379887211,69.68627347938896,118572381673,118572735154
1785168899659677832,3.29519982493138,69.85105781998406,118612499353,118612848546
1785168899709677832,3.302225038146114,70.01599344156101,118672660668,118672889686
1785168899759677832,3.3033314830489084,70.18113235459087,118722601665,118723038301
1785168899809677832,3.3044382310605442,70.3463265974436,118772420773,118772790565
1785168899859677832,3.3106628368009856,70.51170412414014,118822555632,118822775293
1785168899909677832,3.311987001241547,70.67727037009122,118872465148,118872839759
1785168899959677832,3.3204608351191616,70.84308156600024,118922465646,118922836099
1785168900009677832,3.322549584051504,71.00915682647951,118972388057,118972750966
1785168900059677832,3.3011486556806715,71.1747492824728,119022431455,119022792490
1785168900109677832,3.299412889042636,71.33976332109091,119072454005,119072835458
1785168900159677832,3.292738586802118,71.50456710798703,119122470160,119122824212
1785168900209677832,3.2919368179894057,71.66918399310681,119172698098,119173050066
1785168900259677832,3.300724196775889,71.83400051847596,119222611573,119222899080
1785168900309677832,3.30145663526272,71.99905503927691,119272452519,119272980606
1785168900359677832,3.3157965186720304,72.1644863681253,119322465149,119322989850
1785168900409677832,3.31772267816991,72.33032434804633,119372599300,119373209350
1785168900459677832,3.330536013171878,72.49653081532986,119422506933,119423065458
1785168900509677832,3.3330979419725026,72.66312166420849,119472499526,119472787504
1785168900559677832,3.314600341746909,72.82931412130146,119522530120,119522833878
1785168900609677832,3.313684490015099,72.99502124209553,119572507264,119572813927
1785168900659677832,3.3127686730942045,73.16068257117325,119622543575,119622852813
1785168900709677832,3.311852886823149,73.32629811017117,119672507925,119672786005
1785168900759677832,3.3033117333236017,73.49167722567486,119722527819,119722823211
1785168900809677832,3.3026263672194593,73.65682567818843,119772497148,119772792330
1785168900859677832,3.3117911780762013,73.82218611682084,119822527621,119822816311
1785168900909677832,3.3127400560130043,73.98779939767306,119872501379,119872803424
1785168900959677832,3.322589908643316,74.15368264678945,119922593300,119922878674
1785168901009677832,3.3240180564467354,74.31984784591671,119972637506,119973031443
1785168901059677832,3.3316028984744235,74.48623836978975,120022631892,120022937123
1785168901109677832,3.333393593445674,74.65286328208776,120072511988,120072811177
1785168901159677832,3.307385895351961,74.81888276930769,120122518647,120122810382
1785168901209677832,3.3050570747781127,74.98419384356092,120172548385,120172759410
1785168901259677832,3.302728261759856,75.14938847697438,120222595850,120222990027
1785168901309677832,3.3003994553940443,75.31446666990323,120272457198,120272806390
1785168901359677832,3.306924791171221,75.47964977606738,120322566998,120322766171
1785168901409677832,3.3072607379533214,75.64500441429549,120372607962,120372813225
1785168901459677832,3.311748537519456,75.8104796461823,120422467916,120422834231
1785168901509677832,3.3119027894047783,75.97607092935542,120472570324,120472784184
1785168901559677832,3.3197500266848854,76.14186224975765,120522677681,120523190631
1785168901609677832,3.3208401517221997,76.30787700421784,120572527188,120572947133
1785168901659677832,3.3219302794883063,76.47394626499809,120622565145,120622962197
1785168901709677832,3.2978050281026747,76.63943964768785,120672580029,120673116773
1785168901759677832,3.2952870253495035,76.80426694902417,120722689220,120723180419
1785168901809677832,3.2927690244588863,76.96896835026936,120772672896,120773167892
1785168901859677832,3.290754168726713,77.13355643009902,120822624183,120823379866
1785168901909677832,3.289689433189643,77.29806752014692,120872611478,120873259210
1785168901959677832,3.304220078788891,77.46291525794638,120922488120,120922862240
1785168902009677832,3.3049907548614015,77.62814552878766,120972450016,120972887163
1785168902059677832,3.305761431919448,77.79341433345715,121022464249,121022822388
1785168902109677832,3.3065321098452265,77.95872167200129,121072449538,121072639513
1785168902159677832,3.3132723980730385,78.12421678469923,121122604444,121122793608
1785168902209677832,3.313947710788254,78.28989728742076,121172640878,121172838137
1785168902259677832,3.2907066160345404,78.45501364559134,121222575673,121222985089
1785168902309677832,3.288057151847305,78.61948273978838,121272637635,121272847557
1785168902359677832,3.285407688119214,78.78381936078755,121322597166,121322810996
1785168902409677832,3.282758224795384,78.9480235086104,121372531033,121372955638
1785168902459677832,3.2763948720703486,79.11200233603203,121422473209,121422834645
1785168902509677832,3.274544130618904,79.2757758110993,121472604902,121472803734
1785168902559677832,3.2827350888991944,79.43970779158724,121522517625,121522910460
1785168902609677832,3.2823088281892248,79.60383388951446,121572511533,121572921810
1785168902659677832,3.2923846200684057,79.76820122572089,121622512411,121622914383
1785168902709677832,3.292701868998865,79.93282838794757,121672513340,121672945698
1785168902759677832,3.2838184603828298,80.09724139618211,121722499140,121722891874
1785168902809677832,3.2820622698648743,80.2613884144383,121772587542,121772974655
1785168902859677832,3.2649654850021537,80.42506410831,121822520142,121822924398
1785168902909677832,3.261844246820218,80.58823435160554,121872501534,121872907182
1785168902959677832,3.258723008737938,80.75124853299448,121922456648,121922852177
1785168903009677832,3.2529901965417154,80.9140413631265,121972589096,121972777328
1785168903059677832,3.250550977824964,81.07662989248564,122022470615,122022867366
1785168903109677832,3.248111759176233,81.23909646091069,122072640733,122072845937
1785168903159677832,3.2556054512646537,81.4016893911717,122122479753,122122873479
1785168903209677832,3.254439333397801,81.56444051078826,122172498929,122172826431
1785168903259677832,3.253273215577376,81.72713332451265,122222579838,122222903112
1785168903309677832,3.2445534155085345,81.88957899028978,122272495789,122272862003
1785168903359677832,3.241954134123615,82.0517416790306,122322498479,122323096276
1785168903409677832,3.239354852770386,82.21377440370293,122372519955,122372982509
1785168903459677832,3.2218028562636825,82.37530334642878,122422454132,122422838641
1785168903509677832,3.2176805876298635,82.53629043252613,122472600917,122472795330
1785168903559677832,3.219141860600146,82.69721099373187,122522521449,122522917108
1785168903609677832,3.2166979645839144,82.85810698936149,122572578727,122572802605
1785168903659677832,3.216396026844722,83.0189343391472,122622601460,122623079503
1785168903709677832,3.213680364585581,83.17968624893294,122672524106,122672954831
1785168903759677832,3.2213098958997173,83.3405610054451,122722571875,122723041874
1785168903809677832,3.2200419383312404,83.50159480130085,122772816373,122773103279
1785168903859677832,3.2208852151107363,83.66261798013691,122822537501,122822931387
1785168903909677832,3.2191049530748552,83.82361773434154,122872414411,122872777530
1785168903959677832,3.206215291357182,83.98425074045234,122922485775,122922869392
1785168904009677832,3.2027905659173364,84.14447588688421,122972582577,122972783913
1785168904059677832,3.1860038573433407,84.30419574746571,123022486007,123022879884
1785168904109677832,3.181465766931772,84.46338248807261,123072455140,123072814582
1785168904159677832,3.176927676524899,84.622342324159,123122471291,123122858995
1785168904209677832,3.1806400529562984,84.78128151739602,123172556490,123172737248
1785168904259677832,3.1779532978878384,84.94024635116715,123222453879,123222806989
1785168904309677832,3.1752665428225835,85.0990768471849,123272558123,123272777503
1785168904359677832,3.183223914792355,85.2580391086253,123322495136,123322860849
1785168904409677832,3.1814015717538333,85.41715474578893,123372592819,123373039403
1785168904459677832,3.1795792287174987,85.57617926580072,123422626323,123423084639
1785168904509677832,3.177329996740338,85.73510199643718,123472539441,123472951651
1785168904559677832,3.1749447663655643,85.89390886551482,123522515677,123522912438
1785168904609677832,3.1583455864397094,86.05224112433497,123572526768,123572908511
1785168904659677832,3.153974770065079,86.21004913324758,123622495279,123622871352
1785168904709677832,3.149603953691606,86.36763860134148,123672449774,123673030619
1785168904759677832,3.1492704780938596,86.52511046213614,123722575509,123723178085
1785168904809677832,3.146372183458731,86.68250152867495,123772684683,123773079872
1785168904859677832,3.1553253345829155,86.840043966626,123822695214,123823333828
1785168904909677832,3.1536897304417058,86.9977693432516,123872591060,123873217200
1785168904959677832,3.1520541263011084,87.15541293967017,123912503891,123912868512
1785168905009677832,3.1632705095038625,87.3132960555653,123972537124,123972924238
1785168905059677832,3.162463420797082,87.47143940382281,124022479234,124022847612
1785168905109677832,3.1616563320907187,87.62954239764503,124072586895,124072788061
1785168905159677832,3.166217497263543,87.78773924337888,124122504952,124122945275
1785168905209677832,3.165499780727943,87.94603217532867,124172559765,124173281884
1785168905259677832,3.148093628361787,88.10387201055592,124222425073,124222775177
1785168905309677832,3.1447318508770543,88.26119264753689,124272467342,124272827224
1785168905359677832,3.1413700733925425,88.41834519564364,124322465950,124322823318
1785168905409677832,3.1227822477528746,88.57494900367226,124372577789,124372952299
1785168905459677832,3.118800316158518,88.73098856777004,124422474455,124422851660
1785168905509677832,3.114818384564311,88.88682903528812,124472557842,124472745102
1785168905559677832,3.140078932005674,89.04320146820237,124522490176,124522879493
1785168905609677832,3.140604896871532,89.20021856392431,124572574083,124572780749
1785168905659677832,3.1461523953211255,89.35738749622912,124622496068,124622880878
1785168905709677832,3.1454979815341826,89.5146787556505,124672775581,124673153447
1785168905759677832,3.1341961850537414,89.6716711098152,124722707483,124723324857
1785168905809677832,3.131878911221639,89.82832298722207,124772608779,124772951309
1785168905859677832,3.125158140936491,89.98474891352603,124822626864,124823228539
1785168905909677832,3.1230724620370234,90.14095467860037,124872574877,124872918489
1785168905959677832,3.124625926712853,90.2971471383191,124922636873,124923244318
1785168906009677832,3.1232580839304642,90.45334423858519,124972666229,124973051920
1785168906059677832,3.132854450296642,90.60974705194086,125022555083,125022927739
1785168906109677832,3.13275459068652,90.76638727796545,125072478660,125072853611
1785168906159677832,3.135992028456457,90.92310594344403,125122517193,125122945333
1785168906209677832,3.1358921688463894,91.0799030483766,125172623943,125172810291
1785168906259677832,3.141716966378966,91.23684327675723,125222603885,125223073914
1785168906309677832,3.1421099315100656,91.39393894920445,125272476598,125272864182
1785168906359677832,3.1337191760158567,91.55083467689262,125322433969,125322830660
1785168906409677832,3.1324094038345245,91.70748789138887,125372633612,125372896444
1785168906459677832,3.1284985395760354,91.86401058997414,125422540108,125422920649
1785168906509677832,3.127556536537599,92.02041196687698,125472467032,125472859745
1785168906559677832,3.1266145334991733,92.17676624362788,125522588900,125522787962
1785168906609677832,3.1256725304607564,92.3330734202269,125572611392,125573081551
1785168906659677832,3.130902720896214,92.48948780151082,125622656765,125623178320
1785168906709677832,3.1308667668285004,92.64603203870395,125672478913,125672833847
1785168906759677832,3.1392653464994273,92.80278534153713,125722532259,125723124435
1785168906809677832,3.140089572075273,92.95976921450149,125772556040,125772885075
1785168906859677832,3.1435332976523642,93.11685978624469,125822591958,125822889544
1785168906909677832,3.144146432864107,93.2740517795076,125872522702,125872838041
1785168906959677832,3.1363475843055673,93.43106412993684,125922730380,125923081597
1785168907009677832,3.1356435681996,93.58786390874947,125972648077,125973031914
1785168907059677832,3.1292540141373095,93.74448634830789,126022629960,126022930512
1785168907109677832,3.1283640040744616,93.9009267987632,126072533213,126072835448
1785168907159677832,3.1194832493489733,94.05712298009877,126122535778,126122821612
1785168907209677832,3.1177564780921543,94.2130539732848,126172531811,126172853793
1785168907259677832,3.121931675597067,94.36904617712703,126222531257,126222982571
1785168907309677832,3.1216649850958325,94.52513609364435,126272466189,126272848924
1785168907359677832,3.1323223103007694,94.68148577602928,126322484634,126322874663
1785168907409677832,3.1330705925168973,94.83812059859972,126372604175,126372818365
1785168907459677832,3.1338188747330262,94.99479283528098,126422574359,126422981060
1785168907509677832,3.140288355198351,95.15164551602925,126472527973,126472940614
1785168907559677832,3.1410121521519767,95.30867802871299,126522471498,126522877757
1785168907609677832,3.141735949105603,95.46574673124444,126572596672,126572816513
1785168907659677832,3.14245974605923,95.62285162362356,126622503331,126622901746
1785168907709677832,3.134793687732631,95.77978295946836,126672488504,126672898530
1785168907759677832,3.1343471964848217,95.93651148157379,126722514262,126722923558
1785168907809677832,3.133900705237013,96.09321767911683,126772583763,126772799987
1785168907859677832,3.1435399818609095,96.25015369629429,126822696691,126823177219
1785168907909677832,3.14480242717358,96.40736225652014,126872662107,126873140691
1785168907959677832,3.159464364415419,96.56496892630989,126922603902,126923074571
1785168908009677832,3.161918694067698,96.72300350277196,126972575826,126973031448
1785168908059677832,3.1643730237199774,96.88116079571664,127022500085,127022896706
1785168908109677832,3.1626389051219563,97.03933609393769,127072757677,127073053169
1785168908159677832,3.1637580878898333,97.19749601876299,127122558228,127122961512
1785168908209677832,3.16487727065771,97.35571190272668,127172448761,127172827859
1785168908259677832,3.171709092615938,97.51412656180852,127222496240,127222858387
1785168908309677832,3.1737890356808216,97.67276401501593,127272463098,127272823572
1785168908359677832,3.1758689787457057,97.83150546537661,127322593412,127322786333
1785168908409677832,3.17794892181059,97.9903509128905,127372483517,127372886881
1785168908459677832,3.193273397544555,98.1496314708744,127422545817,127422953368
1785168908509677832,3.1967464587672536,98.30938196728218,127472577045,127472992522
1785168908559677832,3.2070694740909964,98.46947736560362,127522536009,127522926509
1785168908609677832,3.210836661179526,98.6299250189854,127572538492,127572919655
1785168908659677832,3.2231036678736604,98.79077352721173,127622602403,127622818126
1785168908709677832,3.2276954817490267,98.9520435059523,127672477496,127672862296
1785168908759677832,3.223887476349196,99.11333307990475,127722517134,127722921771
1785168908809677832,3.2267617139447373,99.2745993096621,127772631577,127773370559
1785168908859677832,3.2316669480744227,99.43606002621259,127822636932,127823083657
1785168908909677832,3.234541185669964,99.59771522955619,127872541497,127872943188
1785168908959677832,3.2374154232655057,99.75951414477959,127922445671,127922844928
1785168909009677832,3.240827808350977,99.92147022556999,127972603330,127972860441
1785168909059677832,3.2444036206350737,100.08360101129463,128022578568,128023036675
1785168909109677832,3.2479794329191707,100.2459105876335,128072508250,128072920781
1785168909159677832,3.259405030686172,100.40859519922363,128122607900,128123074052
1785168909209677832,3.2638482834002245,100.57167653207581,128172518247,128172924075
1785168909259677832,3.268291536114276,100.73498002756367,128222527648,128222930551
1785168909309677832,3.2758663249915347,100.89858397409131,128273196462,128273405153
1785168909359677832,3.2803943589271536,101.06249049118928,128322488331,128322875104
1785168909409677832,3.2849223928627715,101.22662340998401,128372598101,128372802353
1785168909459677832,3.2845936195143883,101.39086131029346,128422589369,128423031135
1785168909509677832,3.288344103288821,101.55518475336353,128472496449,128472901676
1785168909559677832,3.289638345445578,101.7196343145819,128522512312,128522915215
1785168909609677832,3.2933729706550126,101.88420959748441,128572584170,128573064027
1785168909659677832,3.3039024390793097,102.04914148272776,128622526536,128622941773
1785168909709677832,3.3087552883225544,102.21445792591284,128672491685,128672915688
1785168909759677832,3.3157191848820715,102.38006978774294,128722562000,128722972328
1785168909809677832,3.3203232644683363,102.5459708489767,128772831328,128773167677
1785168909859677832,3.3250852052965816,102.71210606072083,128822631548,128823082642
1785168909909677832,3.3296382897245285,102.87847414809634,128872493203,128872899994
1785168909959677832,3.326233192565182,103.0448709351536,128922549893,128922946484
1785168910009677832,3.329656872292439,103.21126818677503,128972623595,128972837765
1785168910059677832,3.321530767007941,103.37754787775752,129022505868,129022892251
1785168910109677832,3.3238280551277364,103.54368184831092,129072595198,129072801754
1785168910159677832,3.3222393843544036,103.70983353429797,129122580375,129122979822
1785168910209677832,3.3247618550441373,103.87600856528294,129172586640,129172998279
1785168910259677832,3.327284325733871,104.04230971980239,129222601012,129223072433
1785168910309677832,3.345280509873343,104.20912384069257,129272622965,129272830684
1785168910359677832,3.349883691747668,104.37650294573311,129322481686,129322876454
1785168910409677832,3.354486873621993,104.54411220986735,129372495486,129372704036
1785168910459677832,3.364975270608755,104.71209876347312,129422569688,129422993491
1785168910509677832,3.369519936533534,104.88046114365167,129472545537,129472967566
1785168910559677832,3.3740646024583136,105.04905075712645,129522543236,129522943315
1785168910609677832,3.378609268383094,105.2178676038975,129572548560,129572968556
1785168910659677832,3.385469000695886,105.38696956062445,129622537373,129622951798
1785168910709677832,3.3900565585906,105.55635769960662,129672482184,129672885648
1785168910759677832,3.3946441164853134,105.7259752164835,129722504209,129722888698
1785168910809677832,3.4185311747303384,105.89630459876389,129772576277,129772782844
1785168910859677832,3.425362533124854,106.06740194146029,129822491983,129822890539
1785168910909677832,3.4321938915193684,106.23884085207638,129872563230,129872747305
1785168910959677832,3.439025249913884,106.41062133061224,129922517208,129922902128
1785168911009677832,3.4401455045431777,106.58260059947365,129972562118,129972987464
1785168911059677832,3.445440267215156,106.7547402437676,130022537577,130022950920
1785168911109677832,3.450735029887135,106.92714462619517,130072483272,130072879713
1785168911159677832,3.456029792559113,107.09981374675631,130122507293,130122885560
1785168911209677832,3.4617532495678884,107.27275832280951,130172574484,130172780099
1785168911259677832,3.4658099972470446,107.44594740397987,130222489892,130222867187
1785168911309677832,3.466181563522684,107.61924719299911,130272603520,130272804936
1785168911359677832,3.4683479788044944,107.7926104315573,130322487038,130322872348
1785168911409677832,3.4698539250866305,107.96606547915458,130372590908,130372783648
1785168911459677832,3.4531009333900773,108.1391393506165,130422533205,130422912945
1785168911509677832,3.4518360579402394,108.31176277539976,130472585308,130472798757
1785168911559677832,3.4501203754356116,108.48431168623414,130522505936,130522908338
1785168911609677832,3.4480077724955933,108.65676488993243,130572586031,130572806814
1785168911659677832,3.4017602707252887,108.82800909101294,130622679061,130623169969
1785168911709677832,3.394518831203083,108.99791606856117,130672596141,130673043558
1785168911759677832,3.391863297822624,109.1675756217868,130722625291,130723092215
1785168911809677832,3.387008395675725,109.33704741412424,130772503640,130772901654
1785168911859677832,3.3720805168398638,109.50602463693714,130822596159,130823071537
1785168911909677832,3.3649240054170555,109.67444974999357,130872440984,130872821195
1785168911959677832,3.3509679030943462,109.84234704770637,130922511632,130922908684
1785168912009677832,3.343423085507529,110.0097068224214,130972515323,130972928526
1785168912059677832,3.3237017410337013,110.17638494308493,131022530988,131022930465
1785168912109677832,3.316201235210835,110.34238251749105,131072448020,131072854981
1785168912159677832,3.309328201554488,110.50802075341016,131122533614,131122939484
1785168912209677832,3.3039256341308016,110.6733520993023,131172621685,131172820727
1785168912259677832,3.3052968361853097,110.8385826610602,131222567740,131222980832
1785168912309677832,3.3015190284211733,111.00375305767535,131272594656,131272811742
1785168912359677832,3.2826139230467892,111.16835638146208,131322570426,131322971627
1785168912409677832,3.2767773095803943,111.33234116227776,131372530618,131372952937
1785168912459677832,3.2712920317236907,111.49604289581036,131422519492,131422921304
1785168912509677832,3.2473836381032024,111.65900978755603,131472552030,131472965122
1785168912559677832,3.2411782462387513,111.82122383466458,131522532599,131522941975
1785168912609677832,3.2352126605900735,111.9831336073353,131572519220,131572927844
1785168912659677832,3.221547123603743,112.14455260194015,131622562827,131622972243
1785168912709677832,3.215745667514679,112.30548492171812,131672611093,131672815405
1785168912759677832,3.2126013750437235,112.46619359778207,131722603104,131723045882
1785168912809677832,3.2078110683167993,112.62670390886606,131772562644,131772991917
1785168912859677832,3.19486542133703,112.78677082110742,131822661284,131823143806
1785168912909677832,3.188808319990329,112.9463626646406,131872474961,131872862456
1785168912959677832,3.192735516081294,113.10590126054241,131922534258,131922925269
1785168913009677832,3.188803913354375,113.26543974627829,131972533641,131973211183
1785168913059677832,3.1849485668403563,113.42478355828315,132022500370,132022957404
1785168913109677832,3.1789389916269712,113.58388074724483,132072528789,132072905082
1785168913159677832,3.174340816583362,113.74271274245008,132122621408,132122812054
1785168913209677832,3.1697946906726626,113.9013161301315,132172556282,132173276769
1785168913259677832,3.165294392271265,114.05969335720509,132222622739,132222909424
1785168913309677832,3.183470312301385,114.2184124748194,132272585387,132272888314
1785168913359677832,3.1817263600449714,114.37754239162807,132322615800,132322967417
1785168913409677832,3.1800136876283487,114.5365858928199,132372514192,132372894773
1785168913459677832,3.190008794491446,114.69583645487292,132422566795,132422952537
1785168913509677832,3.188858747713226,114.85530814342802,132472545460,132472949827
1785168913559677832,3.1973130234464695,115.014962437707,132522580472,132523112176
1785168913609677832,3.197016000287532,115.17482066330037,132572526497,132572914092
1785168913659677832,3.2019378231566913,115.33479450888646,132622566487,132622958399
1785168913709677832,3.201786600679823,115.49488761948238,132672832951,132673223050
1785168913759677832,3.200614002971494,115.65494763457366,132722810154,132723196426
1785168913809677832,3.2000166739093174,115.81496340149567,132772651723,132773271402
1785168913859677832,3.2017617613748235,115.9750078623778,132822588583,132822812031
1785168913909677832,3.201655572409474,116.1350932957224,132872567579,132872979790
1785168913959677832,3.211847156617682,116.29543086394808,132922534794,132922922208
1785168914009677832,3.2129563093317337,116.45605095059682,132972488343,132972895013
1785168914059677832,3.214071439693797,116.61672664432244,133022504859,133022906801
1785168914109677832,3.2229736844163024,116.77765277242521,133072579274,133072784688
1785168914159677832,3.224551232740556,116.93884089535413,133122500956,133122701030
1785168914209677832,3.2259017878418708,117.1001022208687,133172802225,133173145597
1785168914259677832,3.227079404778718,117.26142675068422,133222599302,133222881990
1785168914309677832,3.2211237938901207,117.42263183065093,133272507571,133272883894
1785168914359677832,3.221310596081373,117.58369269040024,133322546329,133322731285
1785168914409677832,3.2214998502678793,117.74476295155895,133372766899,133373096255
1785168914459677832,3.225915643595122,117.90594833890555,133422670086,133423283133
1785168914509677832,3.2271470908164743,118.06727490726583,133472730262,133473136441
1785168914559677832,3.241237777801778,118.22898452898127,133522856994,133523216396
1785168914609677832,3.243861597307975,118.39111201335903,133572511793,133572898557
1785168914659677832,3.2464867142425757,118.55337072114777,133622802032,133623201619
1785168914709677832,3.2491129735192095,118.71576071334184,133672624595,133673214498
1785168914759677832,3.26300335587751,118.87856362157676,133722659626,133723260910
1785168914809677832,3.26634132711699,119.04179723865161,133772735995,133773157864
1785168914859677832,3.27453318897011,119.2053191015538,133822801983,133823143292
1785168914909677832,3.278052074446209,119.3691337331392,133872573663,133872886849
1785168914959677832,3.2719027990476697,119.53288260497656,133922669667,133923271583
1785168915009677832,3.2737648731523628,119.69652429678155,133972653122,133972996525
1785168915059677832,3.277857366885776,119.8603148527825,134022633922,134022937550
1785168915109677832,3.2807917270423848,120.0242810801307,134072556242,134072856163
1785168915159677832,3.279750881139646,120.18829464533525,134122641499,134122956658
1785168915209677832,3.2818155449501414,120.3523338059875,134172555883,134172862466
1785168915259677832,3.2873256060042206,120.51656233476135,134222542664,134222934868
1785168915309677832,3.290262394453235,120.68100203477277,134272536263,134272971266
1785168915359677832,3.2940455851164403,120.84560973426203,134322526888,134322896820
1785168915409677832,3.2967635988358066,121.01037996386083,134372590105,134372793175
1785168915459677832,3.300372980816281,121.17530837835214,134422511293,134422889951
1785168915509677832,3.3032025036723427,121.34039776546436,134472701094,134472963455
1785168915559677832,3.3060321577221092,121.5056286319992,134522545489,134522957549
1785168915609677832,3.308861927283517,121.67100098412435,134572516698,134572932275
1785168915659677832,3.3099219014790244,121.83647057984341,134622556588,134622960643
1785168915709677832,3.3124830742912557,122.00203070423767,134672576110,134673056849
1785168915759677832,3.314203177475329,122.16769786053183,134722631309,134723090658
1785168915809677832,3.316748654987201,122.33347165634338,134772510328,134772908683
1785168915859677832,3.3189800093191515,122.49936487295106,134822658855,134823284124
1785168915909677832,3.3215265979081363,122.66537753813172,134872621237,134872966242
1785168915959677832,3.3236629904207833,122.83150727783996,134922734515,134923073899
1785168916009677832,3.326167390972463,122.99775303737478,134972669422,134973030637
1785168916059677832,3.330885195107041,123.16417935202676,135022682191,135022992642
1785168916109677832,3.333721748732521,123.33079452562276,135072651810,135073046147
1785168916159677832,3.336558330833153,123.49755152761189,135122587956,135122901112
1785168916209677832,3.3393949380051984,123.66445035933286,135172566702,135172866783
1785168916259677832,3.3460031564681114,123.8315853116947,135222647476,135222956644
1785168916309677832,3.3491768899979664,123.99896481285634,135272564890,135272886131
1785168916359677832,3.3553149269760274,124.1665771082807,135322631370,135322925881
1785168916409677832,3.3587471974544614,124.33442866139146,135372593786,135372896953
1785168916459677832,3.3603661146757693,124.50240649419473,135422617854,135422910731
1785168916509677832,3.363333656046912,124.67049898846278,135472834043,135473288994
1785168916559677832,3.3718581602018234,124.83887878386898,135522915384,135523287921
1785168916609677832,3.3758234922123123,125.00757082517934,135572926671,135573663729
1785168916659677832,3.3749007193040397,125.17633893046724,135622658325,135623000765
1785168916709677832,3.377662068368579,125.34515300015907,135672688885,135673078213
1785168916759677832,3.3908809244947187,125.51436657498064,135722810037,135723204424
1785168916809677832,3.395631545679005,125.68402938673498,135772697432,135773049871
1785168916859677832,3.3909682273075563,125.85369438105965,135822771319,135823149496
1785168916909677832,3.3934453156028135,126.0233047196324,135872548294,135872940427
1785168916959677832,3.393962617743171,126.19298991796607,135922572184,135922956062
1785168917009677832,3.3970279181023417,126.36276468136221,135972549708,135972943624
1785168917059677832,3.400267070237591,126.53269705607069,136022568417,136022955180
1785168917109677832,3.401726072132022,126.70274688462995,136072542835,136072948634
1785168917159677832,3.414097264983259,126.87314246805782,136122604356,136122987843
1785168917209677832,3.4159118106924904,127.04389269494973,136172561222,136172882883
1785168917259677832,3.3786206163624013,127.21375600562611,136222762073,136223394756
1785168917309677832,3.373411428464519,127.38255680674676,136272593173,136273216348
1785168917359677832,3.3676902324912583,127.55108434827066,136322652059,136323240118
1785168917409677832,3.3682061402462726,127.71948175758911,136372632417,136373297761
1785168917459677832,3.364827734456156,127.88780760445667,136422689389,136423031929
1785168917509677832,3.3369798840171523,128.0553527949185,136472736784,136473159535
1785168917559677832,3.328989114715085,128.2220020198868,136522691003,136523316814
1785168917609677832,3.3157149251127205,128.3881196208825,136572630296,136572951005
1785168917659677832,3.308201884298466,128.55371754111775,136622611937,136623208473
1785168917709677832,3.289549037587839,128.71866131416493,136672650525,136673079747
1785168917759677832,3.2802909499317785,128.88290731385294,136722554011,136722947116
1785168917809677832,3.272304172934001,129.04672219192454,136772541624,136772923598
1785168917859677832,3.263723924802654,129.21012289436797,136822565644,136822963208
1785168917909677832,3.2550174598848582,129.37309142898516,136872516838,136872894395
1785168917959677832,3.2425737314553857,129.5355312087687,136922577306,136922968758
1785168918009677832,3.2341868571789147,129.69745022348454,136972559299,136972970929
1785168918059677832,3.228267584347363,129.8590115845227,137022547763,137022951658
1785168918109677832,3.2216704686201734,130.02026003584692,137072498827,137072883576
1785168918159677832,3.2157567030285445,130.18119571513813,137122794585,137123066464
1785168918209677832,3.1994328248023325,130.34157545333392,137172574509,137172965771
1785168918259677832,3.1927977372937333,130.5013812173863,137222674974,137223320331
1785168918309677832,3.1776550363494716,130.66064253672738,137272831252,137273165216
1785168918359677832,3.1711056680112413,130.8193615543364,137312698900,137313197673
1785168918409677832,3.160569112341284,130.97765342384523,137372585873,137372964081
1785168918459677832,3.1560901399349204,131.13556990515215,137422563558,137422970820
1785168918509677832,3.1526753605672138,131.2932890426647,137472690080,137473228246
1785168918559677832,3.1307589169344254,131.45037489960225,137522689895,137523276843
1785168918609677832,3.1265589224697243,131.60680784558735,137572527106,137572924199
1785168918659677832,3.1230852993104463,131.76304895113185,137622601651,137623055450
1785168918709677832,3.120251221632411,131.91913236415544,137672532868,137672931023
1785168918759677832,3.11797950945976,132.07508813243274,137722562691,137722981845
1785168918809677832,3.116697793370461,132.23095506500349,137772585700,137772801493
1785168918859677832,3.102416989423265,132.38643293457332,137822553275,137822950237
1785168918909677832,3.099747564292984,132.5414870484162,137872590850,137872790764
1785168918959677832,3.0899554702556427,132.69622962427994,137922572171,137922967971
1785168919009677832,3.087766942259452,132.85067268459284,137972491823,137972904194
1785168919059677832,3.090174178374841,133.00512121260869,138022584648,138022980979
1785168919109677832,3.0893824226479585,133.15961012763427,138072595811,138072800694
1785168919159677832,3.088794036613642,133.3140645391158,138122645876,138123097029
1785168919209677832,3.0883847107472193,133.46849400779985,138172582299,138172970484
1785168919259677832,3.0881330413305936,133.62290695160178,138222539792,138222924221
1785168919309677832,3.1108368739988737,133.77788119948502,138272738945,138272977661
1785168919359677832,3.1129639510260767,133.93347622011066,138322541178,138322929604
1785168919409677832,3.125745294725237,134.08944395125442,138372548834,138372953060
1785168919459677832,3.1286963549756157,134.24580499249697,138422600593,138422823690
1785168919509677832,3.1317308362504557,134.4023156722776,138472829812,138473136385
1785168919559677832,3.1348387669289774,134.55897991235707,138522651661,138523140936
1785168919609677832,3.1631030195877874,134.71642845702,138572605657,138573076017
1785168919659677832,3.1671245749577053,134.87468414688362,138622623171,138623080827
1785168919709677832,3.187507861279071,135.03354995778957,138672539467,138672956417
1785168919759677832,3.1916680177284547,135.19302935476475,138722597217,138723054652
1785168919809677832,3.1952593530058278,135.3527025390331,138772580867,138773041708
1785168919859677832,3.1983893071505745,135.51254375553702,138822617277,138823069744
1785168919909677832,3.1986847085836603,135.67247060593036,138872507734,138872906520
1785168919959677832,3.197739882583643,135.83238122070955,138922553291,138922957858
1785168920009677832,3.2088770170046588,135.99254664319926,138972750602,138972973980
1785168920059677832,3.207239163338438,136.15294954770783,139022540099,139022924087
1785168920109677832,3.180252687963365,136.3126368439904,139072718925,139072930871
1785168920159677832,3.181787264825367,136.4716878428101,139122609613,139123027905
1785168920209677832,3.1752425560039503,136.63061358833085,139172586522,139172787948
1785168920259677832,3.1674869283340836,136.78918182543927,139222600699,139222807075
1785168920309677832,3.157695822467049,136.9473113942093,139272590582,139272787280
1785168920359677832,3.1711873009228557,137.10553347229407,139322526043,139322899391
1785168920409677832,3.1612905615552314,137.263845418856,139372602137,139372814644
1785168920459677832,3.1236639354501015,137.42096928128117,139422559740,139422941394
1785168920509677832,3.106896954430656,137.5767333035282,139472569320,139472985328
1785168920559677832,3.0472648268192426,137.73058734805943,139522614265,139523067622
1785168920609677832,3.022817541413329,137.88233940726525,139572524489,139572929346
1785168920659677832,2.9867890774128893,138.0325795727359,139622584343,139622975485
1785168920709677832,2.960729877452538,138.18126754660756,139672751528,139672961009
1785168920759677832,2.9336295123607967,138.32862653135285,139722567966,139722961692
1785168920809677832,2.891082244482593,138.47424432527396,139772548772,139772935044
1785168920859677832,2.8611574332132506,138.61805031721636,139822599818,139822811765
1785168920909677832,2.8305219684739327,138.76034230225852,139872593339,139872796569
1785168920959677832,2.7941173742141214,138.9009582858257,139922571520,139922955578
1785168921009677832,2.762674944961825,139.0398780938051,139972737672,139972963164
1785168921059677832,2.730747454945234,139.17721365380277,140022637937,140023123525
1785168921109677832,2.6983928852551777,139.3129421623078,140072518305,140072896953
1785168921159677832,2.665662286290221,139.44704354159643,140122740542,140122963490
1785168921209677832,2.6362150052115285,139.57959047388397,140172560848,140172977648
1785168921259677832,2.6034108533628944,139.71058112034834,140222926574,140223239960
1785168921309677832,2.570485722720008,139.8399285347504,140272615143,140273082608
1785168921359677832,2.540434440985722,139.96770153884304,140322575190,140322989966
1785168921409677832,2.507593885434174,140.09390224700357,140372549474,140372954011
1785168921459677832,2.4744978884202684,140.21845454134993,140422609307,140423070619
1785168921509677832,2.4411507308688853,140.34134575683214,140472777142,140473062526
1785168921559677832,2.4126644796454313,140.462691137095,140522642282,140523094077
1785168921609677832,2.3798159122032727,140.5825031468912,140572646060,140573128192
1785168921659677832,2.347435803445669,140.70068443978244,140622576533,140622970861
1785168921709677832,2.3141988567731344,140.81722530628792,140672733347,140672963568
1785168921759677832,2.2896798676648773,140.93232227439887,140722726196,140723192739
1785168921809677832,2.257025645724999,141.0459899122336,140772620880,140773121436
1785168921859677832,2.2238391995913047,141.15801153336653,140822703307,140823189486
1785168921909677832,2.190716767820587,141.2683754325518,140872592761,140873043123
1785168921959677832,2.1616209462090934,141.37718387540255,140922578898,140922993042
1785168922009677832,2.128626584151647,141.48444006366154,140972732957,140972968297
1785168922059677832,2.0956759154817375,141.59004762615237,141022551602,141022975815
1785168922109677832,2.0627637173702174,141.6940086169737,141072508272,141072892320
1785168922159677832,2.043638082319388,141.79666866196592,141122528865,141122912132
1785168922209677832,2.0123298405099663,141.89806786003666,141172513696,141172914966
1785168922259677832,1.9777188729800064,141.99781907787388,141222526735,141222909861
1785168922309677832,1.9452431758964042,142.0958931290958,141272637611,141272874925
1785168922359677832,1.9236935826386168,142.19261654805916,141322596966,141323000692
1785168922409677832,1.893224008352515,142.28803948783394,141372553430,141372962525
1785168922459677832,1.9103855863643113,142.38312972770186,141422580793,141422969971
1785168922509677832,1.8855129641697905,142.4780271914652,141472580829,141472991287
1785168922559677832,1.8260713639398356,142.57081679966794,141522658137,141523119149
1785168922609677832,1.7934484683587455,142.66130479547542,141572584751,141572790155
1785168922659677832,1.7511709522902543,142.74992028099163,141622587748,141622991312
1785168922709677832,1.7191009745895105,142.83667707916365,141672614670,141672835112
1785168922759677832,1.6870383488845504,142.9218305622505,141722581812,141723252446
1785168922809677832,1.6549821964538491,143.00538107588397,141772555979,141773262379
1785168922859677832,1.6301488546614293,143.08750935216187,141822659484,141823266689
1785168922909677832,1.5995330956826117,143.16825140092044,141872574774,141872913838
1785168922959677832,1.5737739179543258,143.2475840762614,141922604351,141922980294
1785168923009677832,1.5433510607196759,143.32551220072824,141972604784,141972806060
1785168923059677832,1.5129316294741062,143.4019192679831,142022563802,142022942049
1785168923109677832,1.482515215124777,143.4768054390981,142072727950,142072924919
1785168923159677832,1.4521014576313922,143.550170855917,142122531141,142122902756
1785168923209677832,1.4234931583543944,143.62206072131664,142172554449,142172946512
1785168923259677832,1.3942867421735032,143.69250521882984,142222560432,142222944230
1785168923309677832,1.3639940268832156,143.76146223805625,142272604035,142272804841
1785168923359677832,1.333702912990943,143.8289046615531,142322833433,142323113537
1785168923409677832,1.3034132117531274,143.8948325646717,142372612475,142373047057
1785168923459677832,1.2807872487381327,143.95943757618397,142422589583,142422987297
1785168923509677832,1.2513720440179146,144.02274155850287,142472764289,142472998086
1785168923559677832,1.2286988408945363,144.08474333062568,142522718275,142523181230
1785168923609677832,1.1998155791156684,144.14545619112593,142572570443,142572948109
1785168923659677832,1.1779852693061144,144.20490121233647,142622638252,142623123288
1785168923709677832,1.1497099240156579,144.26309359216953,142672640347,142673097452
1785168923759677832,1.1214351863131389,144.31987221992776,142722565596,142722987816
1785168923809677832,1.1047615828096067,144.37552713915582,142772575069,142772802754
1785168923859677832,1.0774619565327574,144.43008272763936,142822561662,142822950169
1785168923909677832,1.0501627994274638,144.48327334653837,142872550232,142872966501
1785168923959677832,1.0180644389568778,144.534979027498,142922589558,142922953418
1785168924009677832,0.9895803093099165,144.5851701462047,142972726288,142972954715
1785168924059677832,0.9543931200402866,144.63376948193843,143022614317,143023034774
1785168924109677832,0.9240538420709724,144.6807306559912,143072607516,143072827407
1785168924159677832,0.8924830542203156,144.7261440783985,143122711275,143122988774
1785168924209677832,0.8594504325153103,144.7699424155669,143172563150,143172935827
1785168924259677832,0.847346803542024,144.8126123464683,143222667847,143223145481
1785168924309677832,0.8148847858233876,144.85416813620245,143272533809,143272903710
1785168924359677832,0.772398818981343,144.8938502263226,143322565489,143322954096
1785168924409677832,0.7347711671222231,144.9315294759752,143372566370,143372775821
1785168924459677832,0.6956653230921984,144.96729038823057,143422578394,143422942575
1785168924509677832,0.6569796212714383,145.00110651183962,143472736124,143472938172
1785168924559677832,0.6071911937716412,145.0327107822157,143522696451,143523162472
1785168924609677832,0.5637760437210955,145.061984963153,143572570517,143572957862
1785168924659677832,0.5046614667893623,145.08869590091578,143622590173,143622979110
1785168924709677832,0.45754863614757174,145.1127511534892,143672726640,143672935650
1785168924759677832,0.40924397407514596,145.13442096874476,143722594254,143722986016
1785168924809677832,0.3599735917752097,145.15365140789103,143772591313,143772984709
1785168924859677832,0.3097624405676592,145.17039480869957,143822631296,143823079995
1785168924909677832,0.2590671416849545,145.18461554825592,143872578603,143872942273
1785168924959677832,0.2312192697620456,145.1968727085421,143922567544,143922918681
1785168925009677832,0.18015642398417023,145.20715710088575,143972568598,143972920496
1785168925059677832,0.1296965961620138,145.21490342638938,144022712826,144022895658
1785168925109677832,0.08068627369596337,145.22016299813586,144072592262,144072776497
1785168925159677832,0.03416204172629186,145.2230342060214,144122629527,144123041016
1785168925209677832,0.0334190575653389,145.22472373350368,144172730858,144172947313
1785168925259677832,0.0,145.22555920994282,144222567621,144222928586
1785168925309677832,-0.034279479502032424,145.22470222295527,144272709268,144272901547
1785168925359677832,-0.057129979902589216,145.22241698647017,144322519314,144322877855
1785168925409677832,-0.08249194801534823,145.2189264382722,144372522933,144372969538
1785168925459677832,-0.06252249401379698,145.21530107722148,144422520360,144422897395
1785168925509677832,-0.08065092247940808,145.21172174180916,144472785036,144473066843
1785168925559677832,-0.050725546538063326,145.2084373300837,144522636701,144523090509
1785168925609677832,-0.06348949628353054,145.20558195401318,144572733013,144572948245
1785168925659677832,-0.040306282969962956,145.20298705953184,144622635224,144623082010
1785168925709677832,-0.049548423442938014,145.20074069187152,144672712808,144673184270
1785168925759677832,-0.030998409515148113,145.19872702104757,144722705179,144723331760
1785168925809677832,-0.03797566334177277,145.19700266922612,144772648604,144772989953
1785168925859677832,0.0,145.1960532776426,144822583501,144823222506
1785168925909677832,0.0,145.1960532776426,144872607912,144872930755
1785168925959677832,0.0,145.1960532776426,144922693751,144922994473
1785168926009677832,0.0,145.1960532776426,144972642186,144972993643
1785168926059677832,0.0,145.1960532776426,145022643961,145022948180
1785168926109677832,0.0,145.1960532776426,145072602235,145072924167
1785168926159677832,0.0,145.1960532776426,145122582513,145122912510
1785168926209677832,0.0,145.1960532776426,145172564761,145172855645
1785168926259677832,0.0,145.1960532776426,145222590992,145222918064
1785168926309677832,0.0,145.1960532776426,145272573451,145272870296
1785168926359677832,0.0,145.1960532776426,145322570357,145322865850
1785168926409677832,0.0,145.1960532776426,145372554867,145373158596
1785168926459677832,0.0,145.1960532776426,145422595918,145422879348
1785168926509677832,0.0,145.1960532776426,145472626647,145472991610
1785168926559677832,0.0,145.1960532776426,145522656816,145523098031
1785168926609677832,0.0,145.1960532776426,145572567531,145572955826
1785168926659677832,0.0,145.1960532776426,145622604268,145622977877
1785168926709677832,0.0,145.1960532776426,145672726361,145672935041
1785168926759677832,0.0,145.1960532776426,145722590719,145722982351
1785168926809677832,0.0,145.1960532776426,145772761650,145772981782
1785168926859677832,0.0,145.1960532776426,145822574489,145822969598
1785168926909677832,0.0,145.1960532776426,145872754420,145872976395
1785168926959677832,0.0,145.1960532776426,145922578553,145922965827
1785168927009677832,0.0,145.1960532776426,145972792691,145973053298
1785168927059677832,0.0,145.1960532776426,146022688802,146023163089
1785168927109677832,0.0,145.1960532776426,146072709159,146073178265
1785168927159677832,0.0,145.1960532776426,146122549051,146122942897
1785168927209677832,0.0,145.1960532776426,146172718483,146172919959
1785168927259677832,0.0,145.1960532776426,146222604020,146223000622
1785168927309677832,0.0,145.1960532776426,146272716880,146272922764
1785168927359677832,0.0,145.1960532776426,146322530800,146322909297
1785168927409677832,0.0,145.1960532776426,146372523124,146372931307
1785168927459677832,0.0,145.1960532776426,146422532670,146422934682
1785168927509677832,0.0,145.1960532776426,146472736600,146472952603
1785168927559677832,0.0,145.1960532776426,146522646439,146523105548
1785168927609677832,0.0,145.1960532776426,146572545639,146572943754
1785168927659677832,0.0,145.1960532776426,146622564303,146622940636
1785168927709677832,0.0,145.1960532776426,146672592904,146673080747
1785168927759677832,0.0,145.1960532776426,146722606235,146723034756
1785168927809677832,0.0,145.1960532776426,146772607967,146772828679
1785168927859677832,0.0,145.1960532776426,146822530751,146822919057
1785168927909677832,0.0,145.1960532776426,146872571545,146872939723
1785168927959677832,0.0,145.1960532776426,146922578787,146922944491
1785168928009677832,0.0,145.1960532776426,146972725780,146972935633
1785168928059677832,0.0,145.1960532776426,147022595966,147022988790
1785168928109677832,0.0,145.1960532776426,147072628034,147072828218
1785168928159677832,0.0,145.1960532776426,147122548597,147122934418
1785168928209677832,0.0,145.1960532776426,147172557860,147172942258
1785168928259677832,0.0,145.1960532776426,147222584829,147222954600
1785168928309677832,0.0,145.1960532776426,147272610264,147272790261
1785168928359677832,0.0,145.1960532776426,147322568104,147322966429
1785168928409677832,0.0,145.1960532776426,147372539609,147372926933
1785168928459677832,0.0,145.1960532776426,147422583660,147422966225
1785168928509677832,0.0,145.1960532776426,147472767335,147472996583
1785168928559677832,0.0,145.1960532776426,147522700348,147523167832
1785168928609677832,0.0,145.1960532776426,147572595991,147572991871
1785168928659677832,0.0,145.1960532776426,147622612170,147623033097
1785168928709677832,0.0,145.1960532776426,147672734547,147672942666
1785168928759677832,0.0,145.1960532776426,147722612223,147723036196
1785168928809677832,0.0,145.1960532776426,147772751896,147772962259
1785168928859677832,0.0,145.1960532776426,147822584158,147822799120
1785168928909677832,0.0,145.1960532776426,147872738748,147872946096
1785168928959677832,0.0,145.1960532776426,147922558069,147922925405
1785168929009677832,0.0,145.1960532776426,147972703609,147972892422
1785168929059677832,0.0,145.1960532776426,148022587728,148022985131
1785168929109677832,0.0,145.1960532776426,148072731655,148072925507
1785168929159677832,0.0,145.1960532776426,148122618823,148123001318
1785168929209677832,0.0,145.1960532776426,148172813899,148173105734
1785168929259677832,0.0,145.1960532776426,148222669835,148223161824
1785168929309677832,0.0,145.1960532776426,148272632323,148273085520
1785168929359677832,0.0,145.1960532776426,148322546090,148322933895
1785168929409677832,0.0,145.1960532776426,148372502425,148372903605
1785168929459677832,0.0,145.1960532776426,148422527099,148422910225
1785168929509677832,0.0,145.1960532776426,148472586328,148472786503
1785168929559677832,0.0,145.1960532776426,148522602567,148522990302
1785168929609677832,0.0,145.1960532776426,148572532865,148572941960
1785168929659677832,0.0,145.1960532776426,148622545266,148623051483
1785168929709677832,0.0,145.1960532776426,148672568850,148672995658
1785168929759677832,0.0,145.1960532776426,148722616006,148723064233
1785168929809677832,0.0,145.1960532776426,148772569206,148773031451
1785168929859677832,0.0,145.1960532776426,148822658212,148823158537
1785168929909677832,0.0,145.1960532776426,148872605302,148873040365
1785168929959677832,0.0,145.1960532776426,148922500023,148922891345
1785168930009677832,0.0,145.1960532776426,148972616589,148972824698
1785168930059677832,0.0,145.1960532776426,149022631895,149023069764
1785168930109677832,0.0,145.1960532776426,149072537327,149072943767
1785168930159677832,0.0,145.1960532776426,149122523980,149122899061
1785168930209677832,0.0,145.1960532776426,149172792532,149173077845
1785168930259677832,0.0,145.1960532776426,149222529889,149222931630
1785168930309677832,0.0,145.1960532776426,149272542781,149272936277
1785168930359677832,0.0,145.1960532776426,149322529685,149322912581
1785168930409677832,0.0,145.1960532776426,149372771300,149373140570
1785168930459677832,0.0,145.1960532776426,149422598505,149423168460
1785168930509677832,0.0,145.1960532776426,149472545584,149473120419
1785168930559677832,0.0,145.1960532776426,149522657539,149523290963
1785168930609677832,0.0,145.1960532776426,149572620902,149572945769
1785168930659677832,0.0,145.1960532776426,149622729259,149623117345
1785168930709677832,0.0,145.1960532776426,149672617712,149672919487
1785168930759677832,0.0,145.1960532776426,149722686516,149723033996
1785168930809677832,0.0,145.1960532776426,149772623881,149772959198
1785168930859677832,0.0,145.1960532776426,149822751815,149823115285
1785168930909677832,0.0,145.1960532776426,149872724836,149873373829
1785168930959677832,0.0,145.1960532776426,149922595470,149922886924
1785168931009677832,0.0,145.1960532776426,149972591604,149972927281
1785168931059677832,0.0,145.1960532776426,150022743323,150023141497
1785168931109677832,0.0,145.1960532776426,150072565829,150072863857
1785168931159677832,0.0,145.1960532776426,150122632365,150122940441
1785168931209677832,0.0,145.1960532776426,150172572061,150172866661
1785168931259677832,0.0,145.1960532776426,150222777153,150223195064
1785168931309677832,0.0,145.1960532776426,150272657988,150272963790
1785168931359677832,0.0,145.1960532776426,150322677680,150322990956
1785168931409677832,0.0,145.1960532776426,150372572682,150373282790
1785168931459677832,0.0,145.1960532776426,150422651478,150422947762
1785168931509677832,0.0,145.1960532776426,150472717329,150473116295
1785168931559677832,0.0,145.1960532776426,150522775540,150523145912
1785168931609677832,0.0,145.1960532776426,150572733226,150573151828
1785168931659677832,0.0,145.1960532776426,150622791707,150623154915
1785168931709677832,0.0,145.1960532776426,150672767179,150673191833
1785168931759677832,0.0,145.1960532776426,150722804116,150723492884
1785168931809677832,0.0,145.1960532776426,150772827375,150773248292
1785168931859677832,0.0,145.1960532776426,150822726207,150823134962
1785168931909677832,0.0,145.1960532776426,150872704886,150873063186
