bag,group,baseline_rmse,candidate_rmse,delta,percent,baseline_distance,candidate_distance
30618_0686195f,d5d5fc429697e8bf,0.09539956352151543,0.09539863010031871,-9.33421196724904e-07,-0.000978433403953094,7.531152786190382,7.531149045737681
30618_2255aade,48efdde376d950e5,,,,,,
30618_2dbce472,34ae07f7ed1bd75f,0.08815503408414375,0.0881543584620949,-6.756220488485232e-07,-0.0007664021185682657,0.6283864947767558,0.6284487865681012
30618_2f104a1d,34ae07f7ed1bd75f,0.046442374157292826,0.04644140602062934,-9.681366634831101e-07,-0.002084597699947288,0.2766267540604638,0.27665379132673396
30618_437e855c,5a956d7a8a9351ca,0.03307485092506367,0.033076275222841046,1.4242977773790133e-06,0.0043062863098297655,0.4551661636840509,0.45525671932236855
30618_49fe4c54,df3d0a78924ca32f,0.4683602661453608,0.4683603855042866,1.193589257986183e-07,2.548442608052426e-05,1.5315268486929488,1.53149013075545
30618_4e1e3181,48efdde376d950e5,,,,,,
30618_68847170,df3d0a78924ca32f,0.03676378650460573,0.0367637856444726,-8.601331313862204e-10,-2.339620619462579e-06,0.5499655013078862,0.5499815118145651
30618_68d1748a,58e34644448d6bb0,0.23216451643303626,0.23216479314197333,2.767089370692144e-07,0.00011918657567555613,2.1388010681311207,2.138771159087296
30618_76e1f9c7,79bdd79f6b346e24,0.030942255664890637,0.03094248396662044,2.2830172980228824e-07,0.0007378315668882252,0.4147414391693821,0.41492006456979225
30618_7bfbb5ed,48efdde376d950e5,,,,,,
30618_95c49c30,48efdde376d950e5,,,,,,
30618_b15eafc3,58e34644448d6bb0,0.029810630850273013,0.029810879511098703,2.486608256906109e-07,0.0008341347317974979,0.3711656420366398,0.37116514419134006
30618_b8044aa0,79bdd79f6b346e24,0.028235714005548522,0.028234003900374942,-1.7101051735801676e-06,-0.00605653242289339,0.3100012632067797,0.30995319175678365
30618_defd0170,40b8a1546c9f9e1e,0.11174334384049475,0.11174333700543282,-6.835061933108122e-09,-6.116750850271302e-06,6.8606082784172155,6.860606117633276
30639_3b3d9eb8,f745e5b1c4188e82,0.22654468529286154,0.22654455090941586,-1.3438344567684446e-07,-5.931873683362454e-05,19.704647131428494,19.704009202684777
30639_50956d6e,d80cd9b6a7637318,0.2493424409394701,0.24933860562119942,-3.835318270695165e-06,-0.0015381730668284632,4.795142212093529,4.7956108150603995
30639_9f0b519f,d80cd9b6a7637318,0.03588770560303541,0.03588770560303541,0.0,0.0,6.676744353091513,6.676744353091513
30639_d601d28f,f745e5b1c4188e82,0.10881257745867969,0.10881060280201729,-1.9746566623929374e-06,-0.0018147319992833921,15.62704858974387,15.626891618200068
