suite,bag,group,receiver,fault,start,duration,model,n,coverage,rmse,mae,bias,p95,event_rmse,recovery_s,false_stop_samples,distance_rmse
clean,30618_0652866c,8269991eafa82c45,master,,,,main,28586,0.9787379737734104,0.03581761396605538,0.025328524151279418,-0.011421300051586581,0.07223971684486141,,,0,0.3470724769444702
clean,30618_0652866c,8269991eafa82c45,master,,,,candidate,28586,0.9787379737734104,0.03486792410534987,0.024931460796069452,-0.010287157238341851,0.07079303223863931,,,0,0.3114039070500697
clean,30618_0652866c,8269991eafa82c45,rover,,,,main,27714,0.9488821173006471,0.03639643781273983,0.025289953323253747,-0.011361611597974101,0.07483102095709845,,,0,0.4759879524296647
clean,30618_0652866c,8269991eafa82c45,rover,,,,candidate,27714,0.9488821173006471,0.035416399556095636,0.024874097168982236,-0.010228468733359267,0.07383573378105303,,,0,0.4394566691086621
clean,30618_073f08d1,8269991eafa82c45,master,,,,main,24724,0.9720081773863815,0.03348245154291824,0.023108869787608212,-0.006070035787324373,0.06937720395129368,,,0,0.22510198625126168
clean,30618_073f08d1,8269991eafa82c45,master,,,,candidate,24724,0.9720081773863815,0.03292380196252165,0.022904301234925182,-0.005127168850175483,0.06905736234985826,,,0,0.21303443231824246
clean,30618_073f08d1,8269991eafa82c45,rover,,,,main,24530,0.9643811920113226,0.03438795608244706,0.024009384607715595,-0.006689857347010079,0.0719216728809112,,,0,0.5466859334919867
clean,30618_073f08d1,8269991eafa82c45,rover,,,,candidate,24530,0.9643811920113226,0.03388101391798751,0.023816124877836735,-0.005766882933900857,0.07129839294756594,,,0,0.5231371396484579
clean,30618_117c2d02,664cca45aeb0db23,master,,,,main,0,0.0,,,,,,,0,
clean,30618_117c2d02,664cca45aeb0db23,master,,,,candidate,0,0.0,,,,,,,0,
clean,30618_117c2d02,664cca45aeb0db23,rover,,,,main,0,0.0,,,,,,,0,
clean,30618_117c2d02,664cca45aeb0db23,rover,,,,candidate,0,0.0,,,,,,,0,
clean,30618_1551d0a9,8269991eafa82c45,master,,,,main,22,0.9565217391304348,0.003942772444036626,0.003545454545454546,-0.003545454545454546,0.00695,,,0,0.0022139408508153715
clean,30618_1551d0a9,8269991eafa82c45,master,,,,candidate,22,0.9565217391304348,0.003942772444036626,0.003545454545454546,-0.003545454545454546,0.00695,,,0,0.0022139408508153715
clean,30618_1551d0a9,8269991eafa82c45,rover,,,,main,22,0.9565217391304348,0.004033946860424326,0.0033636363636363647,-0.0033636363636363647,0.007,,,0,0.002231565899460818
clean,30618_1551d0a9,8269991eafa82c45,rover,,,,candidate,22,0.9565217391304348,0.004033946860424326,0.0033636363636363647,-0.0033636363636363647,0.007,,,0,0.002231565899460818
clean,30618_27e994fc,711abb923942f9fe,master,,,,main,37199,0.9803399657398867,0.16363254547951553,0.042800840605809985,-0.026264077712623596,0.12450286937004977,,,0,1.6812826250370876
clean,30618_27e994fc,711abb923942f9fe,master,,,,candidate,37199,0.9803399657398867,0.16268930519512073,0.04144601546007142,-0.02433937505353198,0.11537530788656644,,,0,1.5944454518816886
clean,30618_27e994fc,711abb923942f9fe,rover,,,,main,37143,0.9788641454737119,0.15909625801028546,0.04155353317847114,-0.028081437516887502,0.12327414179729806,,,0,1.116948628798278
clean,30618_27e994fc,711abb923942f9fe,rover,,,,candidate,37143,0.9788641454737119,0.15807863763588667,0.04015961918617604,-0.02618303934767992,0.11513769572518254,,,0,1.0966128279669654
clean,30618_3e012faf,664cca45aeb0db23,master,,,,main,0,0.0,,,,,,,0,
clean,30618_3e012faf,664cca45aeb0db23,master,,,,candidate,0,0.0,,,,,,,0,
clean,30618_3e012faf,664cca45aeb0db23,rover,,,,main,0,0.0,,,,,,,0,
clean,30618_3e012faf,664cca45aeb0db23,rover,,,,candidate,0,0.0,,,,,,,0,
clean,30618_46e21b9b,664cca45aeb0db23,master,,,,main,0,0.0,,,,,,,0,
clean,30618_46e21b9b,664cca45aeb0db23,master,,,,candidate,0,0.0,,,,,,,0,
clean,30618_46e21b9b,664cca45aeb0db23,rover,,,,main,0,0.0,,,,,,,0,
clean,30618_46e21b9b,664cca45aeb0db23,rover,,,,candidate,0,0.0,,,,,,,0,
clean,30618_5036aa78,664cca45aeb0db23,master,,,,main,0,0.0,,,,,,,0,
clean,30618_5036aa78,664cca45aeb0db23,master,,,,candidate,0,0.0,,,,,,,0,
clean,30618_5036aa78,664cca45aeb0db23,rover,,,,main,0,0.0,,,,,,,0,
clean,30618_5036aa78,664cca45aeb0db23,rover,,,,candidate,0,0.0,,,,,,,0,
clean,30618_74559c73,664cca45aeb0db23,master,,,,main,0,0.0,,,,,,,0,
clean,30618_74559c73,664cca45aeb0db23,master,,,,candidate,0,0.0,,,,,,,0,
clean,30618_74559c73,664cca45aeb0db23,rover,,,,main,0,0.0,,,,,,,0,
clean,30618_74559c73,664cca45aeb0db23,rover,,,,candidate,0,0.0,,,,,,,0,
clean,30618_88548b02,711abb923942f9fe,master,,,,main,24833,0.9909021986353298,0.050336406717138904,0.03654137905188038,-0.030652837222753776,0.10232414189425944,,,0,2.8397907385231904
clean,30618_88548b02,711abb923942f9fe,master,,,,candidate,24833,0.9909021986353298,0.05086474731085597,0.03686794902721416,-0.030104106331650896,0.10347840931509887,,,0,2.810953855018978
clean,30618_88548b02,711abb923942f9fe,rover,,,,main,24673,0.9845177766250349,0.05086529861779218,0.03695173712221383,-0.03100029830590161,0.1037368000021362,,,0,1.9392125883370643
clean,30618_88548b02,711abb923942f9fe,rover,,,,candidate,24673,0.9845177766250349,0.05138697512829991,0.0372855858806391,-0.030442713016840206,0.10492688415709991,,,0,1.9318224699833921
clean,30618_bcc9e7a2,664cca45aeb0db23,master,,,,main,0,0.0,,,,,,,0,
clean,30618_bcc9e7a2,664cca45aeb0db23,master,,,,candidate,0,0.0,,,,,,,0,
clean,30618_bcc9e7a2,664cca45aeb0db23,rover,,,,main,0,0.0,,,,,,,0,
clean,30618_bcc9e7a2,664cca45aeb0db23,rover,,,,candidate,0,0.0,,,,,,,0,
clean,30618_e151d6e4,664cca45aeb0db23,master,,,,main,0,0.0,,,,,,,0,
clean,30618_e151d6e4,664cca45aeb0db23,master,,,,candidate,0,0.0,,,,,,,0,
clean,30618_e151d6e4,664cca45aeb0db23,rover,,,,main,0,0.0,,,,,,,0,
clean,30618_e151d6e4,664cca45aeb0db23,rover,,,,candidate,0,0.0,,,,,,,0,
clean,30639_0ab96c59,2cd82bc27dbad052,master,,,,main,1592,0.9993722536095417,0.018981005982407435,0.006284063129902641,-0.002179024853688053,0.013528623835174438,,,0,0.11011468379779153
clean,30639_0ab96c59,2cd82bc27dbad052,master,,,,candidate,1592,0.9993722536095417,0.019934547932945194,0.0063846733384604224,-0.0017690766404973688,0.01445381714108218,,,0,0.09789435640937875
clean,30639_0ab96c59,2cd82bc27dbad052,rover,,,,main,1592,0.9993722536095417,0.019389049497011826,0.006765810322137451,-0.0025772660597182034,0.015999999999999997,,,0,0.13322449416239673
clean,30639_0ab96c59,2cd82bc27dbad052,rover,,,,candidate,1592,0.9993722536095417,0.020441923836123727,0.0069609912028576505,-0.0021673178465275197,0.017,,,0,0.12026654354270612
clean,30639_9c362687,a8a4c11ebcc1dde2,master,,,,main,27156,0.9988230101515374,0.07832969221186231,0.04530803814455253,0.01955911724427634,0.11421708881508164,,,0,16.067518821165372
clean,30639_9c362687,a8a4c11ebcc1dde2,master,,,,candidate,27156,0.9988230101515374,0.07764022736445475,0.044905227388102556,0.020858893439572937,0.11266481917825377,,,0,16.332773004947555
clean,30639_9c362687,a8a4c11ebcc1dde2,rover,,,,main,27096,0.9966161541856702,0.16237357481214673,0.05247213454195867,0.01978766358173068,0.12219023038955679,,,0,19.212920562989922
clean,30639_9c362687,a8a4c11ebcc1dde2,rover,,,,candidate,27096,0.9966161541856702,0.16204226671583694,0.0521233456766769,0.021075598790169695,0.12063734891000655,,,0,19.516835760770103
clean,30639_c31df386,70bb14d1c90f301f,master,,,,main,24006,0.8811158010644154,0.06253184971146651,0.046091496620704005,0.028717676524354117,0.1276898592840081,,,0,4.058011804137411
clean,30639_c31df386,70bb14d1c90f301f,master,,,,candidate,24006,0.8811158010644154,0.062155174042398516,0.046096437242933164,0.02998097987725018,0.12715365479821683,,,0,4.167185164423144
clean,30639_c31df386,70bb14d1c90f301f,rover,,,,main,27162,0.9969535694622866,0.06488326117957367,0.04730059884625296,0.03258407515642759,0.13204690067272268,,,0,28.322408034794446
clean,30639_c31df386,70bb14d1c90f301f,rover,,,,candidate,27162,0.9969535694622866,0.06452713921789867,0.047270580706793276,0.03372450444144521,0.13147068570749748,,,0,28.835916806570935
clean,30639_dce52be4,70bb14d1c90f301f,master,,,,main,21963,0.9580788693072763,0.3600590120977054,0.061033525620136996,0.047715848332589975,0.12187388870653612,,,0,11.266619291972654
clean,30639_dce52be4,70bb14d1c90f301f,master,,,,candidate,21963,0.9580788693072763,0.36010419342455635,0.06138220156056109,0.04818319901192871,0.12166927067256043,,,0,11.350693166896013
clean,30639_dce52be4,70bb14d1c90f301f,rover,,,,main,22798,0.9945035770371663,0.10320819551241453,0.053495927559678,0.03982032099672915,0.12686949016965424,,,0,3.9919015095513934
clean,30639_dce52be4,70bb14d1c90f301f,rover,,,,candidate,22798,0.9945035770371663,0.10342700373721489,0.05382599230774156,0.040257837368071106,0.1266725906312494,,,0,4.049453904838118
clean,30639_e4379d7f,a0c46036cc19092a,master,,,,main,0,0.0,,,,,,,0,
clean,30639_e4379d7f,a0c46036cc19092a,master,,,,candidate,0,0.0,,,,,,,0,
clean,30639_e4379d7f,a0c46036cc19092a,rover,,,,main,11410,0.3966764010568766,0.13814212669565956,0.04530186424414684,0.019914317950860905,0.11662264361818621,,,0,0.02928796648509978
clean,30639_e4379d7f,a0c46036cc19092a,rover,,,,candidate,11410,0.3966764010568766,0.13824322738927802,0.04554103080583631,0.020375264777088595,0.11696490042433456,,,0,0.029833278540042422
original,30618_0652866c,8269991eafa82c45,master,bias,156.9,5.0,main,300,0.4291845493562232,0.03272535079417663,0.02492969588341831,-0.006788001148673842,0.06935872162869577,0.046062129388877174,0.006544645999980503,0,
original,30618_0652866c,8269991eafa82c45,master,bias,156.9,5.0,candidate,300,0.4291845493562232,0.03581630922058296,0.027482323277265075,-0.006443685494028921,0.07454876895519187,0.04930754103564016,0.006544645999980503,0,
original,30618_0652866c,8269991eafa82c45,rover,bias,156.9,5.0,main,300,0.4291845493562232,0.03676987861681634,0.028762094182646827,-0.00672133448200718,0.0746185757748848,0.049277182132701,0.006544645999980503,0,
original,30618_0652866c,8269991eafa82c45,rover,bias,156.9,5.0,candidate,300,0.4291845493562232,0.04017202846197265,0.031220031033065043,-0.006377018827362254,0.08703864957889608,0.05256985477539142,0.006544645999980503,0,
original,30618_0652866c,8269991eafa82c45,master,dropout,156.9,5.0,main,300,0.4291845493562232,0.060735492283645706,0.03871130266178159,-0.028266980066455137,0.15125532413407242,0.09999648347634237,0.006544645999980503,0,
original,30618_0652866c,8269991eafa82c45,master,dropout,156.9,5.0,candidate,300,0.4291845493562232,0.0885863700905283,0.05563016153535527,-0.044074521664011546,0.217437372189144,0.14756491367423796,0.006544645999980503,0,
original,30618_0652866c,8269991eafa82c45,rover,dropout,156.9,5.0,main,300,0.4291845493562232,0.06378728804192392,0.042706669651826165,-0.02820031339978847,0.1566413773566227,0.10298372524688669,0.006544645999980503,0,
original,30618_0652866c,8269991eafa82c45,rover,dropout,156.9,5.0,candidate,300,0.4291845493562232,0.0920658542116313,0.05881983351767476,-0.04400785499734488,0.22771609169364493,0.15139734424984533,0.006544645999980503,0,
original,30618_0652866c,8269991eafa82c45,master,dropout,156.9,10.0,main,400,0.5,0.14278282541009035,0.09794992338239354,-0.09071652905036885,0.32837830710219545,0.15780494520013125,1.2565446459999805,0,
original,30618_0652866c,8269991eafa82c45,master,dropout,156.9,10.0,candidate,400,0.5,0.476080637242666,0.2847099073042193,-0.27930213835865475,1.1852625696965153,0.4507535413231692,1.7565446459999805,0,
original,30618_0652866c,8269991eafa82c45,rover,dropout,156.9,10.0,main,400,0.5,0.1448776244264721,0.10157153848913819,-0.08643152905036883,0.3303845266293857,0.1604127348839681,1.2565446459999805,0,
original,30618_0652866c,8269991eafa82c45,rover,dropout,156.9,10.0,candidate,400,0.5,0.47838063737675574,0.28754226992617943,-0.2750171383586547,1.195187676643959,0.45307340814988245,1.7565446459999805,0,
original,30618_0652866c,8269991eafa82c45,master,lock,156.9,3.0,main,260,0.3945371775417299,0.032723406564617336,0.024876491227769155,-0.012854301665481875,0.0641047904467125,0.04609706040210767,0.006544645999980503,0,
original,30618_0652866c,8269991eafa82c45,master,lock,156.9,3.0,candidate,260,0.3945371775417299,0.049049815703792306,0.03415973854964602,-0.02102915420948983,0.12266722529750682,0.07974044297775894,0.006544645999980503,0,
original,30618_0652866c,8269991eafa82c45,rover,lock,156.9,3.0,main,260,0.3945371775417299,0.03751089853930301,0.02921382728148195,-0.013815840127020335,0.07895312783187086,0.046350605584348885,0.006544645999980503,0,
original,30618_0652866c,8269991eafa82c45,rover,lock,156.9,3.0,candidate,260,0.3945371775417299,0.053662198009566876,0.03730356416473316,-0.021990692671028288,0.1140934410154891,0.080396862089417,0.006544645999980503,0,
original,30618_073f08d1,8269991eafa82c45,master,bias,127.60000000000001,5.000000000000014,main,296,0.4222539229671897,0.0719475947465785,0.05889268165063283,-0.056196096470605736,0.13832764441102985,0.08876829296488531,0.015782163999972454,0,
original,30618_073f08d1,8269991eafa82c45,master,bias,127.60000000000001,5.000000000000014,candidate,296,0.4222539229671897,0.05056904056544049,0.03828508173282819,-0.03120986575575002,0.10650550757586175,0.05969127593616304,0.015782163999972454,0,
original,30618_073f08d1,8269991eafa82c45,rover,bias,127.60000000000001,5.000000000000014,main,270,0.38516405135520687,0.06770508521405613,0.055731847870782246,-0.05234431895582459,0.12995352136420435,0.08549924140752002,0.015782163999972454,0,
original,30618_073f08d1,8269991eafa82c45,rover,bias,127.60000000000001,5.000000000000014,candidate,270,0.38516405135520687,0.04700275416568092,0.035622053698646294,-0.028316045779230945,0.10115666242716827,0.0569498268816508,0.015782163999972454,0,
original,30618_073f08d1,8269991eafa82c45,master,dropout,127.60000000000001,5.000000000000014,main,296,0.4222539229671897,0.4383886653479657,0.266062361201065,-0.26336581556990035,0.9976150616236689,0.7644039095639792,0.015782163999972454,0,
original,30618_073f08d1,8269991eafa82c45,master,dropout,127.60000000000001,5.000000000000014,candidate,296,0.4222539229671897,0.15769908590170278,0.10587571938572019,-0.09910579036758124,0.33480357030946173,0.26895643159609656,0.015782163999972454,0,
original,30618_073f08d1,8269991eafa82c45,rover,dropout,127.60000000000001,5.000000000000014,main,270,0.38516405135520687,0.3848142665552842,0.21313721653478915,-0.20974968799318608,0.9946232326365136,0.7487385273836106,0.015782163999972454,0,
original,30618_073f08d1,8269991eafa82c45,rover,dropout,127.60000000000001,5.000000000000014,candidate,270,0.38516405135520687,0.13512918673992488,0.08521955890845549,-0.07810259905080359,0.34303054529006904,0.2552110758566934,0.015782163999972454,0,
original,30618_073f08d1,8269991eafa82c45,master,dropout,127.60000000000001,10.000000000000014,main,388,0.484394506866417,1.6052568690353133,1.082916113052812,-1.0685287848928657,3.513288028621289,1.5693744405944205,2.165782163999978,0,
original,30618_073f08d1,8269991eafa82c45,master,dropout,127.60000000000001,10.000000000000014,candidate,388,0.484394506866417,0.39094358873593754,0.24523347175397728,-0.22809998882740418,0.9447326392251432,0.5384172242594653,0.06578216399998382,0,
original,30618_073f08d1,8269991eafa82c45,rover,dropout,127.60000000000001,10.000000000000014,main,352,0.4394506866416979,1.6700724718700863,1.132961278710576,-1.1183682668592612,3.5301412307808184,1.6565414833891217,2.165782163999978,0,
original,30618_073f08d1,8269991eafa82c45,rover,dropout,127.60000000000001,10.000000000000014,candidate,352,0.4394506866416979,0.40248593605051863,0.24676564980003599,-0.2291611097369402,0.9809495504418845,0.5663599988781929,0.06578216399998382,0,
original,30618_073f08d1,8269991eafa82c45,master,lock,127.60000000000001,3.000000000000014,main,256,0.3878787878787879,0.2928063488775902,0.1705611488426664,-0.1701161591982193,0.7275292927100316,0.5925587417854886,0.11578216399996677,0,
original,30618_073f08d1,8269991eafa82c45,master,lock,127.60000000000001,3.000000000000014,candidate,256,0.3878787878787879,0.1474710086360885,0.09293644005582544,-0.09006840778862026,0.35632589688306715,0.2980105908998889,0.11578216399996677,0,
original,30618_073f08d1,8269991eafa82c45,rover,lock,127.60000000000001,3.000000000000014,main,230,0.3484848484848485,0.2212343035082436,0.12545343762540176,-0.12483928531126667,0.6735219926446587,0.5012545337439237,0.5657821639999838,0,
original,30618_073f08d1,8269991eafa82c45,rover,lock,127.60000000000001,3.000000000000014,candidate,230,0.3484848484848485,0.12629327766161388,0.07459494984744165,-0.07199916670902075,0.35580486475996315,0.28761356778178876,0.5657821639999838,0,
original,30618_117c2d02,664cca45aeb0db23,master,bias,141.4,5.0,main,0,0.0,,,,,,,0,
original,30618_117c2d02,664cca45aeb0db23,master,bias,141.4,5.0,candidate,0,0.0,,,,,,,0,
original,30618_117c2d02,664cca45aeb0db23,rover,bias,141.4,5.0,main,0,0.0,,,,,,,0,
original,30618_117c2d02,664cca45aeb0db23,rover,bias,141.4,5.0,candidate,0,0.0,,,,,,,0,
original,30618_117c2d02,664cca45aeb0db23,master,dropout,141.4,5.0,main,0,0.0,,,,,,,0,
original,30618_117c2d02,664cca45aeb0db23,master,dropout,141.4,5.0,candidate,0,0.0,,,,,,,0,
original,30618_117c2d02,664cca45aeb0db23,rover,dropout,141.4,5.0,main,0,0.0,,,,,,,0,
original,30618_117c2d02,664cca45aeb0db23,rover,dropout,141.4,5.0,candidate,0,0.0,,,,,,,0,
original,30618_117c2d02,664cca45aeb0db23,master,dropout,141.4,10.0,main,0,0.0,,,,,,,0,
original,30618_117c2d02,664cca45aeb0db23,master,dropout,141.4,10.0,candidate,0,0.0,,,,,,,0,
original,30618_117c2d02,664cca45aeb0db23,rover,dropout,141.4,10.0,main,0,0.0,,,,,,,0,
original,30618_117c2d02,664cca45aeb0db23,rover,dropout,141.4,10.0,candidate,0,0.0,,,,,,,0,
original,30618_117c2d02,664cca45aeb0db23,master,lock,141.4,3.0,main,0,0.0,,,,,,,0,
original,30618_117c2d02,664cca45aeb0db23,master,lock,141.4,3.0,candidate,0,0.0,,,,,,,0,
original,30618_117c2d02,664cca45aeb0db23,rover,lock,141.4,3.0,main,0,0.0,,,,,,,0,
original,30618_117c2d02,664cca45aeb0db23,rover,lock,141.4,3.0,candidate,0,0.0,,,,,,,0,
original,30618_27e994fc,711abb923942f9fe,master,bias,190.10000000000002,5.0,main,300,0.42857142857142855,0.39988033691045693,0.2882549108117785,0.2708093846525646,0.940785138727716,0.11560710653848347,7.450035174999982,0,
original,30618_27e994fc,711abb923942f9fe,master,bias,190.10000000000002,5.0,candidate,300,0.42857142857142855,0.4022679837112015,0.2914739198702306,0.273564051288978,0.9427572296409304,0.12201051269846411,7.450035174999982,0,
original,30618_27e994fc,711abb923942f9fe,rover,bias,190.10000000000002,5.0,main,292,0.41714285714285715,0.40527258519419707,0.2927562781863184,0.27801214901713434,0.9679023561569751,0.12083156481938344,7.450035174999982,0,
original,30618_27e994fc,711abb923942f9fe,rover,bias,190.10000000000002,5.0,candidate,292,0.41714285714285715,0.40763588038446386,0.2960293938370406,0.28069285209811456,0.9693874774081398,0.1274959111695989,7.450035174999982,0,
original,30618_27e994fc,711abb923942f9fe,master,dropout,190.10000000000002,5.0,main,300,0.42857142857142855,0.39700639311017694,0.28095699216458636,0.2635081477371991,0.9407851585469458,0.08948210461103095,7.450035174999982,0,
original,30618_27e994fc,711abb923942f9fe,master,dropout,190.10000000000002,5.0,candidate,300,0.42857142857142855,0.40802357566857955,0.30277017684539975,0.2874528476797994,0.9427572169268247,0.17157671667038868,7.450035174999982,0,
original,30618_27e994fc,711abb923942f9fe,rover,dropout,190.10000000000002,5.0,main,292,0.41714285714285715,0.4024149764759493,0.28600470660332816,0.2709076151734396,0.9679023707615844,0.09357727528727404,7.450035174999982,0,
original,30618_27e994fc,711abb923942f9fe,rover,dropout,190.10000000000002,5.0,candidate,292,0.41714285714285715,0.41358956647892725,0.30787321123573574,0.2944501581626365,0.96938746803927,0.17852581129116374,7.450035174999982,0,
original,30618_27e994fc,711abb923942f9fe,master,dropout,190.10000000000002,10.0,main,400,0.5,0.3247641192561688,0.19715493967057682,0.1781395605967476,0.863931559838356,0.24443268632171536,2.4500351749999822,0,
original,30618_27e994fc,711abb923942f9fe,master,dropout,190.10000000000002,10.0,candidate,400,0.5,0.47213811676824397,0.3144237460307513,0.29701411739166395,0.8973824720460443,0.5344956045802505,2.4500351749999822,0,
original,30618_27e994fc,711abb923942f9fe,rover,dropout,190.10000000000002,10.0,main,388,0.485,0.32980573198571733,0.20115928129117444,0.18364519981975655,0.8367273894292997,0.24515450546543252,2.400035174999971,0,
original,30618_27e994fc,711abb923942f9fe,rover,dropout,190.10000000000002,10.0,candidate,388,0.485,0.47783520816067965,0.320415715434221,0.304168006462356,0.891377233776721,0.5404393295840828,2.4500351749999822,0,
original,30618_27e994fc,711abb923942f9fe,master,lock,190.10000000000002,3.0,main,260,0.3945371775417299,0.4246722489278812,0.3177646811326069,0.3047157868959055,0.9719125810815643,0.0429475732570077,3.517499999361462e-05,0,
original,30618_27e994fc,711abb923942f9fe,master,lock,190.10000000000002,3.0,candidate,260,0.3945371775417299,0.42666790577558866,0.3225795350589376,0.3135844139001132,0.9757794583331761,0.05647317288540285,3.517499999361462e-05,0,
original,30618_27e994fc,711abb923942f9fe,rover,lock,190.10000000000002,3.0,main,252,0.38239757207890746,0.4313427008886167,0.32461325011807307,0.31438146493354446,0.9832520031484692,0.038466047613189294,0.30003517499997656,0,
original,30618_27e994fc,711abb923942f9fe,rover,lock,190.10000000000002,3.0,candidate,252,0.38239757207890746,0.4333167256545306,0.3296555462860019,0.3230084660145291,0.9921592443741629,0.05078349923381763,0.30003517499997656,0,
original,30618_3e012faf,664cca45aeb0db23,master,bias,102.7,5.0,main,0,0.0,,,,,,,0,
original,30618_3e012faf,664cca45aeb0db23,master,bias,102.7,5.0,candidate,0,0.0,,,,,,,0,
original,30618_3e012faf,664cca45aeb0db23,rover,bias,102.7,5.0,main,0,0.0,,,,,,,0,
original,30618_3e012faf,664cca45aeb0db23,rover,bias,102.7,5.0,candidate,0,0.0,,,,,,,0,
original,30618_3e012faf,664cca45aeb0db23,master,dropout,102.7,5.0,main,0,0.0,,,,,,,0,
original,30618_3e012faf,664cca45aeb0db23,master,dropout,102.7,5.0,candidate,0,0.0,,,,,,,0,
original,30618_3e012faf,664cca45aeb0db23,rover,dropout,102.7,5.0,main,0,0.0,,,,,,,0,
original,30618_3e012faf,664cca45aeb0db23,rover,dropout,102.7,5.0,candidate,0,0.0,,,,,,,0,
original,30618_3e012faf,664cca45aeb0db23,master,dropout,102.7,10.0,main,0,0.0,,,,,,,0,
original,30618_3e012faf,664cca45aeb0db23,master,dropout,102.7,10.0,candidate,0,0.0,,,,,,,0,
original,30618_3e012faf,664cca45aeb0db23,rover,dropout,102.7,10.0,main,0,0.0,,,,,,,0,
original,30618_3e012faf,664cca45aeb0db23,rover,dropout,102.7,10.0,candidate,0,0.0,,,,,,,0,
original,30618_3e012faf,664cca45aeb0db23,master,lock,102.7,3.0,main,0,0.0,,,,,,,0,
original,30618_3e012faf,664cca45aeb0db23,master,lock,102.7,3.0,candidate,0,0.0,,,,,,,0,
original,30618_3e012faf,664cca45aeb0db23,rover,lock,102.7,3.0,main,0,0.0,,,,,,,0,
original,30618_3e012faf,664cca45aeb0db23,rover,lock,102.7,3.0,candidate,0,0.0,,,,,,,0,
original,30618_46e21b9b,664cca45aeb0db23,master,bias,141.4,5.0,main,0,0.0,,,,,,,0,
original,30618_46e21b9b,664cca45aeb0db23,master,bias,141.4,5.0,candidate,0,0.0,,,,,,,0,
original,30618_46e21b9b,664cca45aeb0db23,rover,bias,141.4,5.0,main,0,0.0,,,,,,,0,
original,30618_46e21b9b,664cca45aeb0db23,rover,bias,141.4,5.0,candidate,0,0.0,,,,,,,0,
original,30618_46e21b9b,664cca45aeb0db23,master,dropout,141.4,5.0,main,0,0.0,,,,,,,0,
original,30618_46e21b9b,664cca45aeb0db23,master,dropout,141.4,5.0,candidate,0,0.0,,,,,,,0,
original,30618_46e21b9b,664cca45aeb0db23,rover,dropout,141.4,5.0,main,0,0.0,,,,,,,0,
original,30618_46e21b9b,664cca45aeb0db23,rover,dropout,141.4,5.0,candidate,0,0.0,,,,,,,0,
original,30618_46e21b9b,664cca45aeb0db23,master,dropout,141.4,10.0,main,0,0.0,,,,,,,0,
original,30618_46e21b9b,664cca45aeb0db23,master,dropout,141.4,10.0,candidate,0,0.0,,,,,,,0,
original,30618_46e21b9b,664cca45aeb0db23,rover,dropout,141.4,10.0,main,0,0.0,,,,,,,0,
original,30618_46e21b9b,664cca45aeb0db23,rover,dropout,141.4,10.0,candidate,0,0.0,,,,,,,0,
original,30618_46e21b9b,664cca45aeb0db23,master,lock,141.4,3.0,main,0,0.0,,,,,,,0,
original,30618_46e21b9b,664cca45aeb0db23,master,lock,141.4,3.0,candidate,0,0.0,,,,,,,0,
original,30618_46e21b9b,664cca45aeb0db23,rover,lock,141.4,3.0,main,0,0.0,,,,,,,0,
original,30618_46e21b9b,664cca45aeb0db23,rover,lock,141.4,3.0,candidate,0,0.0,,,,,,,0,
original,30618_5036aa78,664cca45aeb0db23,master,bias,25.1,5.0,main,0,0.0,,,,,,,0,
original,30618_5036aa78,664cca45aeb0db23,master,bias,25.1,5.0,candidate,0,0.0,,,,,,,0,
original,30618_5036aa78,664cca45aeb0db23,rover,bias,25.1,5.0,main,0,0.0,,,,,,,0,
original,30618_5036aa78,664cca45aeb0db23,rover,bias,25.1,5.0,candidate,0,0.0,,,,,,,0,
original,30618_5036aa78,664cca45aeb0db23,master,dropout,25.1,5.0,main,0,0.0,,,,,,,0,
original,30618_5036aa78,664cca45aeb0db23,master,dropout,25.1,5.0,candidate,0,0.0,,,,,,,0,
original,30618_5036aa78,664cca45aeb0db23,rover,dropout,25.1,5.0,main,0,0.0,,,,,,,0,
original,30618_5036aa78,664cca45aeb0db23,rover,dropout,25.1,5.0,candidate,0,0.0,,,,,,,0,
original,30618_5036aa78,664cca45aeb0db23,master,dropout,25.1,10.0,main,0,0.0,,,,,,,0,
original,30618_5036aa78,664cca45aeb0db23,master,dropout,25.1,10.0,candidate,0,0.0,,,,,,,0,
original,30618_5036aa78,664cca45aeb0db23,rover,dropout,25.1,10.0,main,0,0.0,,,,,,,0,
original,30618_5036aa78,664cca45aeb0db23,rover,dropout,25.1,10.0,candidate,0,0.0,,,,,,,0,
original,30618_5036aa78,664cca45aeb0db23,master,lock,25.1,3.0,main,0,0.0,,,,,,,0,
original,30618_5036aa78,664cca45aeb0db23,master,lock,25.1,3.0,candidate,0,0.0,,,,,,,0,
original,30618_5036aa78,664cca45aeb0db23,rover,lock,25.1,3.0,main,0,0.0,,,,,,,0,
original,30618_5036aa78,664cca45aeb0db23,rover,lock,25.1,3.0,candidate,0,0.0,,,,,,,0,
original,30618_74559c73,664cca45aeb0db23,master,bias,62.800000000000004,5.000000000000007,main,0,0.0,,,,,,,0,
original,30618_74559c73,664cca45aeb0db23,master,bias,62.800000000000004,5.000000000000007,candidate,0,0.0,,,,,,,0,
original,30618_74559c73,664cca45aeb0db23,rover,bias,62.800000000000004,5.000000000000007,main,0,0.0,,,,,,,0,
original,30618_74559c73,664cca45aeb0db23,rover,bias,62.800000000000004,5.000000000000007,candidate,0,0.0,,,,,,,0,
original,30618_74559c73,664cca45aeb0db23,master,dropout,62.800000000000004,5.000000000000007,main,0,0.0,,,,,,,0,
original,30618_74559c73,664cca45aeb0db23,master,dropout,62.800000000000004,5.000000000000007,candidate,0,0.0,,,,,,,0,
original,30618_74559c73,664cca45aeb0db23,rover,dropout,62.800000000000004,5.000000000000007,main,0,0.0,,,,,,,0,
original,30618_74559c73,664cca45aeb0db23,rover,dropout,62.800000000000004,5.000000000000007,candidate,0,0.0,,,,,,,0,
original,30618_74559c73,664cca45aeb0db23,master,dropout,62.800000000000004,10.000000000000007,main,0,0.0,,,,,,,0,
original,30618_74559c73,664cca45aeb0db23,master,dropout,62.800000000000004,10.000000000000007,candidate,0,0.0,,,,,,,0,
original,30618_74559c73,664cca45aeb0db23,rover,dropout,62.800000000000004,10.000000000000007,main,0,0.0,,,,,,,0,
original,30618_74559c73,664cca45aeb0db23,rover,dropout,62.800000000000004,10.000000000000007,candidate,0,0.0,,,,,,,0,
original,30618_74559c73,664cca45aeb0db23,master,lock,62.800000000000004,3.000000000000007,main,0,0.0,,,,,,,0,
original,30618_74559c73,664cca45aeb0db23,master,lock,62.800000000000004,3.000000000000007,candidate,0,0.0,,,,,,,0,
original,30618_74559c73,664cca45aeb0db23,rover,lock,62.800000000000004,3.000000000000007,main,0,0.0,,,,,,,0,
original,30618_74559c73,664cca45aeb0db23,rover,lock,62.800000000000004,3.000000000000007,candidate,0,0.0,,,,,,,0,
original,30618_88548b02,711abb923942f9fe,master,bias,125.60000000000001,5.000000000000014,main,288,0.4114285714285714,0.06671141272809533,0.06199188610123585,-0.061947522104790535,0.10225298009011742,0.0636638314255101,2.8616999998121173e-05,0,
original,30618_88548b02,711abb923942f9fe,master,bias,125.60000000000001,5.000000000000014,candidate,288,0.4114285714285714,0.06846078910276204,0.06431297394014202,-0.06426382587655398,0.10363813413234649,0.06788886187442665,2.8616999998121173e-05,0,
original,30618_88548b02,711abb923942f9fe,rover,bias,125.60000000000001,5.000000000000014,main,296,0.4228571428571429,0.06660171318414883,0.06152261056382374,-0.06150056211768996,0.10637018426666867,0.06448460284544086,2.8616999998121173e-05,0,
original,30618_88548b02,711abb923942f9fe,rover,bias,125.60000000000001,5.000000000000014,candidate,296,0.4228571428571429,0.0683569560892226,0.06383286782784603,-0.06380061912447277,0.10619101209610293,0.06863000918444986,2.8616999998121173e-05,0,
original,30618_88548b02,711abb923942f9fe,master,dropout,125.60000000000001,5.000000000000014,main,288,0.4114285714285714,0.07730107010200392,0.07078329392628271,-0.06749663833332875,0.12423702273615796,0.0915249403113225,2.8616999998121173e-05,0,
original,30618_88548b02,711abb923942f9fe,master,dropout,125.60000000000001,5.000000000000014,candidate,288,0.4114285714285714,0.08972226195422559,0.08213431217609306,-0.08208516411287942,0.1490116676722863,0.11957922079931807,2.8616999998121173e-05,0,
original,30618_88548b02,711abb923942f9fe,rover,dropout,125.60000000000001,5.000000000000014,main,296,0.4228571428571429,0.07716716671050516,0.07049288212922929,-0.06714979902203926,0.12435717907374011,0.09230433785587162,2.8616999998121173e-05,0,
original,30618_88548b02,711abb923942f9fe,rover,dropout,125.60000000000001,5.000000000000014,candidate,296,0.4228571428571429,0.08971606014376748,0.08167124533351812,-0.08163899663027564,0.14817085329639212,0.12042548155227205,2.8616999998121173e-05,0,
original,30618_88548b02,711abb923942f9fe,master,dropout,125.60000000000001,10.000000000000014,main,388,0.4856070087609512,0.18343513842796064,0.1266472595387177,0.03636986428909961,0.45845770321236884,0.2445533483108201,1.4000286169999754,0,
original,30618_88548b02,711abb923942f9fe,master,dropout,125.60000000000001,10.000000000000014,candidate,388,0.4856070087609512,0.0802690309843136,0.06767959921151627,-0.05061244348515774,0.1490116676722863,0.09608995750107366,1.4000286169999754,0,
original,30618_88548b02,711abb923942f9fe,rover,dropout,125.60000000000001,10.000000000000014,main,396,0.4956195244055069,0.18330005084928697,0.12666687552396452,0.03631703895691187,0.4502049740198859,0.24490005792309696,0.10002861699999244,0,
original,30618_88548b02,711abb923942f9fe,rover,dropout,125.60000000000001,10.000000000000014,candidate,396,0.4956195244055069,0.08090458127880905,0.06808543228430002,-0.05069558057409222,0.14800741755202917,0.09728768188695043,2.8616999998121173e-05,0,
original,30618_88548b02,711abb923942f9fe,master,lock,125.60000000000001,3.000000000000014,main,248,0.37575757575757573,0.0788318223418887,0.07364645501950455,-0.07364645501950455,0.1263443382282318,0.10456199135055094,0.4000286169999754,0,
original,30618_88548b02,711abb923942f9fe,master,lock,125.60000000000001,3.000000000000014,candidate,248,0.37575757575757573,0.08498402531678485,0.07799823175688758,-0.07799823175688758,0.14697539073031657,0.12001326142405201,0.4000286169999754,0,
original,30618_88548b02,711abb923942f9fe,rover,lock,125.60000000000001,3.000000000000014,main,260,0.3939393939393939,0.07813731289315479,0.07264716715202177,-0.072646364608578,0.12492018297463828,0.10413054533409423,2.8616999998121173e-05,0,
original,30618_88548b02,711abb923942f9fe,rover,lock,125.60000000000001,3.000000000000014,candidate,260,0.3939393939393939,0.08406119234789852,0.07683243189897321,-0.07682976037527392,0.14318385406447193,0.11936790359523232,2.8616999998121173e-05,0,
original,30618_bcc9e7a2,664cca45aeb0db23,master,bias,102.7,5.0,main,0,0.0,,,,,,,0,
original,30618_bcc9e7a2,664cca45aeb0db23,master,bias,102.7,5.0,candidate,0,0.0,,,,,,,0,
original,30618_bcc9e7a2,664cca45aeb0db23,rover,bias,102.7,5.0,main,0,0.0,,,,,,,0,
original,30618_bcc9e7a2,664cca45aeb0db23,rover,bias,102.7,5.0,candidate,0,0.0,,,,,,,0,
original,30618_bcc9e7a2,664cca45aeb0db23,master,dropout,102.7,5.0,main,0,0.0,,,,,,,0,
original,30618_bcc9e7a2,664cca45aeb0db23,master,dropout,102.7,5.0,candidate,0,0.0,,,,,,,0,
original,30618_bcc9e7a2,664cca45aeb0db23,rover,dropout,102.7,5.0,main,0,0.0,,,,,,,0,
original,30618_bcc9e7a2,664cca45aeb0db23,rover,dropout,102.7,5.0,candidate,0,0.0,,,,,,,0,
original,30618_bcc9e7a2,664cca45aeb0db23,master,dropout,102.7,10.0,main,0,0.0,,,,,,,0,
original,30618_bcc9e7a2,664cca45aeb0db23,master,dropout,102.7,10.0,candidate,0,0.0,,,,,,,0,
original,30618_bcc9e7a2,664cca45aeb0db23,rover,dropout,102.7,10.0,main,0,0.0,,,,,,,0,
original,30618_bcc9e7a2,664cca45aeb0db23,rover,dropout,102.7,10.0,candidate,0,0.0,,,,,,,0,
original,30618_bcc9e7a2,664cca45aeb0db23,master,lock,102.7,3.0,main,0,0.0,,,,,,,0,
original,30618_bcc9e7a2,664cca45aeb0db23,master,lock,102.7,3.0,candidate,0,0.0,,,,,,,0,
original,30618_bcc9e7a2,664cca45aeb0db23,rover,lock,102.7,3.0,main,0,0.0,,,,,,,0,
original,30618_bcc9e7a2,664cca45aeb0db23,rover,lock,102.7,3.0,candidate,0,0.0,,,,,,,0,
original,30639_9c362687,a8a4c11ebcc1dde2,master,bias,136.0,5.0,main,300,0.42796005706134094,0.08202798371390896,0.06933874948138961,0.06860856530970348,0.15706250064317145,0.10930527522193631,0.007980078999992202,0,
original,30639_9c362687,a8a4c11ebcc1dde2,master,bias,136.0,5.0,candidate,300,0.42796005706134094,0.08363988268779608,0.07069608583829222,0.06996343268963713,0.16256060103618025,0.11262923704884621,0.007980078999992202,0,
original,30639_9c362687,a8a4c11ebcc1dde2,rover,bias,136.0,5.0,main,300,0.42796005706134094,0.32276076046300284,0.10874277431322227,0.1079285653097034,0.1773517623485552,0.11621717661814171,0.007980078999992202,0,
original,30639_9c362687,a8a4c11ebcc1dde2,rover,bias,136.0,5.0,candidate,300,0.42796005706134094,0.32321939930002025,0.11008934761715766,0.10928343268963708,0.18107801762131254,0.11949489875757496,0.007980078999992202,0,
original,30639_9c362687,a8a4c11ebcc1dde2,master,dropout,136.0,5.0,main,300,0.42796005706134094,0.09586884795996535,0.07350239087530977,0.009751053437327798,0.21846015868483273,0.14009505232412092,0.007980078999992202,0,
original,30639_9c362687,a8a4c11ebcc1dde2,master,dropout,136.0,5.0,candidate,300,0.42796005706134094,0.08610514431746348,0.07021113833913326,0.02757610107160581,0.1703210279138871,0.11857193978249915,0.007980078999992202,0,
original,30639_9c362687,a8a4c11ebcc1dde2,rover,dropout,136.0,5.0,main,300,0.42796005706134094,0.325315294850015,0.11081562531499393,0.04907105343732776,0.23813896675008084,0.13688365830250557,0.007980078999992202,0,
original,30639_9c362687,a8a4c11ebcc1dde2,rover,dropout,136.0,5.0,candidate,300,0.42796005706134094,0.32304506414513007,0.10830619045547858,0.06689610107160576,0.19549626625461708,0.11869105455600878,0.007980078999992202,0,
original,30639_9c362687,a8a4c11ebcc1dde2,master,dropout,136.0,10.0,main,400,0.5,0.18639874652847596,0.12503420075812094,0.07211068288157464,0.4401533756239941,0.2570956101757153,0.05798007900000357,0,
original,30639_9c362687,a8a4c11ebcc1dde2,master,dropout,136.0,10.0,candidate,400,0.5,0.23421396320323512,0.15182415650117448,0.11410273780682476,0.5540751598842159,0.32467862409419934,0.05798007900000357,0,
original,30639_9c362687,a8a4c11ebcc1dde2,rover,dropout,136.0,10.0,main,400,0.5,0.4391685850167858,0.189294868844474,0.1351031828815746,0.458248074675193,0.258670138631096,0.05798007900000357,0,
original,30639_9c362687,a8a4c11ebcc1dde2,rover,dropout,136.0,10.0,candidate,400,0.5,0.4621029117497947,0.21661822093953412,0.1770952378068247,0.5705163115513564,0.3274747989044613,0.05798007900000357,0,
original,30639_9c362687,a8a4c11ebcc1dde2,master,lock,136.0,3.0,main,260,0.3939393939393939,0.10226095415480102,0.08221590304285555,0.025943224658920124,0.2280444193689353,0.16024774427260532,0.007980078999992202,0,
original,30639_9c362687,a8a4c11ebcc1dde2,master,lock,136.0,3.0,candidate,260,0.3939393939393939,0.09070106624621199,0.0759956197277379,0.033328313884687245,0.17821248614720805,0.12995189881679634,0.007980078999992202,0,
original,30639_9c362687,a8a4c11ebcc1dde2,rover,lock,136.0,3.0,main,260,0.3939393939393939,0.10908745157027513,0.09153769012344137,0.03579322465892009,0.2328510726146013,0.154943595630792,0.15798007899999789,0,
original,30639_9c362687,a8a4c11ebcc1dde2,rover,lock,136.0,3.0,candidate,260,0.3939393939393939,0.09854652031201944,0.08553571774739212,0.04317831388468721,0.1879968988415675,0.12485967349086508,0.007980078999992202,0,
original,30639_c31df386,70bb14d1c90f301f,master,bias,142.4,5.0,main,300,0.42857142857142855,0.08937720365346748,0.07823199324990117,0.060501049178339567,0.1382249811426105,0.043808469218313204,0.04167189599999688,0,
original,30639_c31df386,70bb14d1c90f301f,master,bias,142.4,5.0,candidate,300,0.42857142857142855,0.08959575397337471,0.07868252891731793,0.061165203110269385,0.13869239771850106,0.04473752779491309,0.04167189599999688,0,
original,30639_c31df386,70bb14d1c90f301f,rover,bias,142.4,5.0,main,300,0.42857142857142855,0.08981576057618769,0.07858577073276668,0.060391049178339505,0.14908392345686022,0.04499047423512338,0.04167189599999688,0,
original,30639_c31df386,70bb14d1c90f301f,rover,bias,142.4,5.0,candidate,300,0.42857142857142855,0.0900305987540166,0.07900476359706413,0.061055203110269324,0.14861578585459378,0.04599560512233909,0.04167189599999688,0,
original,30639_c31df386,70bb14d1c90f301f,master,dropout,142.4,5.0,main,300,0.42857142857142855,0.23197930700445596,0.18297832972279238,-0.04954729946696169,0.4735192495458594,0.37335518171707316,0.04167189599999688,0,
original,30639_c31df386,70bb14d1c90f301f,master,dropout,142.4,5.0,candidate,300,0.42857142857142855,0.2313667356208854,0.1833696290788062,-0.049986601781461616,0.46759977007112785,0.37227049473370194,0.04167189599999688,0,
original,30639_c31df386,70bb14d1c90f301f,rover,dropout,142.4,5.0,main,300,0.42857142857142855,0.2315164917629049,0.18275165844493554,-0.04965729946696174,0.4715396823889536,0.3723425838884605,0.04167189599999688,0,
original,30639_c31df386,70bb14d1c90f301f,rover,dropout,142.4,5.0,candidate,300,0.42857142857142855,0.23092524472070386,0.18315073189947,-0.05009660178146168,0.466357864902005,0.3712964111244846,0.04167189599999688,0,
original,30639_c31df386,70bb14d1c90f301f,master,dropout,142.4,10.0,main,355,0.4431960049937578,0.3384095963550736,0.2789869279265642,-0.20139916161540922,0.5428105768508479,0.4413995048875248,0.09167189600000825,0,
original,30639_c31df386,70bb14d1c90f301f,master,dropout,142.4,10.0,candidate,355,0.4431960049937578,0.2510751412651393,0.20705600153172,-0.1294263298643691,0.46267220642257245,0.32375252119873255,0.04167189599999688,0,
original,30639_c31df386,70bb14d1c90f301f,rover,dropout,142.4,10.0,main,400,0.4993757802746567,0.31952427478616574,0.25662150379055954,-0.16934607743578456,0.5380091431926686,0.4406594935280277,0.09167189600000825,0,
original,30639_c31df386,70bb14d1c90f301f,rover,dropout,142.4,10.0,candidate,400,0.4993757802746567,0.23802412657326663,0.19279855895179232,-0.10547334633097201,0.45471551958924794,0.32349404347227867,0.04167189599999688,0,
original,30639_c31df386,70bb14d1c90f301f,master,lock,142.4,3.0,main,260,0.3939393939393939,0.1741371721761973,0.14128712727712864,0.0073895100225264115,0.3874028124093728,0.2994322130804756,0.1416718959999912,0,
original,30639_c31df386,70bb14d1c90f301f,master,lock,142.4,3.0,candidate,260,0.3939393939393939,0.1771400203802105,0.14366447748867256,0.006008717552688617,0.394824168648151,0.30646329753553636,0.1416718959999912,0,
original,30639_c31df386,70bb14d1c90f301f,rover,lock,142.4,3.0,main,260,0.3939393939393939,0.17458313005303022,0.1416822310488033,0.0073010484840648196,0.391896815921939,0.30036140509334913,0.1416718959999912,0,
original,30639_c31df386,70bb14d1c90f301f,rover,lock,142.4,3.0,candidate,260,0.3939393939393939,0.17758876460361886,0.1440468288879538,0.005920256014227025,0.39723865229668315,0.3073835420041564,0.1416718959999912,0,
original,30639_dce52be4,70bb14d1c90f301f,master,bias,114.9,5.0,main,300,0.42796005706134094,0.06244364261522036,0.0472332778553839,0.03234324541462102,0.137214973985645,0.0799638014420416,0.014843622999990203,0,
original,30639_dce52be4,70bb14d1c90f301f,master,bias,114.9,5.0,candidate,300,0.42796005706134094,0.06338803707370946,0.04789833017816802,0.03385721824008267,0.14156754781896072,0.08272518839674582,0.014843622999990203,0,
original,30639_dce52be4,70bb14d1c90f301f,rover,bias,114.9,5.0,main,300,0.42796005706134094,0.059802553050799165,0.04545792064140924,0.027929912081287683,0.12083097569893553,0.07964387341988126,0.014843622999990203,0,
original,30639_dce52be4,70bb14d1c90f301f,rover,bias,114.9,5.0,candidate,300,0.42796005706134094,0.06039181420232767,0.045744215527814956,0.029443884906749335,0.12176769842439612,0.08182610539025097,0.014843622999990203,0,
original,30639_dce52be4,70bb14d1c90f301f,master,dropout,114.9,5.0,main,300,0.42796005706134094,0.15818167656294072,0.10470408309210333,-0.05461795108002675,0.35456653231763025,0.2646800279422154,0.014843622999990203,0,
original,30639_dce52be4,70bb14d1c90f301f,master,dropout,114.9,5.0,candidate,300,0.42796005706134094,0.14164093514724055,0.09516041928593086,-0.04540545736189578,0.3246497116897229,0.23557040162839732,0.014843622999990203,0,
original,30639_dce52be4,70bb14d1c90f301f,rover,dropout,114.9,5.0,main,300,0.42796005706134094,0.16100877799084384,0.10438630879288023,-0.05903128441336007,0.3713547841310758,0.27116437513893255,0.014843622999990203,0,
original,30639_dce52be4,70bb14d1c90f301f,rover,dropout,114.9,5.0,candidate,300,0.42796005706134094,0.14396729458907906,0.09504940707199727,-0.049818790695229126,0.3375501292033456,0.24147506135380317,0.014843622999990203,0,
original,30639_dce52be4,70bb14d1c90f301f,master,dropout,114.9,10.0,main,400,0.5,0.16495249431640233,0.11388710612813199,-0.03625383722758159,0.35352513510877515,0.22795906454340564,0.06484362299998736,0,
original,30639_dce52be4,70bb14d1c90f301f,master,dropout,114.9,10.0,candidate,400,0.5,0.17861345303452372,0.12144759525133496,-0.00016847611236662951,0.3616083897595866,0.24666178689490126,0.06484362299998736,0,
original,30639_dce52be4,70bb14d1c90f301f,rover,dropout,114.9,10.0,main,400,0.5,0.1690396015487569,0.11598100756223681,-0.03948883722758158,0.3656950858294407,0.23422860540305324,0.06484362299998736,0,
original,30639_dce52be4,70bb14d1c90f301f,rover,dropout,114.9,10.0,candidate,400,0.5,0.18104392744505002,0.12335028709276147,-0.0034034761123666268,0.393206728720248,0.2507090935539174,0.06484362299998736,0,
original,30639_dce52be4,70bb14d1c90f301f,master,lock,114.9,3.0,main,260,0.3939393939393939,0.1275517992073352,0.08474402735218793,-0.008640219918261942,0.340072126036577,0.2261360595716466,0.21484362299999304,0,
original,30639_dce52be4,70bb14d1c90f301f,master,lock,114.9,3.0,candidate,260,0.3939393939393939,0.12532800048825338,0.08438843178298236,-0.00883567698707946,0.3197187608636882,0.22545712387132366,0.21484362299999304,0,
original,30639_dce52be4,70bb14d1c90f301f,rover,lock,114.9,3.0,main,260,0.3939393939393939,0.12821074319389306,0.08274757084776008,-0.013355604533646554,0.35490985725280955,0.22919062151453962,0.21484362299999304,0,
original,30639_dce52be4,70bb14d1c90f301f,rover,lock,114.9,3.0,candidate,260,0.3939393939393939,0.1255482029652924,0.08256314225697597,-0.013551061602464073,0.3196717413743157,0.2275519115680315,0.21484362299999304,0,
original,30639_e4379d7f,a0c46036cc19092a,master,bias,165.5,5.0,main,0,0.0,,,,,,,0,
original,30639_e4379d7f,a0c46036cc19092a,master,bias,165.5,5.0,candidate,0,0.0,,,,,,,0,
original,30639_e4379d7f,a0c46036cc19092a,rover,bias,165.5,5.0,main,116,0.1657142857142857,0.09691170545430397,0.0830014364560184,0.05473588549175669,0.16540547848235843,0.07437063789617557,,0,
original,30639_e4379d7f,a0c46036cc19092a,rover,bias,165.5,5.0,candidate,116,0.1657142857142857,0.09658118346560994,0.08237355988730459,0.0568290450056958,0.16835423296956376,0.07188873042114641,,0,
original,30639_e4379d7f,a0c46036cc19092a,master,dropout,165.5,5.0,main,0,0.0,,,,,,,0,
original,30639_e4379d7f,a0c46036cc19092a,master,dropout,165.5,5.0,candidate,0,0.0,,,,,,,0,
original,30639_e4379d7f,a0c46036cc19092a,rover,dropout,165.5,5.0,main,116,0.1657142857142857,0.21325647752245103,0.15643809018861574,0.1445778165967107,0.5083867434338583,0.34011946552944894,,0,
original,30639_e4379d7f,a0c46036cc19092a,rover,dropout,165.5,5.0,candidate,116,0.1657142857142857,0.26456882251725555,0.1819724717422892,0.17060505741166757,0.6481392734286373,0.436331574601039,,0,
original,30639_e4379d7f,a0c46036cc19092a,master,dropout,165.5,10.0,main,0,0.0,,,,,,,0,
original,30639_e4379d7f,a0c46036cc19092a,master,dropout,165.5,10.0,candidate,0,0.0,,,,,,,0,
original,30639_e4379d7f,a0c46036cc19092a,rover,dropout,165.5,10.0,main,154,0.1925,0.2621641060383793,0.21592306113842596,0.2097055298683478,0.5051663280522861,0.3504594682056353,,0,
original,30639_e4379d7f,a0c46036cc19092a,rover,dropout,165.5,10.0,candidate,154,0.1925,0.4084667148014354,0.31473570146360963,0.30873134306126854,0.7220265569230729,0.555604019070967,,0,
original,30639_e4379d7f,a0c46036cc19092a,master,lock,165.5,3.0,main,0,0.0,,,,,,,0,
original,30639_e4379d7f,a0c46036cc19092a,master,lock,165.5,3.0,candidate,0,0.0,,,,,,,0,
original,30639_e4379d7f,a0c46036cc19092a,rover,lock,165.5,3.0,main,100,0.15151515151515152,0.12186167910499171,0.09838491179439326,0.0848236816388249,0.24437122371621567,0.15777796614564962,,0,
original,30639_e4379d7f,a0c46036cc19092a,rover,lock,165.5,3.0,candidate,100,0.15151515151515152,0.1422061639848173,0.10790605840664924,0.09478098376795158,0.3195541620398159,0.19981188953225024,,0,
low_speed,30618_0652866c,8269991eafa82c45,master,lock,154.8,3.0,main,260,0.39334341906202724,0.05436590422542384,0.034831587879927364,0.0017572846107018541,0.1095621563944469,0.0920218993596373,0.006501137999975981,0,
low_speed,30618_0652866c,8269991eafa82c45,master,lock,154.8,3.0,candidate,260,0.39334341906202724,0.079769686806102,0.04539229057483627,0.013918830617114656,0.19093622424122278,0.14232646900058082,0.15650113799998167,0,
low_speed,30618_0652866c,8269991eafa82c45,rover,lock,154.8,3.0,main,260,0.39334341906202724,0.05631120501401634,0.0386968121492629,-0.00025810000468275634,0.12470478168596114,0.09627737726788384,0.006501137999975981,0,
low_speed,30618_0652866c,8269991eafa82c45,rover,lock,154.8,3.0,candidate,260,0.39334341906202724,0.0815224692119309,0.04891684413710845,0.011903446001730045,0.21024523675790982,0.14810173316841357,0.15650113799998167,0,
low_speed,30618_0652866c,8269991eafa82c45,master,lock,154.8,5.0,main,300,0.42796005706134094,0.10988723082069704,0.06594383893629725,0.04016912670202503,0.27788537735127355,0.17626223609843092,0.2065011379999646,0,
low_speed,30618_0652866c,8269991eafa82c45,master,lock,154.8,5.0,candidate,300,0.42796005706134094,0.16023765670477005,0.09258990156082181,0.06806087474639021,0.39695556132413534,0.2594796382622645,0.2065011379999646,0,
low_speed,30618_0652866c,8269991eafa82c45,rover,lock,154.8,5.0,main,300,0.42796005706134094,0.11075014942860598,0.06943393501841442,0.0387157933686917,0.2740781276638454,0.1794936961152468,0.05650113799998735,0,
low_speed,30618_0652866c,8269991eafa82c45,rover,lock,154.8,5.0,candidate,300,0.42796005706134094,0.16089677715851067,0.09543353206990522,0.06660754141305687,0.3963502016429496,0.26292905431302277,0.2065011379999646,0,
low_speed,30618_073f08d1,8269991eafa82c45,master,lock,150.5,3.0,main,260,0.3951367781155015,0.03806123533205146,0.02768459974632363,0.0035844683132585007,0.08360129107069521,0.06105285366127843,0.01578437500000973,0,
low_speed,30618_073f08d1,8269991eafa82c45,master,lock,150.5,3.0,candidate,260,0.3951367781155015,0.041035409320904916,0.02892333184346497,0.007702361248040556,0.09187765628263242,0.06741539838068927,0.01578437500000973,0,
low_speed,30618_073f08d1,8269991eafa82c45,rover,lock,150.5,3.0,main,260,0.3951367781155015,0.038677392359779704,0.02803479580328061,0.0025306221594123524,0.0858136491453216,0.059203205943556964,0.01578437500000973,0,
low_speed,30618_073f08d1,8269991eafa82c45,rover,lock,150.5,3.0,candidate,260,0.3951367781155015,0.0415169312075125,0.02923648449662747,0.00664851509419441,0.0976232001041398,0.06520668299792459,0.01578437500000973,0,
low_speed,30618_073f08d1,8269991eafa82c45,master,lock,150.5,5.0,main,298,0.4263233190271817,0.11504345616835678,0.06316538704329065,0.04119781409795604,0.3110943192061141,0.18288669553364548,0.11578437500000405,0,
low_speed,30618_073f08d1,8269991eafa82c45,master,lock,150.5,5.0,candidate,298,0.4263233190271817,0.13180911540897952,0.07031130095907064,0.050271495299026324,0.35467963705516187,0.20910276327310837,0.11578437500000405,0,
low_speed,30618_073f08d1,8269991eafa82c45,rover,lock,150.5,5.0,main,300,0.4291845493562232,0.11592615224286111,0.06355024338964606,0.0393829053569834,0.30694115709595654,0.18396906659177598,0.11578437500000405,0,
low_speed,30618_073f08d1,8269991eafa82c45,rover,lock,150.5,5.0,candidate,300,0.4291845493562232,0.13264824736644182,0.07074366544500857,0.0482917127921595,0.3487614417094,0.21008048115754155,0.11578437500000405,0,
low_speed,30618_117c2d02,664cca45aeb0db23,master,lock,140.3,3.0,main,0,0.0,,,,,,,0,
low_speed,30618_117c2d02,664cca45aeb0db23,master,lock,140.3,3.0,candidate,0,0.0,,,,,,,0,
low_speed,30618_117c2d02,664cca45aeb0db23,rover,lock,140.3,3.0,main,0,0.0,,,,,,,0,
low_speed,30618_117c2d02,664cca45aeb0db23,rover,lock,140.3,3.0,candidate,0,0.0,,,,,,,0,
low_speed,30618_117c2d02,664cca45aeb0db23,master,lock,140.3,5.0,main,0,0.0,,,,,,,0,
low_speed,30618_117c2d02,664cca45aeb0db23,master,lock,140.3,5.0,candidate,0,0.0,,,,,,,0,
low_speed,30618_117c2d02,664cca45aeb0db23,rover,lock,140.3,5.0,main,0,0.0,,,,,,,0,
low_speed,30618_117c2d02,664cca45aeb0db23,rover,lock,140.3,5.0,candidate,0,0.0,,,,,,,0,
low_speed,30618_27e994fc,711abb923942f9fe,master,lock,223.0,3.0,main,260,0.3939393939393939,0.42112370808063604,0.29459168258874574,0.08440732921100644,0.9566960621428697,0.40974627240174644,0.4500319809999951,0,
low_speed,30618_27e994fc,711abb923942f9fe,master,lock,223.0,3.0,candidate,260,0.3939393939393939,0.41433905836524315,0.2877131043606029,0.0943130612286748,0.9640851909348108,0.3726794602265703,0.4500319809999951,0,
low_speed,30618_27e994fc,711abb923942f9fe,rover,lock,223.0,3.0,main,258,0.39090909090909093,0.42257773763095513,0.29732407300961505,0.0854414945537274,0.9450069604703694,0.4085185872671193,0.5000319810000065,0,
low_speed,30618_27e994fc,711abb923942f9fe,rover,lock,223.0,3.0,candidate,258,0.39090909090909093,0.4157961881510238,0.29056371148468924,0.09542401519168776,0.9529112954992087,0.3714843815234911,0.5000319810000065,0,
low_speed,30618_27e994fc,711abb923942f9fe,master,lock,223.0,5.0,main,300,0.42857142857142855,0.39163683278435346,0.2554320058547869,0.07413505275305166,0.8985082125961281,0.3524427226425713,3.6000319810000008,0,
low_speed,30618_27e994fc,711abb923942f9fe,master,lock,223.0,5.0,candidate,300,0.42857142857142855,0.3899773638761607,0.25666642154271724,0.09498265025287893,0.9015243438762937,0.33552512863635686,3.6000319810000008,0,
low_speed,30618_27e994fc,711abb923942f9fe,rover,lock,223.0,5.0,main,298,0.4257142857142857,0.3928016117713297,0.25851461118140157,0.07398159673126006,0.9195008649081964,0.35144121501149245,3.6000319810000008,0,
low_speed,30618_27e994fc,711abb923942f9fe,rover,lock,223.0,5.0,candidate,298,0.4257142857142857,0.39121288487890316,0.259785090241974,0.09496911099283113,0.9225173107920006,0.3347032946349486,3.6000319810000008,0,
low_speed,30618_3e012faf,664cca45aeb0db23,master,lock,102.30000000000001,3.0,main,0,0.0,,,,,,,0,
low_speed,30618_3e012faf,664cca45aeb0db23,master,lock,102.30000000000001,3.0,candidate,0,0.0,,,,,,,0,
low_speed,30618_3e012faf,664cca45aeb0db23,rover,lock,102.30000000000001,3.0,main,0,0.0,,,,,,,0,
low_speed,30618_3e012faf,664cca45aeb0db23,rover,lock,102.30000000000001,3.0,candidate,0,0.0,,,,,,,0,
low_speed,30618_3e012faf,664cca45aeb0db23,master,lock,102.30000000000001,5.0,main,0,0.0,,,,,,,0,
low_speed,30618_3e012faf,664cca45aeb0db23,master,lock,102.30000000000001,5.0,candidate,0,0.0,,,,,,,0,
low_speed,30618_3e012faf,664cca45aeb0db23,rover,lock,102.30000000000001,5.0,main,0,0.0,,,,,,,0,
low_speed,30618_3e012faf,664cca45aeb0db23,rover,lock,102.30000000000001,5.0,candidate,0,0.0,,,,,,,0,
low_speed,30618_46e21b9b,664cca45aeb0db23,master,lock,140.3,3.0,main,0,0.0,,,,,,,0,
low_speed,30618_46e21b9b,664cca45aeb0db23,master,lock,140.3,3.0,candidate,0,0.0,,,,,,,0,
low_speed,30618_46e21b9b,664cca45aeb0db23,rover,lock,140.3,3.0,main,0,0.0,,,,,,,0,
low_speed,30618_46e21b9b,664cca45aeb0db23,rover,lock,140.3,3.0,candidate,0,0.0,,,,,,,0,
low_speed,30618_46e21b9b,664cca45aeb0db23,master,lock,140.3,5.0,main,0,0.0,,,,,,,0,
low_speed,30618_46e21b9b,664cca45aeb0db23,master,lock,140.3,5.0,candidate,0,0.0,,,,,,,0,
low_speed,30618_46e21b9b,664cca45aeb0db23,rover,lock,140.3,5.0,main,0,0.0,,,,,,,0,
low_speed,30618_46e21b9b,664cca45aeb0db23,rover,lock,140.3,5.0,candidate,0,0.0,,,,,,,0,
low_speed,30618_88548b02,711abb923942f9fe,master,lock,186.3,3.0,main,246,0.37272727272727274,0.08593340572041375,0.06732991630650736,-0.06543238325914912,0.18585347867702168,0.14623767315875313,8.07449999911114e-05,0,
low_speed,30618_88548b02,711abb923942f9fe,master,lock,186.3,3.0,candidate,246,0.37272727272727274,0.09632742491352346,0.07256940075764289,-0.07048909220455583,0.2113252224639911,0.1679644507062769,8.07449999911114e-05,0,
low_speed,30618_88548b02,711abb923942f9fe,rover,lock,186.3,3.0,main,260,0.3939393939393939,0.08455454894867821,0.06610546027121117,-0.0629747248329307,0.18140537662154277,0.14653425427532557,8.07449999911114e-05,0,
low_speed,30618_88548b02,711abb923942f9fe,rover,lock,186.3,3.0,candidate,260,0.3939393939393939,0.094658921810889,0.07112951036784912,-0.06790243077556135,0.21160721056587956,0.16813215135527998,8.07449999911114e-05,0,
low_speed,30618_88548b02,711abb923942f9fe,master,lock,186.3,5.0,main,286,0.4085714285714286,0.10034100446141345,0.08179756451712152,-0.08087089994792773,0.19926933834753402,0.15840979614916567,8.07449999911114e-05,0,
low_speed,30618_88548b02,711abb923942f9fe,master,lock,186.3,5.0,candidate,286,0.4085714285714286,0.12036387805034135,0.09297855887000783,-0.0918928426506804,0.24724538609564006,0.19620002284610719,0.05008074500000248,0,
low_speed,30618_88548b02,711abb923942f9fe,rover,lock,186.3,5.0,main,300,0.42857142857142855,0.10437830954972493,0.0859552449050447,-0.08511144506254498,0.197970494339012,0.15822860149259207,8.07449999911114e-05,0,
low_speed,30618_88548b02,711abb923942f9fe,rover,lock,186.3,5.0,candidate,300,0.42857142857142855,0.1286878193670824,0.10011850994711435,-0.09915955746739993,0.2563484259811418,0.2019875693867191,0.1500807449999968,0,
low_speed,30618_bcc9e7a2,664cca45aeb0db23,master,lock,102.30000000000001,3.0,main,0,0.0,,,,,,,0,
low_speed,30618_bcc9e7a2,664cca45aeb0db23,master,lock,102.30000000000001,3.0,candidate,0,0.0,,,,,,,0,
low_speed,30618_bcc9e7a2,664cca45aeb0db23,rover,lock,102.30000000000001,3.0,main,0,0.0,,,,,,,0,
low_speed,30618_bcc9e7a2,664cca45aeb0db23,rover,lock,102.30000000000001,3.0,candidate,0,0.0,,,,,,,0,
low_speed,30618_bcc9e7a2,664cca45aeb0db23,master,lock,102.30000000000001,5.0,main,0,0.0,,,,,,,0,
low_speed,30618_bcc9e7a2,664cca45aeb0db23,master,lock,102.30000000000001,5.0,candidate,0,0.0,,,,,,,0,
low_speed,30618_bcc9e7a2,664cca45aeb0db23,rover,lock,102.30000000000001,5.0,main,0,0.0,,,,,,,0,
low_speed,30618_bcc9e7a2,664cca45aeb0db23,rover,lock,102.30000000000001,5.0,candidate,0,0.0,,,,,,,0,
low_speed,30639_0ab96c59,2cd82bc27dbad052,master,lock,53.900000000000006,3.0,main,260,0.3939393939393939,1.2380960405461425,1.2158247809163567,1.2158247809163567,1.4550414860230378,1.2922899779785115,,0,
low_speed,30639_0ab96c59,2cd82bc27dbad052,master,lock,53.900000000000006,3.0,candidate,260,0.3939393939393939,1.2521855660714114,1.22446142224931,1.22446142224931,1.5247602331552368,1.3489597333667633,,0,
low_speed,30639_0ab96c59,2cd82bc27dbad052,rover,lock,53.900000000000006,3.0,main,260,0.3939393939393939,1.2369209586420278,1.2145055501471258,1.2145055501471258,1.44503931878707,1.2901426642996663,,0,
low_speed,30639_0ab96c59,2cd82bc27dbad052,rover,lock,53.900000000000006,3.0,candidate,260,0.3939393939393939,1.2509529100935732,1.2231421914800793,1.2231421914800793,1.516809039853286,1.3467885028722988,,0,
low_speed,30639_0ab96c59,2cd82bc27dbad052,master,lock,53.900000000000006,5.0,main,300,0.42857142857142855,1.2052762470811025,1.182355443701734,1.182355443701734,1.4538911843270232,1.3286073190998942,,0,
low_speed,30639_0ab96c59,2cd82bc27dbad052,master,lock,53.900000000000006,5.0,candidate,300,0.42857142857142855,1.2088682077368813,1.1779986777201512,1.1779986777201512,1.5231427486430154,1.3833885186264492,,0,
low_speed,30639_0ab96c59,2cd82bc27dbad052,rover,lock,53.900000000000006,5.0,main,300,0.42857142857142855,1.204275445735415,1.1812687770350674,1.1812687770350674,1.4417701746645228,1.3255532241489925,,0,
low_speed,30639_0ab96c59,2cd82bc27dbad052,rover,lock,53.900000000000006,5.0,candidate,300,0.42857142857142855,1.2078026147105914,1.1769120110534845,1.1769120110534845,1.5125425111132111,1.3803186488870864,,0,
low_speed,30639_9c362687,a8a4c11ebcc1dde2,master,lock,164.9,3.0,main,260,0.3939393939393939,0.09675649100677287,0.08106870734070674,0.006404289536438911,0.19273264693491488,0.15671868287203106,0.007960325999988527,0,
low_speed,30639_9c362687,a8a4c11ebcc1dde2,master,lock,164.9,3.0,candidate,260,0.3939393939393939,0.09192334618392665,0.07833888672997999,0.009235528185332612,0.1753777849011483,0.14501680972590658,0.007960325999988527,0,
low_speed,30639_9c362687,a8a4c11ebcc1dde2,rover,lock,164.9,3.0,main,260,0.3939393939393939,0.09732460550067397,0.08275948624431773,0.011381212613361936,0.1832502424246291,0.15054648319664893,0.007960325999988527,0,
low_speed,30639_9c362687,a8a4c11ebcc1dde2,rover,lock,164.9,3.0,candidate,260,0.3939393939393939,0.09264672004294786,0.08001009804781241,0.014212451262255642,0.17299274250405,0.13884906846485373,0.007960325999988527,0,
low_speed,30639_9c362687,a8a4c11ebcc1dde2,master,lock,164.9,5.0,main,300,0.42857142857142855,0.11181899079253377,0.09782268347343197,-0.0071000498053397365,0.20015271420540018,0.1602371130326865,0.007960325999988527,0,
low_speed,30639_9c362687,a8a4c11ebcc1dde2,master,lock,164.9,5.0,candidate,300,0.42857142857142855,0.10390953297962173,0.09217147287841843,-0.0007517652333658849,0.18373531642248955,0.14369588501985725,0.007960325999988527,0,
low_speed,30639_9c362687,a8a4c11ebcc1dde2,rover,lock,164.9,5.0,main,300,0.42857142857142855,0.11062417825507502,0.09766861896724488,-0.0025700498053398135,0.19300697006148204,0.15356224668614313,0.007960325999988527,0,
low_speed,30639_9c362687,a8a4c11ebcc1dde2,rover,lock,164.9,5.0,candidate,300,0.42857142857142855,0.10303605723225089,0.09179722761672345,0.0037782347666340498,0.17530319024473742,0.13711997200830434,0.007960325999988527,0,
low_speed,30639_c31df386,70bb14d1c90f301f,master,lock,138.70000000000002,3.0,main,260,0.39334341906202724,0.10339847011842321,0.08278805594579597,0.07235543516135916,0.19389838001231474,0.1294141478284939,0.2416991319999795,0,
low_speed,30639_c31df386,70bb14d1c90f301f,master,lock,138.70000000000002,3.0,candidate,260,0.39334341906202724,0.12389494232710288,0.09339679795793726,0.08665234170168701,0.28420717175087684,0.1807173645497903,0.2416991319999795,0,
low_speed,30639_c31df386,70bb14d1c90f301f,rover,lock,138.70000000000002,3.0,main,260,0.39334341906202724,0.10438673622755784,0.08366212322766764,0.07207851208443604,0.1965983800123145,0.1303550353740505,0.2416991319999795,0,
low_speed,30639_c31df386,70bb14d1c90f301f,rover,lock,138.70000000000002,3.0,candidate,260,0.39334341906202724,0.12452483920271937,0.09363914284793742,0.08637541862476387,0.2869071717508766,0.18069637675400696,0.2416991319999795,0,
low_speed,30639_c31df386,70bb14d1c90f301f,master,lock,138.70000000000002,5.0,main,300,0.42857142857142855,0.1253492884496435,0.10461745484749528,0.09551102815535473,0.2811664842801231,0.1693024419483614,0.04169913199999087,0,
low_speed,30639_c31df386,70bb14d1c90f301f,master,lock,138.70000000000002,5.0,candidate,300,0.42857142857142855,0.15100067742407833,0.12016589469003668,0.114297758817608,0.3540934184403111,0.22326376423818592,0.04169913199999087,0,
low_speed,30639_c31df386,70bb14d1c90f301f,rover,lock,138.70000000000002,5.0,main,300,0.42857142857142855,0.12629401008984859,0.1051739863013065,0.0950710281553546,0.27906088790804057,0.1706964853227136,0.04169913199999087,0,
low_speed,30639_c31df386,70bb14d1c90f301f,rover,lock,138.70000000000002,5.0,candidate,300,0.42857142857142855,0.15171261050783313,0.12014963294253424,0.11385775881760789,0.3607292950185126,0.22415952884826837,0.04169913199999087,0,
low_speed,30639_dce52be4,70bb14d1c90f301f,master,lock,135.6,3.0,main,260,0.3945371775417299,0.12815564574045693,0.1120161838822803,0.015451039606404707,0.23118485020188526,0.19455433553326368,0.16478777800000444,0,
low_speed,30639_dce52be4,70bb14d1c90f301f,master,lock,135.6,3.0,candidate,260,0.3945371775417299,0.12824120015543536,0.11232392475806453,0.015606262102225942,0.23086607676606913,0.1948482775118911,0.16478777800000444,0,
low_speed,30639_dce52be4,70bb14d1c90f301f,rover,lock,135.6,3.0,main,260,0.3945371775417299,0.1321387269038812,0.11491920754280366,0.014212578067943186,0.24586739087022375,0.2025189709023154,0.16478777800000444,0,
low_speed,30639_dce52be4,70bb14d1c90f301f,rover,lock,135.6,3.0,candidate,260,0.3945371775417299,0.13217961419087193,0.11525482213099154,0.014367800563764428,0.2458707526777838,0.20282426826627709,0.16478777800000444,0,
low_speed,30639_dce52be4,70bb14d1c90f301f,master,lock,135.6,5.0,main,300,0.42857142857142855,0.14290003521991373,0.1259060120310728,-0.01036065970696909,0.2553979610371368,0.20596208914901082,0.014787777999998752,0,
low_speed,30639_dce52be4,70bb14d1c90f301f,master,lock,135.6,5.0,candidate,300,0.42857142857142855,0.14339301783466207,0.1265329966472596,-0.010260943578253077,0.2580093077550187,0.20679887306802647,0.014787777999998752,0,
low_speed,30639_dce52be4,70bb14d1c90f301f,rover,lock,135.6,5.0,main,300,0.42857142857142855,0.14596654381937588,0.12775041524676414,-0.010853993040302368,0.26484694796634056,0.21076573330314977,0.014787777999998752,0,
low_speed,30639_dce52be4,70bb14d1c90f301f,rover,lock,135.6,5.0,candidate,300,0.42857142857142855,0.14642899106502685,0.12840850580404573,-0.01075427691158635,0.26493866917612563,0.21160957783759926,0.014787777999998752,0,
low_speed,30639_e4379d7f,a0c46036cc19092a,master,lock,164.5,3.0,main,0,0.0,,,,,,,0,
low_speed,30639_e4379d7f,a0c46036cc19092a,master,lock,164.5,3.0,candidate,0,0.0,,,,,,,0,
low_speed,30639_e4379d7f,a0c46036cc19092a,rover,lock,164.5,3.0,main,100,0.15151515151515152,0.11968274036660849,0.09529557414384301,0.00831337385306636,0.2100402904914383,0.18793198027346106,,0,
low_speed,30639_e4379d7f,a0c46036cc19092a,rover,lock,164.5,3.0,candidate,100,0.15151515151515152,0.11674925210343484,0.09324059758611662,0.010898069370150983,0.20093642963091532,0.18242387960535192,,0,
low_speed,30639_e4379d7f,a0c46036cc19092a,master,lock,164.5,5.0,main,0,0.0,,,,,,,0,
low_speed,30639_e4379d7f,a0c46036cc19092a,master,lock,164.5,5.0,candidate,0,0.0,,,,,,,0,
low_speed,30639_e4379d7f,a0c46036cc19092a,rover,lock,164.5,5.0,main,116,0.1657142857142857,0.12267908030007216,0.10175498409025381,0.026377311860635213,0.196664658770634,0.16171339566286927,,0,
low_speed,30639_e4379d7f,a0c46036cc19092a,rover,lock,164.5,5.0,candidate,116,0.1657142857142857,0.13369793253396295,0.1095409066596858,0.04474955824282574,0.2555878717245146,0.18282323767944206,,0,
common_mode,30618_0652866c,8269991eafa82c45,master,common_bias,156.9,0.6999999999999886,main,214,0.34910277324632955,0.030451372569739735,0.02262097147056151,-0.013216759642318925,0.06321357865853416,0.06539814000435595,0.006544645999980503,0,
common_mode,30618_0652866c,8269991eafa82c45,master,common_bias,156.9,0.6999999999999886,candidate,214,0.34910277324632955,0.03196809816186415,0.023314919698277724,-0.01317905847158424,0.06873974643977022,0.06564187802794455,0.006544645999980503,0,
common_mode,30618_0652866c,8269991eafa82c45,rover,common_bias,156.9,0.6999999999999886,main,214,0.34910277324632955,0.03239533738266144,0.02617377690777261,-0.014917694221758176,0.062244239820326425,0.03175483687093479,0.006544645999980503,0,
common_mode,30618_0652866c,8269991eafa82c45,rover,common_bias,156.9,0.6999999999999886,candidate,214,0.34910277324632955,0.033932636343290266,0.026940895628088993,-0.014879993051023489,0.07129769166267888,0.03029935519515995,0.006544645999980503,0,
common_mode,30618_0652866c,8269991eafa82c45,master,common_bias,156.9,1.1999999999999886,main,224,0.3595505617977528,0.02988275603004249,0.022268389712053353,-0.011913906430227371,0.05855371384806949,0.05282301142487749,0.006544645999980503,0,
common_mode,30618_0652866c,8269991eafa82c45,master,common_bias,156.9,1.1999999999999886,candidate,224,0.3595505617977528,0.032028163403725246,0.023814927920255802,-0.012825460194097082,0.06777911107830217,0.054126887309978076,0.006544645999980503,0,
common_mode,30618_0652866c,8269991eafa82c45,rover,common_bias,156.9,1.1999999999999886,main,224,0.3595505617977528,0.03219612449652356,0.02571362491129051,-0.013869263573084514,0.06828831372487933,0.03949846268716453,0.006544645999980503,0,
common_mode,30618_0652866c,8269991eafa82c45,rover,common_bias,156.9,1.1999999999999886,candidate,224,0.3595505617977528,0.03451717215316989,0.02705136892242563,-0.014780817336954221,0.07210826552358099,0.041980291222488114,0.006544645999980503,0,
common_mode,30618_073f08d1,8269991eafa82c45,master,common_bias,127.60000000000001,0.7000000000000028,main,210,0.34146341463414637,0.0999010108673295,0.07474577733638132,-0.07462376065793772,0.21031148823981932,0.2475273370416084,0.11578216399999519,0,
common_mode,30618_073f08d1,8269991eafa82c45,master,common_bias,127.60000000000001,0.7000000000000028,candidate,210,0.34146341463414637,0.06901715583975161,0.05163538236001038,-0.049696834802615455,0.15020811543223103,0.16212516137760655,0.11578216399999519,0,
common_mode,30618_073f08d1,8269991eafa82c45,rover,common_bias,127.60000000000001,0.7000000000000028,main,184,0.2991869918699187,0.09440335436387835,0.0730220803253249,-0.07289245409183437,0.19441154315733844,0.21593545283248264,0.11578216399999519,0,
common_mode,30618_073f08d1,8269991eafa82c45,rover,common_bias,127.60000000000001,0.7000000000000028,candidate,184,0.2991869918699187,0.06142280056756997,0.04744649115143565,-0.046418371724129444,0.1293752378847958,0.1300963196466069,0.015782163999972454,0,
common_mode,30618_073f08d1,8269991eafa82c45,master,common_bias,127.60000000000001,1.2000000000000028,main,220,0.3525641025641026,0.15018442334399731,0.09583966334778812,-0.09570067645826304,0.3635712617984321,0.36956572207888216,0.11578216399999519,0,
common_mode,30618_073f08d1,8269991eafa82c45,master,common_bias,127.60000000000001,1.2000000000000028,candidate,220,0.3525641025641026,0.09718516734386515,0.06393793899910273,-0.06206620532733016,0.21782121946223415,0.23247578280485576,0.11578216399999519,0,
common_mode,30618_073f08d1,8269991eafa82c45,rover,common_bias,127.60000000000001,1.2000000000000028,main,194,0.3108974358974359,0.14755543916178074,0.09658077650197798,-0.09645783203310039,0.3583220729169799,0.33595829425397933,2.365782163999995,0,
common_mode,30618_073f08d1,8269991eafa82c45,rover,common_bias,127.60000000000001,1.2000000000000028,candidate,194,0.3108974358974359,0.09097142889211132,0.06105647056221584,-0.060187734700660044,0.20094552556296846,0.19856689353150433,2.365782163999995,0,
common_mode,30618_117c2d02,664cca45aeb0db23,master,common_bias,141.4,0.6999999999999886,main,0,0.0,,,,,,,0,
common_mode,30618_117c2d02,664cca45aeb0db23,master,common_bias,141.4,0.6999999999999886,candidate,0,0.0,,,,,,,0,
common_mode,30618_117c2d02,664cca45aeb0db23,rover,common_bias,141.4,0.6999999999999886,main,0,0.0,,,,,,,0,
common_mode,30618_117c2d02,664cca45aeb0db23,rover,common_bias,141.4,0.6999999999999886,candidate,0,0.0,,,,,,,0,
common_mode,30618_117c2d02,664cca45aeb0db23,master,common_bias,141.4,1.1999999999999886,main,0,0.0,,,,,,,0,
common_mode,30618_117c2d02,664cca45aeb0db23,master,common_bias,141.4,1.1999999999999886,candidate,0,0.0,,,,,,,0,
common_mode,30618_117c2d02,664cca45aeb0db23,rover,common_bias,141.4,1.1999999999999886,main,0,0.0,,,,,,,0,
common_mode,30618_117c2d02,664cca45aeb0db23,rover,common_bias,141.4,1.1999999999999886,candidate,0,0.0,,,,,,,0,
common_mode,30618_27e994fc,711abb923942f9fe,master,common_bias,190.10000000000002,0.6999999999999886,main,214,0.3485342019543974,0.31317395315145524,0.2489294976415219,0.22600550649617535,0.5233672072522925,0.0577324342706333,3.517499999361462e-05,0,
common_mode,30618_27e994fc,711abb923942f9fe,master,common_bias,190.10000000000002,0.6999999999999886,candidate,214,0.3485342019543974,0.31313540020081615,0.24878955297579095,0.22677797389352825,0.523243551975785,0.05563413378099008,3.517499999361462e-05,0,
common_mode,30618_27e994fc,711abb923942f9fe,rover,common_bias,190.10000000000002,0.6999999999999886,main,206,0.3355048859934853,0.31836524581650694,0.2538865193417001,0.2342489063361833,0.5287067710970963,0.05965449416011929,3.517499999361462e-05,0,
common_mode,30618_27e994fc,711abb923942f9fe,rover,common_bias,190.10000000000002,0.6999999999999886,candidate,206,0.3355048859934853,0.31833902239088346,0.253876584896435,0.2350111859246807,0.5287182656072794,0.05758492735234778,3.517499999361462e-05,0,
common_mode,30618_27e994fc,711abb923942f9fe,master,common_bias,190.10000000000002,1.1999999999999886,main,224,0.358974358974359,0.36088385528003886,0.27685321889188547,0.25790152013610884,0.6442204525594434,0.04895957205549318,3.517499999361462e-05,0,
common_mode,30618_27e994fc,711abb923942f9fe,master,common_bias,190.10000000000002,1.1999999999999886,candidate,224,0.358974358974359,0.3609770063821864,0.27655916946374826,0.2593320390155048,0.6442832270841721,0.046076150088842825,3.517499999361462e-05,0,
common_mode,30618_27e994fc,711abb923942f9fe,rover,common_bias,190.10000000000002,1.1999999999999886,main,216,0.34615384615384615,0.36765240603189253,0.2830774019947064,0.26715736860628514,0.6772438275029443,0.04826109389260298,3.517499999361462e-05,0,
common_mode,30618_27e994fc,711abb923942f9fe,rover,common_bias,190.10000000000002,1.1999999999999886,candidate,216,0.34615384615384615,0.36777740833765254,0.2830775363765317,0.2685990211124218,0.6773055699804418,0.045935187689398416,3.517499999361462e-05,0,
common_mode,30618_3e012faf,664cca45aeb0db23,master,common_bias,102.7,0.7000000000000028,main,0,0.0,,,,,,,0,
common_mode,30618_3e012faf,664cca45aeb0db23,master,common_bias,102.7,0.7000000000000028,candidate,0,0.0,,,,,,,0,
common_mode,30618_3e012faf,664cca45aeb0db23,rover,common_bias,102.7,0.7000000000000028,main,0,0.0,,,,,,,0,
common_mode,30618_3e012faf,664cca45aeb0db23,rover,common_bias,102.7,0.7000000000000028,candidate,0,0.0,,,,,,,0,
common_mode,30618_3e012faf,664cca45aeb0db23,master,common_bias,102.7,1.2000000000000028,main,0,0.0,,,,,,,0,
common_mode,30618_3e012faf,664cca45aeb0db23,master,common_bias,102.7,1.2000000000000028,candidate,0,0.0,,,,,,,0,
common_mode,30618_3e012faf,664cca45aeb0db23,rover,common_bias,102.7,1.2000000000000028,main,0,0.0,,,,,,,0,
common_mode,30618_3e012faf,664cca45aeb0db23,rover,common_bias,102.7,1.2000000000000028,candidate,0,0.0,,,,,,,0,
common_mode,30618_46e21b9b,664cca45aeb0db23,master,common_bias,141.4,0.6999999999999886,main,0,0.0,,,,,,,0,
common_mode,30618_46e21b9b,664cca45aeb0db23,master,common_bias,141.4,0.6999999999999886,candidate,0,0.0,,,,,,,0,
common_mode,30618_46e21b9b,664cca45aeb0db23,rover,common_bias,141.4,0.6999999999999886,main,0,0.0,,,,,,,0,
common_mode,30618_46e21b9b,664cca45aeb0db23,rover,common_bias,141.4,0.6999999999999886,candidate,0,0.0,,,,,,,0,
common_mode,30618_46e21b9b,664cca45aeb0db23,master,common_bias,141.4,1.1999999999999886,main,0,0.0,,,,,,,0,
common_mode,30618_46e21b9b,664cca45aeb0db23,master,common_bias,141.4,1.1999999999999886,candidate,0,0.0,,,,,,,0,
common_mode,30618_46e21b9b,664cca45aeb0db23,rover,common_bias,141.4,1.1999999999999886,main,0,0.0,,,,,,,0,
common_mode,30618_46e21b9b,664cca45aeb0db23,rover,common_bias,141.4,1.1999999999999886,candidate,0,0.0,,,,,,,0,
common_mode,30618_5036aa78,664cca45aeb0db23,master,common_bias,25.1,0.6999999999999993,main,0,0.0,,,,,,,0,
common_mode,30618_5036aa78,664cca45aeb0db23,master,common_bias,25.1,0.6999999999999993,candidate,0,0.0,,,,,,,0,
common_mode,30618_5036aa78,664cca45aeb0db23,rover,common_bias,25.1,0.6999999999999993,main,0,0.0,,,,,,,0,
common_mode,30618_5036aa78,664cca45aeb0db23,rover,common_bias,25.1,0.6999999999999993,candidate,0,0.0,,,,,,,0,
common_mode,30618_5036aa78,664cca45aeb0db23,master,common_bias,25.1,1.1999999999999993,main,0,0.0,,,,,,,0,
common_mode,30618_5036aa78,664cca45aeb0db23,master,common_bias,25.1,1.1999999999999993,candidate,0,0.0,,,,,,,0,
common_mode,30618_5036aa78,664cca45aeb0db23,rover,common_bias,25.1,1.1999999999999993,main,0,0.0,,,,,,,0,
common_mode,30618_5036aa78,664cca45aeb0db23,rover,common_bias,25.1,1.1999999999999993,candidate,0,0.0,,,,,,,0,
common_mode,30618_74559c73,664cca45aeb0db23,master,common_bias,62.800000000000004,0.7000000000000028,main,0,0.0,,,,,,,0,
common_mode,30618_74559c73,664cca45aeb0db23,master,common_bias,62.800000000000004,0.7000000000000028,candidate,0,0.0,,,,,,,0,
common_mode,30618_74559c73,664cca45aeb0db23,rover,common_bias,62.800000000000004,0.7000000000000028,main,0,0.0,,,,,,,0,
common_mode,30618_74559c73,664cca45aeb0db23,rover,common_bias,62.800000000000004,0.7000000000000028,candidate,0,0.0,,,,,,,0,
common_mode,30618_74559c73,664cca45aeb0db23,master,common_bias,62.800000000000004,1.1999999999999957,main,0,0.0,,,,,,,0,
common_mode,30618_74559c73,664cca45aeb0db23,master,common_bias,62.800000000000004,1.1999999999999957,candidate,0,0.0,,,,,,,0,
common_mode,30618_74559c73,664cca45aeb0db23,rover,common_bias,62.800000000000004,1.1999999999999957,main,0,0.0,,,,,,,0,
common_mode,30618_74559c73,664cca45aeb0db23,rover,common_bias,62.800000000000004,1.1999999999999957,candidate,0,0.0,,,,,,,0,
common_mode,30618_88548b02,711abb923942f9fe,master,common_bias,125.60000000000001,0.7000000000000028,main,210,0.34201954397394135,0.06328350858774814,0.05806749988092538,-0.058008185051231814,0.10024938960194375,0.07244160950160623,2.8616999998121173e-05,0,
common_mode,30618_88548b02,711abb923942f9fe,master,common_bias,125.60000000000001,0.7000000000000028,candidate,210,0.34201954397394135,0.06382975394300518,0.058631221649819036,-0.058579472093548204,0.10148910026054218,0.07343602644882309,2.8616999998121173e-05,0,
common_mode,30618_88548b02,711abb923942f9fe,rover,common_bias,125.60000000000001,0.7000000000000028,main,214,0.3485342019543974,0.06286121814192815,0.057391168455272014,-0.05730417421788815,0.100929979375978,0.07030154940328452,2.8616999998121173e-05,0,
common_mode,30618_88548b02,711abb923942f9fe,rover,common_bias,125.60000000000001,0.7000000000000028,candidate,214,0.3485342019543974,0.0634363498802711,0.05795885818301173,-0.05788063439154404,0.10138894734324459,0.07127612279303214,2.8616999998121173e-05,0,
common_mode,30618_88548b02,711abb923942f9fe,master,common_bias,125.60000000000001,1.2000000000000028,main,214,0.34294871794871795,0.06766168483567106,0.06221962118463211,-0.06221872874192483,0.105326598751404,0.08983866314050151,2.8616999998121173e-05,0,
common_mode,30618_88548b02,711abb923942f9fe,master,common_bias,125.60000000000001,1.2000000000000028,candidate,214,0.34294871794871795,0.0688465309819534,0.06317001656304945,-0.06317001656304945,0.10970229516372107,0.09350955933623134,2.8616999998121173e-05,0,
common_mode,30618_88548b02,711abb923942f9fe,rover,common_bias,125.60000000000001,1.2000000000000028,main,224,0.358974358974359,0.06767702995345094,0.061727504288973375,-0.061676491513739794,0.10938062299939072,0.09165584420293764,2.8616999998121173e-05,0,
common_mode,30618_88548b02,711abb923942f9fe,rover,common_bias,125.60000000000001,1.2000000000000028,candidate,224,0.358974358974359,0.06886624608122485,0.06265354202109755,-0.06260763293010863,0.11143653820278114,0.09534800651690056,2.8616999998121173e-05,0,
common_mode,30618_bcc9e7a2,664cca45aeb0db23,master,common_bias,102.7,0.7000000000000028,main,0,0.0,,,,,,,0,
common_mode,30618_bcc9e7a2,664cca45aeb0db23,master,common_bias,102.7,0.7000000000000028,candidate,0,0.0,,,,,,,0,
common_mode,30618_bcc9e7a2,664cca45aeb0db23,rover,common_bias,102.7,0.7000000000000028,main,0,0.0,,,,,,,0,
common_mode,30618_bcc9e7a2,664cca45aeb0db23,rover,common_bias,102.7,0.7000000000000028,candidate,0,0.0,,,,,,,0,
common_mode,30618_bcc9e7a2,664cca45aeb0db23,master,common_bias,102.7,1.2000000000000028,main,0,0.0,,,,,,,0,
common_mode,30618_bcc9e7a2,664cca45aeb0db23,master,common_bias,102.7,1.2000000000000028,candidate,0,0.0,,,,,,,0,
common_mode,30618_bcc9e7a2,664cca45aeb0db23,rover,common_bias,102.7,1.2000000000000028,main,0,0.0,,,,,,,0,
common_mode,30618_bcc9e7a2,664cca45aeb0db23,rover,common_bias,102.7,1.2000000000000028,candidate,0,0.0,,,,,,,0,
common_mode,30639_9c362687,a8a4c11ebcc1dde2,master,common_bias,136.0,0.6999999999999886,main,214,0.34796747967479674,0.08011374075236521,0.07450835595410124,0.07450835595410124,0.12784468641506005,0.08804961654077817,0.007980079000020623,0,
common_mode,30639_9c362687,a8a4c11ebcc1dde2,master,common_bias,136.0,0.6999999999999886,candidate,214,0.34796747967479674,0.08058618496408801,0.07504321052201687,0.07504321052201687,0.12780097008604357,0.09180185795403999,0.007980079000020623,0,
common_mode,30639_9c362687,a8a4c11ebcc1dde2,rover,common_bias,136.0,0.6999999999999886,main,214,0.34796747967479674,0.08819059555939007,0.08181209427185825,0.08181209427185825,0.13871540315103761,0.0893603101740505,0.007980079000020623,0,
common_mode,30639_9c362687,a8a4c11ebcc1dde2,rover,common_bias,136.0,0.6999999999999886,candidate,214,0.34796747967479674,0.08860597927817676,0.08234694883977388,0.08234694883977388,0.13773567883417906,0.09329865900315976,0.007980079000020623,0,
common_mode,30639_9c362687,a8a4c11ebcc1dde2,master,common_bias,136.0,1.1999999999999886,main,224,0.358974358974359,0.07763472831370798,0.07105724157898861,0.06815410029628034,0.12708264434590175,0.06872051625786546,0.007980079000020623,0,
common_mode,30639_9c362687,a8a4c11ebcc1dde2,master,common_bias,136.0,1.1999999999999886,candidate,224,0.358974358974359,0.07789000837515292,0.0710532658634015,0.06947423930558658,0.12729094727744136,0.07161797849834321,0.007980079000020623,0,
common_mode,30639_9c362687,a8a4c11ebcc1dde2,rover,common_bias,136.0,1.1999999999999886,main,224,0.358974358974359,0.08501030654171518,0.07747119185990162,0.07536392172485176,0.13712852831181202,0.07119838126818671,0.007980079000020623,0,
common_mode,30639_9c362687,a8a4c11ebcc1dde2,rover,common_bias,136.0,1.1999999999999886,candidate,224,0.358974358974359,0.08530458882153079,0.07773657406828034,0.076684060734158,0.13582446532173317,0.07389184074025765,0.007980079000020623,0,
common_mode,30639_c31df386,70bb14d1c90f301f,master,common_bias,142.4,0.6999999999999886,main,214,0.3485342019543974,0.09648539961145805,0.08764326308426462,0.06867949171427071,0.13935607416965165,0.11633075723432958,0.04167189599999688,0,
common_mode,30639_c31df386,70bb14d1c90f301f,master,common_bias,142.4,0.6999999999999886,candidate,214,0.3485342019543974,0.09751775043206254,0.08852390025043182,0.06842069437415645,0.1427034768407603,0.12367630573413467,0.04167189599999688,0,
common_mode,30639_c31df386,70bb14d1c90f301f,rover,common_bias,142.4,0.6999999999999886,main,214,0.3485342019543974,0.09729802115261549,0.08843842510134713,0.06869351040585936,0.15103051234675594,0.11928734939992217,0.04167189599999688,0,
common_mode,30639_c31df386,70bb14d1c90f301f,rover,common_bias,142.4,0.6999999999999886,candidate,214,0.3485342019543974,0.09832264004605318,0.08932704321608896,0.06843471306574511,0.1502477809226768,0.12665232996883577,0.14167189600001961,0,
common_mode,30639_c31df386,70bb14d1c90f301f,master,common_bias,142.4,1.1999999999999886,main,224,0.358974358974359,0.10930861742663989,0.09810749263135898,0.05700126289093198,0.18245635344540312,0.17156192957575112,0.14167189600001961,0,
common_mode,30639_c31df386,70bb14d1c90f301f,master,common_bias,142.4,1.1999999999999886,candidate,224,0.358974358974359,0.11143211510068882,0.09940515280334768,0.0559240155061469,0.1957045964612046,0.18229337749324104,0.14167189600001961,0,
common_mode,30639_c31df386,70bb14d1c90f301f,rover,common_bias,142.4,1.1999999999999886,main,224,0.358974358974359,0.11014256533105686,0.09876342410206575,0.056782512890931836,0.1816062225511223,0.17311595808078561,0.14167189600001961,0,
common_mode,30639_c31df386,70bb14d1c90f301f,rover,common_bias,142.4,1.1999999999999886,candidate,224,0.358974358974359,0.11227206541346456,0.10005571029608738,0.05570526550614676,0.19207948604392538,0.1838049517179359,0.14167189600001961,0,
common_mode,30639_dce52be4,70bb14d1c90f301f,master,common_bias,114.9,0.7000000000000028,main,214,0.3485342019543974,0.06849651940561985,0.05861339456668267,0.053748157280609506,0.12401503919456588,0.09616335801800338,0.014843622999990203,0,
common_mode,30639_dce52be4,70bb14d1c90f301f,master,common_bias,114.9,0.7000000000000028,candidate,214,0.3485342019543974,0.06854202182580899,0.058632647258245796,0.0535300353971292,0.12300649991102257,0.09556703329006111,0.014843622999990203,0,
common_mode,30639_dce52be4,70bb14d1c90f301f,rover,common_bias,114.9,0.7000000000000028,main,214,0.3485342019543974,0.06645797382765863,0.05510623605120313,0.04940236288808613,0.12073209128070327,0.09827672903020326,0.014843622999990203,0,
common_mode,30639_dce52be4,70bb14d1c90f301f,rover,common_bias,114.9,0.7000000000000028,candidate,214,0.3485342019543974,0.0665529678926913,0.05512729345987612,0.04918424100460585,0.12248052789077128,0.09768907986443504,0.014843622999990203,0,
common_mode,30639_dce52be4,70bb14d1c90f301f,master,common_bias,114.9,1.2000000000000028,main,224,0.358974358974359,0.0677681522003046,0.05703204674323871,0.04589898854061742,0.12495614711357228,0.08424585581930806,0.014843622999990203,0,
common_mode,30639_dce52be4,70bb14d1c90f301f,master,common_bias,114.9,1.2000000000000028,candidate,224,0.358974358974359,0.06852032647820344,0.05736702573143907,0.044956831304005594,0.12497227681111837,0.0860911394519161,0.014843622999990203,0,
common_mode,30639_dce52be4,70bb14d1c90f301f,rover,common_bias,114.9,1.2000000000000028,main,224,0.358974358974359,0.06549317416485649,0.05352173281205809,0.04150613139776028,0.12016077024765348,0.08305137931755827,0.014843622999990203,0,
common_mode,30639_dce52be4,70bb14d1c90f301f,rover,common_bias,114.9,1.2000000000000028,candidate,224,0.358974358974359,0.06638077267211959,0.05404064444105775,0.04056397416114845,0.12550781518924964,0.08507703235466382,0.014843622999990203,0,
common_mode,30639_e4379d7f,a0c46036cc19092a,master,common_bias,165.5,0.6999999999999886,main,0,0.0,,,,,,,0,
common_mode,30639_e4379d7f,a0c46036cc19092a,master,common_bias,165.5,0.6999999999999886,candidate,0,0.0,,,,,,,0,
common_mode,30639_e4379d7f,a0c46036cc19092a,rover,common_bias,165.5,0.6999999999999886,main,82,0.13355048859934854,0.08501218857080958,0.0664098247947283,0.0374661491845903,0.1639177418828671,0.034210231864872154,,0,
common_mode,30639_e4379d7f,a0c46036cc19092a,rover,common_bias,165.5,0.6999999999999886,candidate,82,0.13355048859934854,0.08540779144258857,0.0670731583457116,0.03834327607576344,0.16963077840138457,0.03377425238284896,,0,
common_mode,30639_e4379d7f,a0c46036cc19092a,master,common_bias,165.5,1.1999999999999886,main,0,0.0,,,,,,,0,
common_mode,30639_e4379d7f,a0c46036cc19092a,master,common_bias,165.5,1.1999999999999886,candidate,0,0.0,,,,,,,0,
common_mode,30639_e4379d7f,a0c46036cc19092a,rover,common_bias,165.5,1.1999999999999886,main,86,0.13782051282051283,0.08639699384820808,0.07117569665571755,0.04158670571502438,0.16030736887644004,0.10361312045378711,,0,
common_mode,30639_e4379d7f,a0c46036cc19092a,rover,common_bias,165.5,1.1999999999999886,candidate,86,0.13782051282051283,0.08669647695204355,0.07165970914313785,0.04271661060233352,0.16264916901910198,0.10088582588877737,,0,
